
--- Date: 2026-04-03 (Fri Apr 2026) RTZ 2 (зима) UTC+03:00

22:23:53.895         | //////////////////////////////////////////////////////////////////////////////
22:23:53.895         | //
22:23:53.895         | // Build: StarConflict 1.14.06.166065 (Mar 30 2026 18:38:49)
22:23:53.895         | // params: --no-relaunch -nosteam
22:23:53.895         | //
22:23:53.895         | //////////////////////////////////////////////////////////////////////////////
22:23:53.895         | 
22:23:53.978         | Using d3d9ex device
22:23:58.162         | Try to setup resolution 2560x1440 2560x1440 2
22:23:58.194         | Video device: NVIDIA GeForce RTX 4070 Ti
22:23:58.549         | Client language: RUSSIAN
22:23:58.658         | Number of audio devices: 4
22:23:58.658         |  Audio device 0: 0CH=8:8 (Arctis Nova Pro Wireless)
22:23:58.663         | 	Sound caps: OUTPUT_FORMAT_PCM8 OUTPUT_FORMAT_PCM16 OUTPUT_FORMAT_PCM24 OUTPUT_FORMAT_PCM32 OUTPUT_FORMAT_PCMFLOAT 
22:23:58.663         | 	Speaker mode: STEREO
22:23:58.663         |  Audio device 1: CABLE Input (VB-Audio Virtual Cable)
22:23:58.664         | 	Sound caps: OUTPUT_FORMAT_PCM8 OUTPUT_FORMAT_PCM16 OUTPUT_FORMAT_PCM24 OUTPUT_FORMAT_PCM32 OUTPUT_FORMAT_PCMFLOAT 
22:23:58.664         | 	Speaker mode: STEREO
22:23:58.664         |  Audio device 2: Realtek Digital Output (Realtek(R) Audio)
22:23:58.668         | 	Sound caps: OUTPUT_MULTICHANNEL OUTPUT_FORMAT_PCM8 OUTPUT_FORMAT_PCM16 OUTPUT_FORMAT_PCM24 OUTPUT_FORMAT_PCM32 OUTPUT_FORMAT_PCMFLOAT 
22:23:58.668         | 	Speaker mode: 7POINT1
22:23:58.668         |  Audio device 3: Q27G2G3R3B (NVIDIA High Definition Audio)
22:23:58.673         | 	Sound caps: OUTPUT_FORMAT_PCM8 OUTPUT_FORMAT_PCM16 OUTPUT_FORMAT_PCM24 OUTPUT_FORMAT_PCM32 OUTPUT_FORMAT_PCMFLOAT 
22:23:58.673         | 	Speaker mode: STEREO
22:23:58.673         | Number of recording audio devices: 5
22:23:58.673         |  Recording audio device 0: 8:@>D>= (Fifine K658  Microphone)
22:23:58.673         |  Recording audio device 1: CABLE Output (VB-Audio Virtual Cable)
22:23:58.673         |  Recording audio device 2: 8:@>D>= (e2eSoft iVCam)
22:23:58.673         |  Recording audio device 3: 8:@>D>= (Arctis Nova Pro Wireless)
22:23:58.673         |  Recording audio device 4: Microphone (Camo)
22:23:58.675         | Speaker mode: STEREO
22:24:02.362  WARNING| Could not load ship specularity texture levels\envsettings\default\ship_specularity.dds, used level specularity texture
22:24:02.362  WARNING| Could not load ship irradiance texture levels\envsettings\default\ship_irradiance.dds, used level irradiance texture
22:24:02.362         | Environment setting 'default' loaded
22:24:02.364         | AutogenManager::InitFromLua(): autogen data is loaded successfull
22:24:02.364         | BattlePass::ReadDescFromLua(): BattlePass desc loaded successfully
22:24:02.382         | Entity Defs hash A4A197F9. calculated in 3.45 ms
22:24:02.385         | BnRandCaller succeeded
22:24:02.398         | ReplayManager: stopping activity due to map change
22:24:02.404         | Peak models: 314
22:24:02.404         | Peak geometries: 52. Cur geometries: 52
22:24:02.476         | ====== starting level: 'levels/mainmenu/mainmenu'  ======
22:24:02.524         | Remove autogen defs
22:24:02.524         | Remove autogen defs
22:24:02.529  WARNING| Could not load ship specularity texture levels\envsettings\mainmenu\ship_specularity.dds, used level specularity texture
22:24:02.529  WARNING| Could not load ship irradiance texture levels\envsettings\mainmenu\ship_irradiance.dds, used level irradiance texture
22:24:02.529         | Environment setting 'mainmenu' loaded
22:24:03.874         | MasterServer_RequestServerStatus
22:24:03.874         | MasterServer_RequestServerVersion
22:24:03.874         | MasterServer_RequestNewsFeed
22:24:03.874         | MasterServer_RequestServerAddresess
22:24:03.874         | Requesting web advert ...
22:24:03.888         | ====== level started:  'levels/mainmenu/mainmenu' success ======
22:24:04.208         | MasterServer_OnServerStatus: status code 0, server status 1
22:24:04.208         | MasterServer_OnServerVersion: status code 0, version 1.14.06.166065
, my version is 1.14.06.166065
22:24:04.208         | MasterServer_OnServerAddresess: status code 0
22:24:04.208         | MasterServer_OnWebAdvertisement: status code 0
22:24:04.208         | MasterServer_OnWebAdvertisement: loading image 0/0 from cache...
22:24:04.210         | MasterServer_OnWebAdvertImage: status code 0
22:24:04.217         | MasterServer_OnWebAdvertisement: loading image 1/0 from cache...
22:24:04.217         | MasterServer_OnWebAdvertImage: status code 0
22:24:04.233         | MasterServer_OnWebAdvertisement: loading image 2/0 from cache...
22:24:04.233         | MasterServer_OnWebAdvertImage: status code 0
22:24:04.246         | MasterServer_OnWebAdvertisement: loading image 3/0 from cache...
22:24:04.247         | MasterServer_OnWebAdvertImage: status code 0
22:24:04.259         | MasterServer_OnWebAdvertisement: loading image 4/0 from cache...
22:24:04.259         | MasterServer_OnWebAdvertImage: status code 0
22:24:04.263         | Finalizing WebAd image fetching.
22:24:04.714         | MasterServer_OnNewsFeed: status code 0
22:24:05.835         | MasterServerEndpoint: connecting to load balancer at 185.253.20.238:3801 [0]...
22:24:05.854         | MasterServerEndpoint: connected to load balancer 185.253.20.238:3801, awaiting shard address...
22:24:05.871         | Applying LB cvars...
22:24:05.871         | 'mss_playerBoughtVesselAdCooldown' <- '20.000'
22:24:05.871         | 'clan_shipBuildHighRanks' <- '3.000'
22:24:05.871         | 'sv_dailyWinPvpExpRewardCf' <- '3.000'
22:24:05.871         | 'sv_dailyWinCoopExpRewardCf' <- '3.000'
22:24:05.871         | 'event_halloween' <- '0.000'
22:24:05.871         | 'event_claws' <- '1.000'
22:24:05.871         | 'sv_dailyWinPveExpRewardCf' <- '3.000'
22:24:05.871         | 'clan_shipUpgradeCanBuild' <- '3.000'
22:24:05.871         | 'clan_shipPartsCanBuild' <- '4.000'
22:24:05.871         | 'mss_playerBoughtVesselAdLoBrace' <- '-4.000'
22:24:05.871         | 'sv_dailyWinBrawlExpRewardCf' <- '3.000'
22:24:05.871         | 'cl_showBiomorphsKilledCounter' <- '0.000'
22:24:05.871         | 'mss_playerBoughtVesselAdHiBrace' <- '4.000'
22:24:05.871         | m3d::mss::MasterServerEndpoint::OnMessageClient(): received shard address: (23.111.211.206:3802)
22:24:05.871         | m3d::mss::MasterServerEndpoint::OnMessageClient(): received shard address: (185.253.20.238:3802)
22:24:05.871         | m3d::mss::MasterServerEndpoint::OnMessageClient(): received chat server address (23.111.211.206:3815)
22:24:05.871         | m3d::mss::MasterServerEndpoint::ConnectNextShard(): 2 - try establish connect with shard: 23.111.211.206:3802
22:24:05.871         | disconnected from masterServer with reason 0
22:24:05.871         | Disconnecting from load balancer
22:24:05.878         | MasterServerEndpoint: connected to shard 23.111.211.206:3802, awaiting auth request...
22:24:05.995         | Profile 'Pavel' saved successfully in 'c:\users\pavel\documents\my games\starconflict\profiles\0001.prfl'
22:24:06.000  WARNING| frame 364 gameGlobals.frameTimeReal is too large (0.107035)
22:24:07.225         | MasterServerEndpoint: Successfully login to masterServer, uid 2516405, nick Mo4e3aBp, spaceStationZoneId 231
22:24:07.553         | ShipPresetsRead: ship presets are successfully read from C:\Users\Pavel\Documents\My Games\StarConflict\ship_presets\ship_presets_2516405.shpr
22:24:07.555         | MasterServerEndpoint::UserNotesReadFromFile: user notes are successfully read from C:\Users\Pavel\Documents\My Games\StarConflict\user_notes\user_notes_2516405.usnt
22:24:07.573         | StoreSvc: received store hash, its 95feea96
22:24:07.573         | StoreSvc: loading store cache
22:24:07.575         | StoreSvc: cache signature matches, loading the store from cache
22:24:07.575         | Game store size : 1127.13477 Kb
22:24:07.580         | StoreSvc: loading base store took 5.6 ms, but there is a patch probs...
22:24:07.588         | Store patch size : 0.66602 Kb
22:24:07.588         | Game store was packed, unpacked size : 1.33984 Kb
22:24:07.588         | StoreSvc: proceeding to special values loading...
22:24:07.697  WARNING| m_bufferizedUICalls delivery took 19.3 ms
22:24:07.768  WARNING| m_bufferizedUICalls delivery took 8.8 ms
22:24:08.004  WARNING| m_bufferizedUICalls delivery took 14.8 ms
22:24:08.018         | AC_LOAD_INITIAL_PLAYER_DATA - reward schedule is:
22:24:08.018         | {
22:24:08.018         | 	"0":
22:24:08.018         | 	{
22:24:08.018         | 		"1":
22:24:08.018         | 		{
22:24:08.018         | 			"goldReward": 10.000
22:24:08.018         | 			"hourBegin": 13.000
22:24:08.018         | 			"hourEnd": 24.000
22:24:08.018         | 		}
22:24:08.018         | 	}
22:24:08.018         | 	"1":
22:24:08.018         | 	{
22:24:08.018         | 		"1":
22:24:08.018         | 		{
22:24:08.018         | 			"goldReward": 10.000
22:24:08.018         | 			"hourBegin": 0.000
22:24:08.018         | 			"hourEnd": 1.000
22:24:08.018         | 		}
22:24:08.018         | 	}
22:24:08.018         | }
22:24:08.018         | AC_LOAD_INITIAL_PLAYER_DATA - pve scheduled levels are:
22:24:08.018         | {
22:24:08.018         | 	"0": pve_magnificent_seven
22:24:08.018         | 	"1": s1550_pve_capture_repairbase
22:24:08.018         | 	"2": pve_jericho_base
22:24:08.018         | }
22:24:08.020  WARNING| script (ui\scripts\public\uipublic.lua@0): UI:MasterServer_OnPveScheduledLevels levels:
22:24:08.671  WARNING| script (ui\scripts\work\uigamefuncs.lua@0): UI:UpdateServerData_OnUserProfileUpdate: atlas update
22:24:09.008  WARNING| m_bufferizedUICalls delivery took 7.7 ms
22:24:10.556         | ReplayManager: stopping activity due to map change
22:24:10.558         | Peak entities: 197
22:24:10.558         | Peak models: 331
22:24:10.558         | Peak geometries: 475. Cur geometries: 366
22:24:10.619         | ====== starting level: 'levels\mainmenu\mm_alidium'  ======
22:24:10.664         | Remove autogen defs
22:24:10.664         | Remove autogen defs
22:24:10.672         | Environment setting 'mm_alidium' loaded
22:24:11.126         | Successfuly saved userdata (ver:164206) to server
22:24:11.184         | ====== level started:  'levels\mainmenu\mm_alidium' success ======
22:24:11.206  WARNING| m_bufferizedUICalls delivery took 20.8 ms
22:24:11.512         | Successfuly saved userdata (ver:164207) to server
22:24:11.554  WARNING| frame 1180 gameGlobals.frameTimeReal is too large (0.296011)
22:24:16.034  WARNING| script (ui\scripts\work\uigamefuncs.lua@0): UI:GetLetterById()[ERROR]: invalid type of the 1-st parameter ("letterId"); "userdata" expected, got "number"
22:24:16.070         | Successfuly saved userdata (ver:164208) to server
22:24:16.139         | Successfuly saved userdata (ver:164209) to server
22:24:17.921         | Completed quest 579
22:24:17.921         | Added offered quest 581
22:24:17.951  WARNING| m_bufferizedUICalls delivery took 30.4 ms
22:24:17.954         | Completed quest 512
22:24:18.021  WARNING| m_bufferizedUICalls delivery took 66.8 ms
22:24:18.405         | Successfuly saved userdata (ver:164210) to server
22:24:18.454         | Successfuly saved userdata (ver:164211) to server
22:24:18.597  WARNING| script (ui\scripts\work\uigamefuncs.lua@0): UI:UpdateServerData_OnUserProfileUpdate: atlas update
22:24:18.612  WARNING| m_bufferizedUICalls delivery took 15.4 ms
22:24:18.665         | Successfuly saved userdata (ver:164212) to server
22:24:18.737         | Successfuly saved userdata (ver:164213) to server
22:24:19.100         | Added offered quest 454
22:24:19.100         | Accepted quest 454 with stage 0 and progress 0
22:24:19.115  WARNING| m_bufferizedUICalls delivery took 15.4 ms
22:24:19.706         | Added offered quest 576
22:24:19.706         | Accepted quest 576 with stage 0 and progress 0
22:24:19.724  WARNING| m_bufferizedUICalls delivery took 17.4 ms
22:24:20.155         | Accepted quest 581 with stage 0 and progress 0
22:24:20.170  WARNING| m_bufferizedUICalls delivery took 15.7 ms
22:24:20.326         | Accepted quest 587 with stage 0 and progress 0
22:24:20.342  WARNING| m_bufferizedUICalls delivery took 15.4 ms
22:24:37.947         | SocialList: ignore 1000550 removed
22:24:40.904         | Player 3JIEKTPOTATAP (#1000550) has joined to squad
22:24:53.915         | Player 3JIEKTPOTATAP (#1000550) has joined to squad
22:25:21.076  WARNING| script (ui\scripts\windows\hangarwnd.lua@0): UI.HangarWnd:HideOverlayWindows()[WARNING]: not all overlay windows hided; last window is "AlienShipCraftWnd"
22:25:30.895         | Craft: Item AlienCompositeAlloy created
22:25:30.913  WARNING| m_bufferizedUICalls delivery took 17.1 ms
22:25:30.960         | Successfuly saved userdata (ver:164214) to server
22:25:31.029         | Successfuly saved userdata (ver:164215) to server
22:25:31.881  WARNING| script (ui\scripts\windows\hangarwnd.lua@0): UI.HangarWnd:HideOverlayWindows()[WARNING]: not all overlay windows hided; last window is "AlienShipCraftWnd"
22:25:36.000         | Craft: Item Lightweight_Plates_ScoutCabine created
22:25:36.016  WARNING| m_bufferizedUICalls delivery took 15.6 ms
22:25:40.022  WARNING| script (ui\scripts\windows\hangarwnd.lua@0): UI.HangarWnd:HideOverlayWindows()[WARNING]: not all overlay windows hided; last window is "AlienShipCraftWnd"
22:25:42.085  WARNING| script (ui\scripts\windows\hangarwnd.lua@0): UI.HangarWnd:HideOverlayWindows()[WARNING]: not all overlay windows hided; last window is "AlienShipCraftWnd"
22:25:44.359  WARNING| script (ui\scripts\windows\hangarwnd.lua@0): UI.HangarWnd:HideOverlayWindows()[WARNING]: not all overlay windows hided; last window is "AlienShipCraftWnd"
22:25:51.906         | Craft: Item Explosion created
22:25:51.921  WARNING| m_bufferizedUICalls delivery took 16.1 ms
22:25:51.968         | Successfuly saved userdata (ver:164216) to server
22:25:52.025         | Successfuly saved userdata (ver:164217) to server
22:26:06.936         | Craft: Item Iridium_plate created
22:26:06.961  WARNING| m_bufferizedUICalls delivery took 23.9 ms
22:26:07.016         | Successfuly saved userdata (ver:164218) to server
22:26:07.068         | Successfuly saved userdata (ver:164219) to server
22:26:10.146         | Craft: Item AlienCompositeAlloy created
22:26:10.163  WARNING| m_bufferizedUICalls delivery took 17.0 ms
22:26:10.229         | Successfuly saved userdata (ver:164220) to server
22:26:10.285         | Successfuly saved userdata (ver:164221) to server
22:26:21.125  WARNING| m_bufferizedUICalls delivery took 18.1 ms
22:26:21.158         | Successfuly saved userdata (ver:164222) to server
22:26:21.232         | Successfuly saved userdata (ver:164223) to server
22:26:24.395         | Craft: Item FormPattern_Alien_Scout created
22:26:24.412  WARNING| m_bufferizedUICalls delivery took 17.2 ms
22:26:25.897  WARNING| script (ui\scripts\windows\hangarwnd.lua@0): UI.HangarWnd:HideOverlayWindows()[WARNING]: not all overlay windows hided; last window is "AlienShipCraftWnd"
22:26:34.673  WARNING| m_bufferizedUICalls delivery took 12.5 ms
22:26:34.676         | Successfuly saved userdata (ver:164224) to server
22:26:34.748         | Successfuly saved userdata (ver:164225) to server
22:26:35.785         | Profile 'Pavel' saved successfully in 'c:\users\pavel\documents\my games\starconflict\profiles\0001.prfl'
22:26:41.701         | {
22:26:41.701         | 	"arcade": 1.000
22:26:41.701         | 	"region": 1.000
22:26:41.701         | }
22:26:42.497         | MasterServerEndpoint: enter matchmaking queue
22:26:42.497  WARNING| script (ui\scripts\public\uipublic.lua@0): ^5UI:MasterServer_OnEnterMMQueue
22:26:42.506  WARNING| m_bufferizedUICalls delivery took 9.6 ms
22:26:46.163  WARNING| script (ui\scripts\windows\hangarwnd.lua@0): UI.HangarWnd:HideOverlayWindows()[WARNING]: not all overlay windows hided; last window is "AlienShipCraftWnd"
22:26:53.855         | Craft: Item AlienCompositeAlloy created
22:26:53.873  WARNING| m_bufferizedUICalls delivery took 17.3 ms
22:26:53.923         | Successfuly saved userdata (ver:164226) to server
22:26:53.993         | Successfuly saved userdata (ver:164227) to server
22:27:02.780  WARNING| m_bufferizedUICalls delivery took 11.3 ms
22:27:02.800         | Successfuly saved userdata (ver:164228) to server
22:27:02.873         | Successfuly saved userdata (ver:164229) to server
22:27:05.973         | Craft: Item Control_Interface_ScoutCabine created
22:27:06.000  WARNING| m_bufferizedUICalls delivery took 26.3 ms
22:27:07.837  WARNING| script (ui\scripts\windows\hangarwnd.lua@0): UI.HangarWnd:HideOverlayWindows()[WARNING]: not all overlay windows hided; last window is "AlienShipCraftWnd"
22:27:16.131  WARNING| script (ui\scripts\windows\hangarwnd.lua@0): UI.HangarWnd:HideOverlayWindows()[WARNING]: not all overlay windows hided; last window is "AlienShipCraftWnd"
22:27:24.034         | Profile 'Pavel' saved successfully in 'c:\users\pavel\documents\my games\starconflict\profiles\0001.prfl'
22:34:10.175         | SN_PLAYER_BOUGHT_PREMIUM_VESSEL: filtered due to notificationRank = 3 and myRank = 17
22:34:55.221         | MasterServerEndpoint: leave matchmaking queue ( but will join the game soon )
22:34:57.610         | nextRecheckOnDSFailure 1079.897, vid 30471651
22:34:57.610         | nextRecheckOnDSFailure 1079.897, vid 30738231
22:34:57.610         | nextRecheckOnDSFailure 1079.897, vid 33052865
22:34:57.610         | nextRecheckOnDSFailure 1079.897, vid 33744338
22:34:57.672  WARNING| m_bufferizedUICalls delivery took 62.0 ms
22:34:58.730         | MasterServerSession: connect to dedicated server, session 54013661, at addr 23.111.211.207|35018
22:34:58.770         | client: start connecting to 23.111.211.207|35018...
22:34:58.807         | client: connected to 23.111.211.207|35018, MTU 1492. setting up session...
22:34:58.884         | client. send version check message (2097 bytes)
22:34:59.005         | client. got onConnect init message. total 55563 bytes
22:34:59.007         | Peak entities: 1275
22:34:59.007         | Peak models: 476
22:34:59.010         | Peak geometries: 1144. Cur geometries: 366
22:34:59.106         | Remove autogen defs
22:34:59.109         | client: ADD_PLAYER 0 (Mo4e3aBp [LuX], 2516405) status 1 team 1 group 5588032
22:34:59.109         | client: ADD_PLAYER 1 (RoyalLace [], 3758079) status 2 team 2 group 5588007
22:34:59.109         | client: ADD_PLAYER 2 (3JIEKTPOTATAP [LuX], 1000550) status 6 team 1 group 5588032
22:34:59.109         | client: ADD_PLAYER 3 (AlexWein [], 3729347) status 6 team 2 group 5588007
22:34:59.109         | client: ADD_PLAYER 4 (LilMorty [], 1465016) status 6 team 1
22:34:59.109         | client: ADD_PLAYER 5 (Muxomor [VIP], 2843569) status 2 team 2
22:34:59.109         | client: server assigned id 0
22:34:59.109         | client: got level load message 's1340_aliendestsatation'
22:34:59.118         | ReplayManager: stopping activity due to map change
22:34:59.135         | Peak geometries: 0. Cur geometries: 366
22:34:59.222         | ====== starting level: 'levels\area2\s1340_aliendestsatation' BombTheBase client ======
22:34:59.313         | Remove autogen defs
22:34:59.517  WARNING| Async queue overflow
22:34:59.588         | Resume async queue pushing
22:34:59.607  WARNING| Async queue overflow
22:34:59.645         | Resume async queue pushing
22:34:59.678  WARNING| Async queue overflow
22:34:59.753         | Resume async queue pushing
22:34:59.783  WARNING| Async queue overflow
22:34:59.898         | Resume async queue pushing
22:34:59.924  WARNING| Async queue overflow
22:35:00.001         | Resume async queue pushing
22:35:00.027  WARNING| Async queue overflow
22:35:00.103         | Resume async queue pushing
22:35:00.141  WARNING| Async queue overflow
22:35:00.179         | Resume async queue pushing
22:35:00.235  WARNING| Async queue overflow
22:35:00.272         | Resume async queue pushing
22:35:00.344  WARNING| Async queue overflow
22:35:00.383         | Resume async queue pushing
22:35:00.403  WARNING| Async queue overflow
22:35:00.480         | Resume async queue pushing
22:35:00.505  WARNING| Async queue overflow
22:35:00.579         | Resume async queue pushing
22:35:00.627  WARNING| Could not load ship specularity texture levels\area2\s1340_aliendestsatation\ship_specularity0.dds, used level specularity texture
22:35:00.627  WARNING| Could not load ship irradiance texture levels\area2\s1340_aliendestsatation\ship_irradiance0.dds, used level irradiance texture
22:35:00.627         | Environment setting 's1340_aliendestsatation' loaded
22:35:00.714         | client: send ready message
22:35:00.779         | Remove autogen defs
22:35:00.779         | Added def: Module_Autogen_6423657363, idx: 25869, total: 1
22:35:00.779         | Added def: Module_Autogen_6344713946, idx: 25870, total: 2
22:35:00.779         | Added def: Module_Autogen_3168224359, idx: 25871, total: 3
22:35:00.779         | Added spell def: Spell_AG_SpawnBonus_Damage_Autogen_7502
22:35:00.779         | Added spell def: Spell_AG_GhostShield_Autogen_7503
22:35:00.779         | Added def: Module_Autogen_6316896191, idx: 25872, total: 4
22:35:00.779         | Added def: Module_Autogen_6338276077, idx: 25873, total: 5
22:35:00.779         | Added def: Module_Autogen_6338781818, idx: 25874, total: 6
22:35:00.779         | Added def: Module_Autogen_6747764847, idx: 25875, total: 7
22:35:00.779         | Added def: Module_Autogen_6764812271, idx: 25876, total: 8
22:35:00.779         | Added def: Module_Autogen_7510626001, idx: 25877, total: 9
22:35:00.779         | Added spell def: Spell_AG_GhostShield_Autogen_7504
22:35:00.779         | Added def: Module_Autogen_7056970184, idx: 25878, total: 10
22:35:00.779         | Added spell def: Spell_AG_SpawnBonus_Shield_Autogen_7505
22:35:00.779         | Added spell def: Spell_AG_SecondShield_Autogen_7506
22:35:00.779         | Added def: Module_Autogen_7334786394, idx: 25879, total: 11
22:35:00.779         | Added def: Module_Autogen_7693836451, idx: 25880, total: 12
22:35:00.779         | Added def: Module_Autogen_1829915217, idx: 25881, total: 13
22:35:00.779         | Added def: Module_Autogen_2163709652, idx: 25882, total: 14
22:35:00.779         | Added def: Module_Autogen_2326629304, idx: 25883, total: 15
22:35:00.779         | Added def: Module_Autogen_488968459, idx: 25884, total: 16
22:35:00.779         | Added def: Module_Autogen_1909111716, idx: 25885, total: 17
22:35:00.779         | Added def: Module_Autogen_6359450560, idx: 25886, total: 18
22:35:00.779         | Added def: Module_Autogen_4946001249, idx: 25887, total: 19
22:35:00.779         | Added def: Module_Autogen_5029027955, idx: 25888, total: 20
22:35:00.779         | Added def: Module_Autogen_3955552247, idx: 25889, total: 21
22:35:00.779         | Added def: Module_Autogen_3414660250, idx: 25890, total: 22
22:35:00.779         | Added def: Module_Autogen_3043995625, idx: 25891, total: 23
22:35:00.779         | Added def: Module_Autogen_2645748466, idx: 25892, total: 24
22:35:00.779         | Added def: Module_Autogen_5029027909, idx: 25893, total: 25
22:35:00.779         | Added def: Module_Autogen_2328355817, idx: 25894, total: 26
22:35:00.779         | Added def: Module_Autogen_1829915231, idx: 25895, total: 27
22:35:00.779         | Added def: Module_Autogen_5400955649, idx: 25896, total: 28
22:35:00.779         | Added def: Module_Autogen_4094136297, idx: 25897, total: 29
22:35:00.779         | Added def: Module_Autogen_3705738435, idx: 25898, total: 30
22:35:00.779         | Added def: Module_Autogen_3705966140, idx: 25899, total: 31
22:35:00.779         | Added def: Module_Autogen_3599582890, idx: 25900, total: 32
22:35:00.779         | Added def: Module_Autogen_2232633192, idx: 25901, total: 33
22:35:00.779         | Added def: Module_Autogen_2367641416, idx: 25902, total: 34
22:35:00.779         | Added def: Module_Autogen_2703489317, idx: 25903, total: 35
22:35:00.779         | Added def: Module_Autogen_2689235013, idx: 25904, total: 36
22:35:00.779         | Added def: Module_Autogen_2665176800, idx: 25905, total: 37
22:35:00.779         | Added def: Module_Autogen_3705738430, idx: 25906, total: 38
22:35:00.779         | Added def: Module_Autogen_3855317008, idx: 25907, total: 39
22:35:00.779         | Added def: Module_Autogen_3728155527, idx: 25908, total: 40
22:35:00.779         | Added def: Module_Autogen_3740024526, idx: 25909, total: 41
22:35:00.779         | Added def: Module_Autogen_3864340621, idx: 25910, total: 42
22:35:00.780         | Added def: Module_Autogen_3520001039, idx: 25911, total: 43
22:35:00.780         | Added def: Module_Autogen_3652886825, idx: 25912, total: 44
22:35:00.780         | Added def: Module_Autogen_4053700243, idx: 25913, total: 45
22:35:00.780         | Added def: Module_Autogen_3547668060, idx: 25914, total: 46
22:35:00.780         | Added def: Module_Autogen_2665176895, idx: 25915, total: 47
22:35:00.780         | Added def: Module_Autogen_2221481292, idx: 25916, total: 48
22:35:00.780         | Added spell def: Spell_AG_DynamicShield_Autogen_7507
22:35:00.780         | Added spell def: Spell_AG_ResistShieldDec_Autogen_7508
22:35:00.780         | Added def: Module_Autogen_6826484477, idx: 25917, total: 49
22:35:00.780         | Added spell def: Spell_AG_DamageToHeal_Emp_Autogen_7509
22:35:00.780         | Added spell def: Spell_AG_ResistShieldDec_Autogen_7510
22:35:00.780         | Added def: Module_Autogen_5445307246, idx: 25918, total: 50
22:35:00.780         | Added spell def: Spell_AG_ShieldVampire_Autogen_7511
22:35:00.780         | Added spell def: Spell_AG_SpawnBonus_Heal_Autogen_7512
22:35:00.780         | Added def: Module_Autogen_3793227152, idx: 25919, total: 51
22:35:00.780         | Added spell def: Spell_AG_SlowShield_Autogen_7513
22:35:00.780         | Added spell def: Spell_AG_ResistHullDec_Autogen_7514
22:35:00.780         | Added def: Module_Autogen_1709316252, idx: 25920, total: 52
22:35:00.780         | Added def: Module_Autogen_6095419831, idx: 25921, total: 53
22:35:00.780         | Added spell def: Spell_AG_Detonate_Autogen_7515
22:35:00.780         | Added def: Module_Autogen_2408924781, idx: 25922, total: 54
22:35:00.780         | Added def: Module_Autogen_2221481283, idx: 25923, total: 55
22:35:00.780         | Added def: Module_Autogen_538951236, idx: 25924, total: 56
22:35:00.780         | Added def: Module_Autogen_2243614328, idx: 25925, total: 57
22:35:00.780         | Added def: Module_Autogen_6095419827, idx: 25926, total: 58
22:35:00.780         | Added spell def: Spell_AG_EnergyVampire_Autogen_7516
22:35:00.780         | Added spell def: Spell_AG_TimeBomb_Autogen_7517
22:35:00.780         | Added def: Module_Autogen_1300478402, idx: 25927, total: 59
22:35:00.780         | Added def: Module_Autogen_4733574234, idx: 25928, total: 60
22:35:00.780         | Added spell def: Spell_AG_DamageBonusOnKill_Autogen_7518
22:35:00.780         | Added def: Module_Autogen_7695468993, idx: 25929, total: 61
22:35:00.780         | Added def: Module_Autogen_7870568297, idx: 25958, total: 62
22:35:00.780         | Added def: Module_Autogen_2217996820, idx: 25955, total: 63
22:35:00.780         | Added def: Module_Autogen_2337584783, idx: 25956, total: 64
22:35:00.780         | Added def: Module_Autogen_1801347603, idx: 25953, total: 65
22:35:00.780         | Added def: Module_Autogen_2217996807, idx: 25954, total: 66
22:35:00.780         | Added def: Module_Autogen_7472164628, idx: 25957, total: 67
22:35:00.780         | Added def: Module_Autogen_5536379040, idx: 25948, total: 68
22:35:00.780         | Added def: Module_Autogen_4452128021, idx: 25945, total: 69
22:35:00.780         | Added def: Module_Autogen_4462632686, idx: 25946, total: 70
22:35:00.780         | Added def: Module_Autogen_4531919471, idx: 25947, total: 71
22:35:00.780         | Added def: Module_Autogen_7705952477, idx: 25949, total: 72
22:35:00.780         | Added spell def: Spell_AG_GhostShield_Autogen_7522
22:35:00.780         | Added spell def: Spell_AG_SpawnBonus_Heal_Autogen_7523
22:35:00.780         | Added def: Module_Autogen_7855884266, idx: 25951, total: 73
22:35:00.780         | Added def: Module_Autogen_7855884271, idx: 25952, total: 74
22:35:00.780         | Added spell def: Spell_AG_StopBarrelRot_Autogen_7525
22:35:00.780         | Added def: Module_Autogen_7847933714, idx: 25950, total: 75
22:35:00.780         | Added spell def: Spell_AG_FireRate_Autogen_7524
22:35:00.780         | Added def: Module_Autogen_7183877651, idx: 25940, total: 76
22:35:00.780         | Added def: Module_Autogen_7255505592, idx: 25942, total: 77
22:35:00.782         | Added def: Module_Autogen_7216152752, idx: 25941, total: 78
22:35:00.782         | Added def: Module_Autogen_7782098383, idx: 25944, total: 79
22:35:00.782         | Added spell def: Spell_AG_BreakWeapon_Autogen_7520
22:35:00.782         | Added spell def: Spell_AG_DamageToPower_Autogen_7521
22:35:00.782         | Added def: Module_Autogen_7346114368, idx: 25943, total: 80
22:35:00.782         | Added def: Module_Autogen_1630662891, idx: 25935, total: 81
22:35:00.782         | Added def: Module_Autogen_2893591832, idx: 25936, total: 82
22:35:00.782         | Added def: Module_Autogen_3201605742, idx: 25937, total: 83
22:35:00.782         | Added def: Module_Autogen_7830989511, idx: 25939, total: 84
22:35:00.782         | Added def: Module_Autogen_7662176035, idx: 25938, total: 85
22:35:00.782         | Added def: Module_Autogen_7797291294, idx: 25931, total: 86
22:35:00.782         | Added def: Module_Autogen_7825620686, idx: 25932, total: 87
22:35:00.782         | Added def: Module_Autogen_7825620705, idx: 25933, total: 88
22:35:00.782         | Added spell def: Spell_AG_SpikeShield_Autogen_7519
22:35:00.782         | Added def: Module_Autogen_6981007894, idx: 25930, total: 89
22:35:00.782         | Added def: Module_Autogen_7856440540, idx: 25934, total: 90
22:35:00.822         | client: ADD_PLAYER 0 (Mo4e3aBp [LuX], 2516405) status 2 team 1 group 5588032
22:35:00.822         | client: ADD_PLAYER 1 (RoyalLace [BFK], 3758079) status 2 team 2 group 5588007
22:35:00.822         | client: ADD_PLAYER 2 (3JIEKTPOTATAP [LuX], 1000550) status 2 team 1 group 5588032
22:35:00.822         | client: ADD_PLAYER 3 (AlexWein [BFK], 3729347) status 6 team 2 group 5588007
22:35:00.822         | client: ADD_PLAYER 4 (LilMorty [FIN5], 1465016) status 6 team 1
22:35:00.822         | client: ADD_PLAYER 5 (Muxomor [VIP], 2843569) status 2 team 2
22:35:00.823         | client: ADD_PLAYER 0 (Mo4e3aBp [LuX], 2516405) status 4 team 1 group 5588032
22:35:00.826  WARNING| Async queue overflow
22:35:00.900         | Resume async queue pushing
22:35:00.918  WARNING| Async queue overflow
22:35:00.994         | Resume async queue pushing
22:35:01.005         | Added def: Module_Autogen_6029390290, idx: 25964, total: 91
22:35:01.007         | Added def: Module_Autogen_5919921420, idx: 25965, total: 92
22:35:01.007         | Added def: Module_Autogen_5919921415, idx: 25966, total: 93
22:35:01.007         | Added def: Module_Autogen_5860006209, idx: 25967, total: 94
22:35:01.007         | Added def: Module_Autogen_5836639640, idx: 25968, total: 95
22:35:01.025         | client: ADD_PLAYER 6 (SugarDaddy69 [CBT], 2401533) status 6 team 1
22:35:01.028         | Added def: Module_Autogen_5087329052, idx: 25969, total: 96
22:35:01.028         | Added def: Module_Autogen_5491300101, idx: 25970, total: 97
22:35:01.028         | Added def: Module_Autogen_4486857396, idx: 25971, total: 98
22:35:01.028         | Added def: Module_Autogen_1094297018, idx: 25972, total: 99
22:35:01.028         | Added def: Module_Autogen_4174271876, idx: 25973, total: 100
22:35:01.036         | Added def: Module_Autogen_7481928330, idx: 25974, total: 101
22:35:01.036         | Added def: Module_Autogen_7475347353, idx: 25975, total: 102
22:35:01.036         | Added def: Module_Autogen_7489747586, idx: 25976, total: 103
22:35:01.038         | Added def: Module_Autogen_5293835874, idx: 25977, total: 104
22:35:01.038         | Added def: Module_Autogen_7530795873, idx: 25978, total: 105
22:35:01.038  WARNING| Async queue overflow
22:35:01.076         | Resume async queue pushing
22:35:01.079         | Added def: Module_Autogen_3830872194, idx: 25979, total: 106
22:35:01.079         | Added def: Module_Autogen_4321091882, idx: 25980, total: 107
22:35:01.079         | Added def: Module_Autogen_4360814581, idx: 25981, total: 108
22:35:01.079         | Added def: Module_Autogen_4331129362, idx: 25982, total: 109
22:35:01.079         | Added def: Module_Autogen_5658443061, idx: 25983, total: 110
22:35:01.084         | Added def: Module_Autogen_7937640954, idx: 25984, total: 111
22:35:01.084         | Added def: Module_Autogen_7939995243, idx: 25985, total: 112
22:35:01.084         | Added def: Module_Autogen_7942169022, idx: 25986, total: 113
22:35:01.084         | Added def: Module_Autogen_7965530773, idx: 25987, total: 114
22:35:01.088         | client: ADD_PLAYER 7 (TSlavjaniNT [BFK], 1387950) status 6 team 2
22:35:01.093         | client: got init message (and 1st snapshot). ping 2
22:35:02.138         | ====== level started:  'levels\area2\s1340_aliendestsatation' success ======
22:35:03.169         | client: ADD_PLAYER 63 (nekto163, 0) status 4 team 2
22:35:03.176         | client: ADD_PLAYER 62 (Rodelius, 0) status 4 team 1
22:35:03.180         | client: ADD_PLAYER 61 (Cerealkilla408, 0) status 4 team 2
22:35:03.186         | client: ADD_PLAYER 60 (Scepter, 0) status 4 team 1
22:35:04.280         | client: ADD_PLAYER 7 (TSlavjaniNT [BFK], 1387950) status 4 team 2
22:35:04.407         | client: ADD_PLAYER 1 (RoyalLace [BFK], 3758079) status 4 team 2 group 5588007
22:35:04.624         | client: ADD_PLAYER 3 (AlexWein [BFK], 3729347) status 4 team 2 group 5588007
22:35:05.409         | client: ADD_PLAYER 4 (LilMorty [FIN5], 1465016) status 4 team 1
22:35:05.752         | client: ADD_PLAYER 6 (SugarDaddy69 [CBT], 2401533) status 4 team 1
22:35:06.481         | client: ADD_PLAYER 5 (Muxomor [VIP], 2843569) status 4 team 2
22:35:11.144         | Added def: Module_Autogen_7035928572, idx: 25988, total: 115
22:35:11.165         | Added def: Module_Autogen_6991628124, idx: 25989, total: 116
22:35:11.165         | Added def: Module_Autogen_6984015021, idx: 25990, total: 117
22:35:11.165         | Added def: Module_Autogen_6983490791, idx: 25991, total: 118
22:35:11.165         | Added def: Module_Autogen_7026930678, idx: 25992, total: 119
22:35:11.165         | Added def: Module_Autogen_6991649516, idx: 25993, total: 120
22:35:11.172         | Added def: Module_Autogen_6616297927, idx: 25994, total: 121
22:35:11.172         | Added def: Module_Autogen_6616297928, idx: 25995, total: 122
22:35:11.172         | Added def: Module_Autogen_6616297929, idx: 25996, total: 123
22:35:11.183         | client: ADD_PLAYER 8 (sometoaster [Flimm], 2752912) status 6 team 1
22:35:11.198         | client: ADD_PLAYER 9 (FoxyGirlT [], 2868046) status 6 team 2
22:35:11.472         | client: player 62 leave game
22:35:11.477         | client: ADD_PLAYER 2 (3JIEKTPOTATAP [LuX], 1000550) status 4 team 1 group 5588032
22:35:12.949         | Environment setting 's1340_aliendestsatation' loaded
22:35:15.296  WARNING| script (ui\scripts\work\uigamefuncs.lua@0): UI:GetDef()[ERROR]: cannot find def for 'n/a'
22:35:15.296  WARNING| script (ui\scripts\work\uigamefuncs.lua@0): UI:GetEntityLocalizedNameByDef()[ERROR]: cannot find def "n/a"
22:35:15.296         | client: player 63 leave game
22:35:15.300         | client: ADD_PLAYER 9 (FoxyGirlT [CCCP], 2868046) status 4 team 2
22:35:15.300  WARNING| client: removing entity netId 57 but it doesn't exist (def 'SpellAuraEntity')
22:35:15.300  WARNING| client: removing entity netId 58 but it doesn't exist (def 'SpellAuraEntity')
22:35:15.300  WARNING| client: removing entity netId 59 but it doesn't exist (def 'SpellAuraEntity')
22:35:15.300  WARNING| client: removing entity netId 60 but it doesn't exist (def 'SpellAuraEntity')
22:35:16.307  WARNING| client: removing entity netId 65 but it doesn't exist (def 'SpellAuraEntity')
22:35:31.355         | Added def: Module_Autogen_7489596850, idx: 25997, total: 124
22:35:31.355         | Added def: Module_Autogen_7153248380, idx: 25998, total: 125
22:35:31.355         | Added def: Module_Autogen_7109237868, idx: 25999, total: 126
22:35:31.355         | Added def: Module_Autogen_7207148866, idx: 26000, total: 127
22:35:31.360         | Added def: Module_Autogen_7109237859, idx: 26001, total: 128
22:35:31.360         | Added def: Module_Autogen_7268278768, idx: 26002, total: 129
22:35:31.360         | Added def: Module_Autogen_7268278771, idx: 26003, total: 130
22:35:31.371         | client: ADD_PLAYER 10 (sokol88150 [], 4152437) status 6 team 1
22:35:31.373         | Added def: Module_Autogen_7356343261, idx: 26004, total: 131
22:35:31.373         | Added def: Module_Autogen_7356343244, idx: 26005, total: 132
22:35:31.373         | Added def: Module_Autogen_7356343265, idx: 26006, total: 133
22:35:31.373         | Added def: Module_Autogen_7289104693, idx: 26007, total: 134
22:35:31.373         | Added def: Module_Autogen_7347671258, idx: 26008, total: 135
22:35:31.373         | Added spell def: Spell_AG_Blackout_Shield_Autogen_7526
22:35:31.373         | Added spell def: Spell_AG_ResistHullDec_Autogen_7527
22:35:31.393         | Added def: Module_Autogen_7312464398, idx: 26009, total: 136
22:35:31.393         | Added def: Module_Autogen_7679189537, idx: 26010, total: 137
22:35:31.393         | Added def: Module_Autogen_7625639755, idx: 26011, total: 138
22:35:31.393         | Added def: Module_Autogen_7625639754, idx: 26012, total: 139
22:35:31.393         | Added def: Module_Autogen_7310930171, idx: 26013, total: 140
22:35:31.398         | Added def: Module_Autogen_7969106666, idx: 26014, total: 141
22:35:31.398         | Added spell def: Spell_AG_Freeze_Autogen_7528
22:35:31.398         | Added spell def: Spell_AG_GravityBomb_Start_Autogen_7529
22:35:31.398         | Added def: Module_Autogen_7969106645, idx: 26015, total: 142
22:35:31.398         | Added def: Module_Autogen_7969106648, idx: 26016, total: 143
22:35:31.407         | Added def: Module_Autogen_7033027003, idx: 26017, total: 144
22:35:31.407         | Added def: Module_Autogen_7384758113, idx: 26018, total: 145
22:35:31.407         | Added spell def: Spell_AG_GravityBomb_Start_Autogen_7530
22:35:31.407         | Added spell def: Spell_AG_SpawnBonus_Damage_Autogen_7531
22:35:31.407         | Added def: Module_Autogen_7182493571, idx: 26019, total: 146
22:35:31.407         | Added def: Module_Autogen_7300983224, idx: 26020, total: 147
22:35:31.407         | Added def: Module_Autogen_7338913417, idx: 26021, total: 148
22:35:31.413         | client: ADD_PLAYER 11 (chemic7 [BECHA], 3464395) status 6 team 2
22:35:34.835  WARNING| Client: received Entity sync notification #10 for entity with netId 780, but entity doesn't exist(def 'Projectile_CrystallSparks')
22:35:36.031  WARNING| m_bufferizedUICalls delivery took 5.2 ms
22:35:36.577  WARNING| script (ui\scripts\work\uigamefuncs.lua@0): UI:GetDef()[ERROR]: cannot find def for 'n/a'
22:35:36.577  WARNING| script (ui\scripts\work\uigamefuncs.lua@0): UI:GetEntityLocalizedNameByDef()[ERROR]: cannot find def "n/a"
22:35:36.577         | client: player 60 leave game
22:35:36.581         | client: ADD_PLAYER 11 (chemic7 [BECHA], 3464395) status 4 team 2
22:35:42.016  WARNING| script (ui\scripts\work\uigamefuncs.lua@0): UI:GetDef()[ERROR]: cannot find def for 'n/a'
22:35:42.016  WARNING| script (ui\scripts\work\uigamefuncs.lua@0): UI:GetEntityLocalizedNameByDef()[ERROR]: cannot find def "n/a"
22:35:42.016         | client: player 61 leave game
22:35:42.021         | client: ADD_PLAYER 10 (sokol88150 [CoNo], 4152437) status 4 team 1
22:35:45.164         | client: ADD_PLAYER 8 (sometoaster [Flimm], 2752912) status 4 team 1
22:35:49.307  WARNING| m_bufferizedUICalls delivery took 5.1 ms
22:35:54.424  WARNING| m_bufferizedUICalls delivery took 5.3 ms
22:35:59.249  WARNING| script (ui\scripts\windows\hudincomingstates.lua@0): UI.HudIncomingStates:TryAddAuraRecord()[ERROR]: invalid type of the "isBuff" for spell Spell_Unlock auraIdx 0; "boolean" expected, got "nil"
22:36:10.751  WARNING| Client: received Entity sync notification #7 for entity with netId 3602, but entity doesn't exist(def 'Projectile_CripplingClaws')
22:36:12.975  WARNING| m_bufferizedUICalls delivery took 5.1 ms
22:36:14.237  WARNING| client: removing entity netId 4039 but it doesn't exist (def 'SpellAuraEntity')
22:36:42.657  WARNING| client: removing entity netId 7226 but it doesn't exist (def 'SpellAuraEntity')
22:36:49.765  WARNING| m_bufferizedUICalls delivery took 13.8 ms
22:37:05.442         | Environment setting 's1340_aliendestsatation' loaded
22:37:16.977  WARNING| client: removing entity netId 9772 but it doesn't exist (def 'SpellAuraEntity')
22:37:16.977  WARNING| client: removing entity netId 9773 but it doesn't exist (def 'SpellAuraEntity')
22:37:16.977  WARNING| client: removing entity netId 9774 but it doesn't exist (def 'SpellAuraEntity')
22:37:18.776  WARNING| Client: received Entity sync notification #7 for entity with netId 9917, but entity doesn't exist(def 'Projectile_CripplingClaws')
22:37:20.573  WARNING| client: removing entity netId 10122 but it doesn't exist (def 'SpellAuraEntity')
22:37:20.573  WARNING| client: removing entity netId 10123 but it doesn't exist (def 'SpellAuraEntity')
22:37:20.578  WARNING| client: removing entity netId 10124 but it doesn't exist (def 'SpellAuraEntity')
22:37:26.793  WARNING| m_bufferizedUICalls delivery took 8.9 ms
22:37:29.399  WARNING| client: removing entity netId 10968 but it doesn't exist (def 'SpellAuraEntity')
22:37:53.259         | Environment setting 's1340_aliendestsatation' loaded
22:38:03.449  WARNING| m_bufferizedUICalls delivery took 5.5 ms
22:38:06.829  WARNING| client: removing entity netId 14793 but it doesn't exist (def 'SpellAuraEntity')
22:38:42.781  WARNING| m_bufferizedUICalls delivery took 6.0 ms
22:39:08.169  WARNING| script (ui\scripts\windows\hudincomingstates.lua@0): UI.HudIncomingStates:TryAddAuraRecord()[ERROR]: invalid type of the "isBuff" for spell Spell_Unlock auraIdx 0; "boolean" expected, got "nil"
22:39:10.364  WARNING| client: removing entity netId 19652 but it doesn't exist (def 'SpellAuraEntity')
22:39:10.364  WARNING| client: removing entity netId 19653 but it doesn't exist (def 'SpellAuraEntity')
22:39:37.429  WARNING| client: removing entity netId 21720 but it doesn't exist (def 'SpellAuraEntity')
22:39:42.487  WARNING| client: removing entity netId 21934 but it doesn't exist (def 'SpellAuraEntity')
22:39:47.146  WARNING| script (ui\scripts\windows\hudincomingstates.lua@0): UI.HudIncomingStates:TryAddAuraRecord()[ERROR]: invalid type of the "isBuff" for spell Spell_AtlantaCPU_kinet auraIdx 0; "boolean" expected, got "nil"
22:40:03.340  WARNING| m_bufferizedUICalls delivery took 5.7 ms
22:40:12.569  WARNING| Client: received Entity sync notification #0 for entity with netId 24759, but entity doesn't exist(def 'Projectile_Javelin')
22:40:19.086  WARNING| Client: received Entity sync notification #128 for entity with netId 25703, but entity doesn't exist(def 'Drone_DestrBeamDrone_T5_Epic')
22:40:32.078         | Environment setting 's1340_aliendestsatation' loaded
22:40:49.234  WARNING| client: removing entity netId 27070 but it doesn't exist (def 'SpellAuraEntity')
22:41:25.940  WARNING| client: removing entity netId 29784 but it doesn't exist (def 'SpellAuraEntity')
22:41:25.940  WARNING| client: removing entity netId 29785 but it doesn't exist (def 'SpellAuraEntity')
22:41:29.206  WARNING| client: removing entity netId 29961 but it doesn't exist (def 'SpellAuraEntity')
22:41:42.722  WARNING| script (ui\scripts\work\uigamefuncs.lua@0): UI:GetDef()[ERROR]: cannot find def for 'n/a'
22:41:42.722  WARNING| script (ui\scripts\work\uigamefuncs.lua@0): UI:GetEntityLocalizedNameByDef()[ERROR]: cannot find def "n/a"
22:41:42.722  WARNING| script (ui\scripts\work\uigamefuncs.lua@0): UI:GetDef()[ERROR]: cannot find def for 'n/a'
22:41:42.722  WARNING| script (ui\scripts\work\uigamefuncs.lua@0): UI:GetEntityLocalizedNameByDef()[ERROR]: cannot find def "n/a"
22:41:42.722  WARNING| Client: received Entity sync notification #0 for entity with netId 31065, but entity doesn't exist(def 'Drone_DestrBeamDrone_T5_Epic')
22:41:42.722  WARNING| client: removing entity netId 31065 but it doesn't exist (def 'Drone_DestrBeamDrone_T5_Epic')
22:41:45.302  WARNING| client: removing entity netId 31384 but it doesn't exist (def 'SpellAuraEntity')
22:41:50.131  WARNING| client: removing entity netId 31921 but it doesn't exist (def 'SpellAuraEntity')
22:41:50.131  WARNING| client: removing entity netId 31924 but it doesn't exist (def 'SpellAuraEntity')
22:41:53.625  WARNING| m_bufferizedUICalls delivery took 5.2 ms
22:42:12.245  WARNING| script (ui\scripts\work\uigamefuncs.lua@0): UI:GetDef()[ERROR]: cannot find def for 'n/a'
22:42:12.245  WARNING| script (ui\scripts\work\uigamefuncs.lua@0): UI:GetEntityLocalizedNameByDef()[ERROR]: cannot find def "n/a"
22:42:20.219  WARNING| Client: received Entity sync notification #0 for entity with netId 33850, but entity doesn't exist(def 'Projectile_Nanobots_Cloud_T5_Epic')
22:42:21.008  WARNING| Client: received Entity sync notification #0 for entity with netId 33881, but entity doesn't exist(def 'Projectile_Nanobots_Cloud_T5_Epic')
22:42:21.795  WARNING| Client: received Entity sync notification #0 for entity with netId 33914, but entity doesn't exist(def 'Projectile_Nanobots_Cloud_T5_Epic')
22:42:24.825  WARNING| Client: received Entity sync notification #0 for entity with netId 34152, but entity doesn't exist(def 'Projectile_Nanobots_Cloud_T5_Epic')
22:42:24.951         | Environment setting 's1340_aliendestsatation' loaded
22:42:25.605  WARNING| Client: received Entity sync notification #0 for entity with netId 34241, but entity doesn't exist(def 'Projectile_Nanobots_Cloud_T5_Epic')
22:42:26.394  WARNING| Client: received Entity sync notification #0 for entity with netId 34349, but entity doesn't exist(def 'Projectile_Nanobots_Cloud_T5_Epic')
22:42:55.475         | Environment setting 's1340_aliendestsatation' loaded
22:43:05.249  WARNING| Client: received Entity sync notification #0 for entity with netId 37012, but entity doesn't exist(def 'Projectile_Nanobots_Cloud_T5_Epic')
22:43:06.036  WARNING| Client: received Entity sync notification #0 for entity with netId 37066, but entity doesn't exist(def 'Projectile_Nanobots_Cloud_T5_Epic')
22:43:07.493  WARNING| client: removing entity netId 37157 but it doesn't exist (def 'SpellAuraEntity')
22:43:07.945  WARNING| Client: received Entity sync notification #0 for entity with netId 37179, but entity doesn't exist(def 'Projectile_Nanobots_Cloud_T5_Epic')
22:43:19.674  WARNING| script (ui\scripts\windows\hudincomingstates.lua@0): UI.HudIncomingStates:TryAddAuraRecord()[ERROR]: invalid type of the "isBuff" for spell Spell_AtlantaCPU_kinet auraIdx 0; "boolean" expected, got "nil"
22:43:33.936         | SN_PLAYER_BOUGHT_PREMIUM_VESSEL: filtered due to notificationRank = 3 and myRank = 17
22:43:36.850         | ReplayManager: replay (7.39Mb) is avaibalbe for downloading!
22:43:39.577         | nextRecheckOnDSFailure 560.003, vid 30471651
22:43:39.577         | nextRecheckOnDSFailure 560.003, vid 30738231
22:43:39.577         | nextRecheckOnDSFailure 560.003, vid 33052865
22:43:39.577         | nextRecheckOnDSFailure 560.003, vid 33744338
22:43:39.612  WARNING| m_bufferizedUICalls delivery took 34.8 ms
22:43:39.615         | Loot: Silver_Junk_T5_4: 1
22:43:39.645  WARNING| m_bufferizedUICalls delivery took 28.6 ms
22:43:39.866  WARNING| m_bufferizedUICalls delivery took 57.4 ms
22:43:40.288  WARNING| m_bufferizedUICalls delivery took 58.1 ms
22:43:41.217         | Loot: Silver_Junk_T5_12: 1
22:43:41.719         | client: player 9 leave game
22:43:42.570         | Loot: Silver_Junk_T5_11: 1
22:43:43.911         | Loot: ship_part_Ship_Race2_S_T5_Premium: 0
22:43:43.911         | Pure_silicon: 1
22:43:44.307         | client: player 5 leave game
22:43:44.923         | client: player 7 leave game
22:43:45.260         | Loot: Silver_Junk_T5_12: 1
22:43:46.327         | Loot: Silver_Junk_T5_4: 1
22:43:47.395         | client: player 1 leave game
22:43:47.449         | client: player 11 leave game
22:43:48.015         | Loot: Silver_Junk_T5_11: 1
22:43:48.405         | client: player 2 leave game
22:43:49.530         | client: player 3 leave game
22:43:49.704         | client: player 6 leave game
22:43:49.860         | client: player 8 leave game
22:43:52.023         | client: avgPing 2.6/1.9; avgPacketLoss 0.0/0.0%; avgSnapshotLoss 0.0/0.1%, MTU 1492
22:43:52.023         | client: connection closed. DR_CLIENT_GAME_FINISHED
22:43:52.023         | Network stats (bytes per second): avg pushed 1508, max pushed 2744, avg sent 2868, max sent 5746, avg received 11002, max received 19091
22:43:52.104         | ReplayManager: stopping activity due to map change
22:43:52.109         | Peak entities: 980
22:43:52.111         | Peak models: 757
22:43:52.117         | Peak geometries: 3234. Cur geometries: 366
22:43:52.315         | ====== starting level: 'levels\mainmenu\mm_alidium'  ======
22:43:52.358         | Remove autogen defs
22:43:52.358         | Remove autogen defs
22:43:52.364         | Environment setting 'mm_alidium' loaded
22:43:52.806         | ====== level started:  'levels\mainmenu\mm_alidium' success ======
22:43:52.808         | Environment setting 'mm_alidium' loaded
22:43:52.808         | Successfuly saved userdata (ver:164230) to server
22:43:52.819  WARNING| m_bufferizedUICalls delivery took 11.4 ms
22:43:52.893         | Successfuly saved userdata (ver:164231) to server
22:43:59.280         | {
22:43:59.280         | 	"arcade": 1.000
22:43:59.280         | 	"region": 1.000
22:43:59.280         | }
22:43:59.888         | MasterServerEndpoint: enter matchmaking queue
22:43:59.888  WARNING| script (ui\scripts\public\uipublic.lua@0): ^5UI:MasterServer_OnEnterMMQueue
22:43:59.895  WARNING| m_bufferizedUICalls delivery took 6.6 ms
22:44:06.460         | Completed quest 587
22:44:06.496  WARNING| m_bufferizedUICalls delivery took 36.3 ms
22:44:06.499         | Completed quest 512
22:44:06.578  WARNING| m_bufferizedUICalls delivery took 79.2 ms
22:44:06.877         | Successfuly saved userdata (ver:164232) to server
22:44:06.911         | Completed quest 581
22:44:06.940  WARNING| m_bufferizedUICalls delivery took 30.1 ms
22:44:06.943         | Completed quest 512
22:44:07.012  WARNING| m_bufferizedUICalls delivery took 68.5 ms
22:44:07.013         | Successfuly saved userdata (ver:164233) to server
22:44:07.338         | Successfuly saved userdata (ver:164234) to server
22:44:07.408         | Successfuly saved userdata (ver:164235) to server
22:44:07.586  WARNING| script (ui\scripts\work\uigamefuncs.lua@0): UI:UpdateServerData_OnUserProfileUpdate: atlas update
22:44:07.656         | Successfuly saved userdata (ver:164236) to server
22:44:07.708         | Successfuly saved userdata (ver:164237) to server
22:44:07.810  WARNING| script (ui\scripts\work\uigamefuncs.lua@0): UI:UpdateServerData_OnUserProfileUpdate: atlas update
22:44:07.816  WARNING| m_bufferizedUICalls delivery took 6.3 ms
22:44:07.878         | Successfuly saved userdata (ver:164238) to server
22:44:07.931         | Successfuly saved userdata (ver:164239) to server
22:44:40.179         | Profile 'Pavel' saved successfully in 'c:\users\pavel\documents\my games\starconflict\profiles\0001.prfl'
22:44:40.225  WARNING| frame 162264 gameGlobals.frameTimeReal is too large (0.117145)
22:44:41.531  WARNING| m_bufferizedUICalls delivery took 6.0 ms
22:44:41.538  WARNING| frame 162483 gameGlobals.frameTimeReal is too large (0.107633)
22:44:49.375  WARNING| m_bufferizedUICalls delivery took 79.7 ms
22:45:01.965  WARNING| m_bufferizedUICalls delivery took 52.3 ms
22:45:12.952  WARNING| m_bufferizedUICalls delivery took 55.7 ms
22:45:17.083         | MasterServerEndpoint: leave matchmaking queue
22:45:17.141  WARNING| m_bufferizedUICalls delivery took 57.5 ms
22:45:22.928         | Profile 'Pavel' saved successfully in 'c:\users\pavel\documents\my games\starconflict\profiles\0001.prfl'
22:45:22.947  WARNING| frame 169753 gameGlobals.frameTimeReal is too large (0.101010)
22:45:25.478         | Profile 'Pavel' saved successfully in 'c:\users\pavel\documents\my games\starconflict\profiles\0001.prfl'
22:45:29.034         | {
22:45:29.034         | 	"arcade": 1.000
22:45:29.034         | 	"region": 1.000
22:45:29.034         | }
22:45:29.712         | MasterServerEndpoint: enter matchmaking queue
22:45:29.712  WARNING| script (ui\scripts\public\uipublic.lua@0): ^5UI:MasterServer_OnEnterMMQueue
22:45:29.718  WARNING| m_bufferizedUICalls delivery took 6.3 ms
22:46:01.466  WARNING| m_bufferizedUICalls delivery took 66.1 ms
22:46:50.745  WARNING| m_bufferizedUICalls delivery took 54.6 ms
22:46:54.898         | MasterServerEndpoint: leave matchmaking queue ( but will join the game soon )
22:46:57.317         | nextRecheckOnDSFailure 1079.929, vid 30471651
22:46:57.317         | nextRecheckOnDSFailure 1079.929, vid 30738231
22:46:57.317         | nextRecheckOnDSFailure 1079.929, vid 33052865
22:46:57.317         | nextRecheckOnDSFailure 1079.929, vid 33856992
22:46:57.376  WARNING| m_bufferizedUICalls delivery took 59.1 ms
22:46:58.977         | MasterServerSession: connect to dedicated server, session 54013699, at addr 23.111.211.207|35018
22:46:59.012         | client: start connecting to 23.111.211.207|35018...
22:46:59.043         | client: connected to 23.111.211.207|35018, MTU 1492. setting up session...
22:46:59.104         | client. send version check message (2120 bytes)
22:46:59.236         | client. got onConnect init message. total 58027 bytes
22:46:59.237         | Peak entities: 1325
22:46:59.237         | Peak models: 488
22:46:59.239         | Peak geometries: 1189. Cur geometries: 366
22:46:59.348         | Remove autogen defs
22:46:59.351         | client: ADD_PLAYER 0 (KACTET40 [], 1030841) status 6 team 1 group 5588035
22:46:59.351         | client: ADD_PLAYER 1 (Mo4e3aBp [LuX], 2516405) status 1 team 2 group 5588032
22:46:59.351         | client: ADD_PLAYER 2 (Alighieri [], 4005843) status 6 team 1 group 5588035
22:46:59.351         | client: ADD_PLAYER 3 (3JIEKTPOTATAP [LuX], 1000550) status 6 team 2 group 5588032
22:46:59.351         | client: ADD_PLAYER 4 (Deffaerr [], 14305) status 6 team 1
22:46:59.351         | client: ADD_PLAYER 5 (TSlavjaniNT [BFK], 1387950) status 6 team 2
22:46:59.351         | client: server assigned id 1
22:46:59.351         | client: got level load message 'foul_ground'
22:46:59.358         | ReplayManager: stopping activity due to map change
22:46:59.371         | Peak geometries: 0. Cur geometries: 366
22:46:59.464         | ====== starting level: 'levels\area4\foul_ground' Control client ======
22:46:59.468         | Remove autogen defs
22:46:59.683  WARNING| Async queue overflow
22:46:59.830         | Resume async queue pushing
22:46:59.841  WARNING| Async queue overflow
22:46:59.917         | Resume async queue pushing
22:46:59.932  WARNING| Async queue overflow
22:47:00.082         | Resume async queue pushing
22:47:00.109  WARNING| Async queue overflow
22:47:00.185         | Resume async queue pushing
22:47:00.245  WARNING| Async queue overflow
22:47:00.283         | Resume async queue pushing
22:47:00.335  WARNING| Async queue overflow
22:47:00.374         | Resume async queue pushing
22:47:00.413  WARNING| Async queue overflow
22:47:00.451         | Resume async queue pushing
22:47:00.466  WARNING| Async queue overflow
22:47:00.505         | Resume async queue pushing
22:47:00.525  WARNING| Async queue overflow
22:47:00.601         | Resume async queue pushing
22:47:00.615         | Environment setting 'factory_pirate_dreamland' loaded
22:47:00.621  WARNING| Async queue overflow
22:47:00.659         | Resume async queue pushing
22:47:00.688  WARNING| Async queue overflow
22:47:00.727         | Resume async queue pushing
22:47:00.765  WARNING| Async queue overflow
22:47:00.803         | Resume async queue pushing
22:47:00.835         | client: send ready message
22:47:00.892         | Remove autogen defs
22:47:00.892         | Added def: Module_Autogen_2335668526, idx: 25869, total: 1
22:47:00.892         | Added def: Module_Autogen_7028810107, idx: 25870, total: 2
22:47:00.892         | Added def: Module_Autogen_609504586, idx: 25871, total: 3
22:47:00.892         | Added def: Module_Autogen_7486129903, idx: 25872, total: 4
22:47:00.892         | Added def: Module_Autogen_469412250, idx: 25873, total: 5
22:47:00.892         | Added def: Module_Autogen_7032727418, idx: 25874, total: 6
22:47:00.892         | Added def: Module_Autogen_7067332200, idx: 25875, total: 7
22:47:00.892         | Added def: Module_Autogen_7061864492, idx: 25876, total: 8
22:47:00.892         | Added def: Module_Autogen_7029830771, idx: 25877, total: 9
22:47:00.892         | Added def: Module_Autogen_6289138095, idx: 25878, total: 10
22:47:00.892         | Added def: Module_Autogen_6428164204, idx: 25879, total: 11
22:47:00.892         | Added def: Module_Autogen_6426756595, idx: 25880, total: 12
22:47:00.892         | Added def: Module_Autogen_6426756589, idx: 25881, total: 13
22:47:00.892         | Added def: Module_Autogen_6424028805, idx: 25882, total: 14
22:47:00.892         | Added def: Module_Autogen_6423657363, idx: 25883, total: 15
22:47:00.892         | Added def: Module_Autogen_6344713946, idx: 25884, total: 16
22:47:00.892         | Added def: Module_Autogen_3168224359, idx: 25885, total: 17
22:47:00.892         | Added spell def: Spell_AG_SpawnBonus_Damage_Autogen_7502
22:47:00.892         | Added spell def: Spell_AG_GhostShield_Autogen_7503
22:47:00.892         | Added def: Module_Autogen_6316896191, idx: 25886, total: 18
22:47:00.892         | Added def: Module_Autogen_6338276077, idx: 25887, total: 19
22:47:00.892         | Added def: Module_Autogen_6338781818, idx: 25888, total: 20
22:47:00.892         | Added def: Module_Autogen_7687199601, idx: 25889, total: 21
22:47:00.892         | Added def: Module_Autogen_6873377155, idx: 25890, total: 22
22:47:00.892         | Added def: Module_Autogen_6927605363, idx: 25891, total: 23
22:47:00.892         | Added def: Module_Autogen_7634615064, idx: 25892, total: 24
22:47:00.892         | Added def: Module_Autogen_6711427264, idx: 25893, total: 25
22:47:00.892         | Added def: Module_Autogen_4608501317, idx: 25894, total: 26
22:47:00.892         | Added def: Module_Autogen_4958404876, idx: 25895, total: 27
22:47:00.892         | Added def: Module_Autogen_4608520746, idx: 25896, total: 28
22:47:00.892         | Added def: Module_Autogen_6404192274, idx: 25897, total: 29
22:47:00.892         | Added def: Module_Autogen_5391309487, idx: 25898, total: 30
22:47:00.892         | Added def: Module_Autogen_3190674983, idx: 25899, total: 31
22:47:00.892         | Added def: Module_Autogen_373159572, idx: 25900, total: 32
22:47:00.892         | Added def: Module_Autogen_3190674972, idx: 25901, total: 33
22:47:00.892         | Added def: Module_Autogen_657151272, idx: 25902, total: 34
22:47:00.892         | Added def: Module_Autogen_3190674984, idx: 25903, total: 35
22:47:00.892         | Added def: Module_Autogen_5087329052, idx: 25904, total: 36
22:47:00.892         | Added def: Module_Autogen_5491300101, idx: 25905, total: 37
22:47:00.892         | Added def: Module_Autogen_4486857396, idx: 25906, total: 38
22:47:00.892         | Added def: Module_Autogen_1094297018, idx: 25907, total: 39
22:47:00.892         | Added def: Module_Autogen_4174271876, idx: 25908, total: 40
22:47:00.892         | Added def: Module_Autogen_7481928330, idx: 25909, total: 41
22:47:00.892         | Added def: Module_Autogen_7475347353, idx: 25910, total: 42
22:47:00.892         | Added def: Module_Autogen_7489747586, idx: 25911, total: 43
22:47:00.892         | Added def: Module_Autogen_5293835874, idx: 25912, total: 44
22:47:00.894         | Added def: Module_Autogen_7530795873, idx: 25913, total: 45
22:47:00.894         | Added def: Module_Autogen_3830872194, idx: 25914, total: 46
22:47:00.894         | Added def: Module_Autogen_4321091882, idx: 25915, total: 47
22:47:00.894         | Added def: Module_Autogen_4360814581, idx: 25916, total: 48
22:47:00.894         | Added def: Module_Autogen_4331129362, idx: 25917, total: 49
22:47:00.894         | Added def: Module_Autogen_5658443061, idx: 25918, total: 50
22:47:00.894         | Added def: Module_Autogen_7937640954, idx: 25919, total: 51
22:47:00.894         | Added def: Module_Autogen_7939995243, idx: 25920, total: 52
22:47:00.894         | Added def: Module_Autogen_7942169022, idx: 25921, total: 53
22:47:00.894         | Added def: Module_Autogen_7965530773, idx: 25922, total: 54
22:47:00.894         | Added def: Module_Autogen_7927141228, idx: 25971, total: 55
22:47:00.894         | Added def: Module_Autogen_7937978741, idx: 25972, total: 56
22:47:00.894         | Added def: Module_Autogen_7952879444, idx: 25973, total: 57
22:47:00.894         | Added def: Module_Autogen_7965646329, idx: 25974, total: 58
22:47:00.894         | Added def: Module_Autogen_7949071924, idx: 25975, total: 59
22:47:00.894         | Added def: Module_Autogen_7621255017, idx: 25976, total: 60
22:47:00.894         | Added spell def: Spell_AG_ResistHullDec_Autogen_7531
22:47:00.894         | Added def: Module_Autogen_7826416025, idx: 25977, total: 61
22:47:00.894         | Added spell def: Spell_AG_DamageToHeal_Emp_Autogen_7532
22:47:00.894         | Added def: Module_Autogen_7621255016, idx: 25978, total: 62
22:47:00.894         | Added spell def: Spell_AG_Invulnerability_Autogen_7533
22:47:00.894         | Added def: Module_Autogen_7784884751, idx: 25979, total: 63
22:47:00.894         | Added spell def: Spell_AG_DamageToHeal_Kinetic_Autogen_7534
22:47:00.894         | Added spell def: Spell_AG_GravityBomb_Start_Autogen_7535
22:47:00.894         | Added def: Module_Autogen_7784884747, idx: 25980, total: 64
22:47:00.894         | Added spell def: Spell_AG_DamageDec_Autogen_7536
22:47:00.894         | Added spell def: Spell_AG_GravityBomb_Start_Autogen_7537
22:47:00.894         | Added def: Module_Autogen_7826416028, idx: 25981, total: 65
22:47:00.894         | Added spell def: Spell_AG_DamageBonusOnKill_Autogen_7538
22:47:00.894         | Added def: Module_Autogen_7654673772, idx: 25982, total: 66
22:47:00.894         | Added def: Module_Autogen_7826416030, idx: 25983, total: 67
22:47:00.894         | Added spell def: Spell_AG_Impulse_Autogen_7539
22:47:00.894         | Added def: Module_Autogen_7621255014, idx: 25984, total: 68
22:47:00.894         | Added spell def: Spell_AG_ReserveShield_Autogen_7540
22:47:00.895         | Added def: Module_Autogen_481274205, idx: 25966, total: 69
22:47:00.895         | Added def: Module_Autogen_7043401323, idx: 25970, total: 70
22:47:00.895         | Added def: Module_Autogen_6544866139, idx: 25969, total: 71
22:47:00.895         | Added spell def: Spell_AG_SpawnBonus_Shield_Autogen_7530
22:47:00.895         | Added def: Module_Autogen_3692747822, idx: 25967, total: 72
22:47:00.895         | Added spell def: Spell_AG_ShieldVampire_Autogen_7526
22:47:00.895         | Added spell def: Spell_AG_ResistShieldDec_Autogen_7527
22:47:00.895         | Added def: Module_Autogen_4975476838, idx: 25968, total: 73
22:47:00.895         | Added spell def: Spell_AG_Freeze_Autogen_7528
22:47:00.895         | Added spell def: Spell_AG_BreakWeapon_Autogen_7529
22:47:00.895         | Added def: Module_Autogen_417886735, idx: 25943, total: 74
22:47:00.895         | Added def: Module_Autogen_5964072690, idx: 25947, total: 75
22:47:00.895         | Added def: Module_Autogen_2222780102, idx: 25944, total: 76
22:47:00.895         | Added def: Module_Autogen_5933078265, idx: 25946, total: 77
22:47:00.895         | Added def: Module_Autogen_5926548246, idx: 25945, total: 78
22:47:00.895         | Added def: Module_Autogen_5508329977, idx: 25960, total: 79
22:47:00.895         | Added spell def: Spell_AG_SpikeShield_Autogen_7521
22:47:00.895         | Added def: Module_Autogen_7943942745, idx: 25965, total: 80
22:47:00.895         | Added def: Module_Autogen_2896180813, idx: 25961, total: 81
22:47:00.895         | Added def: Module_Autogen_7935751120, idx: 25964, total: 82
22:47:00.895         | Added spell def: Spell_AG_DamageDec_Autogen_7524
22:47:00.895         | Added spell def: Spell_AG_SpawnBonus_Shield_Autogen_7525
22:47:00.895         | Added def: Module_Autogen_2911955379, idx: 25962, total: 83
22:47:00.895         | Added def: Module_Autogen_7894546272, idx: 25963, total: 84
22:47:00.895         | Added spell def: Spell_AG_AimDeath_Autogen_7522
22:47:00.895         | Added spell def: Spell_AG_GhostShield_Autogen_7523
22:47:00.895         | Added def: Module_Autogen_4876266319, idx: 25942, total: 85
22:47:00.895         | Added def: Module_Autogen_7432958492, idx: 25957, total: 86
22:47:00.895         | Added def: Module_Autogen_7379771580, idx: 25955, total: 87
22:47:00.895         | Added def: Module_Autogen_7398855665, idx: 25956, total: 88
22:47:00.895         | Added def: Module_Autogen_7875611314, idx: 25958, total: 89
22:47:00.895         | Added def: Module_Autogen_7879490096, idx: 25959, total: 90
22:47:00.895         | Added def: Module_Autogen_7919461382, idx: 25954, total: 91
22:47:00.895         | Added def: Module_Autogen_7559177577, idx: 25953, total: 92
22:47:00.895         | Added spell def: Spell_AG_SetOnEmpFire_Autogen_7519
22:47:00.895         | Added spell def: Spell_AG_TimeBomb_Autogen_7520
22:47:00.895         | Added def: Module_Autogen_1736155409, idx: 25948, total: 93
22:47:00.895         | Added def: Module_Autogen_2212478254, idx: 25949, total: 94
22:47:00.895         | Added def: Module_Autogen_2302443076, idx: 25950, total: 95
22:47:00.895         | Added def: Module_Autogen_2553985745, idx: 25951, total: 96
22:47:00.895         | Added def: Module_Autogen_2830097758, idx: 25952, total: 97
22:47:00.895         | Added def: Module_Autogen_6893786039, idx: 25934, total: 98
22:47:00.895         | Added spell def: Spell_AG_TurtleShield_Autogen_7518
22:47:00.895         | Added def: Module_Autogen_5904879166, idx: 25937, total: 99
22:47:00.895         | Added def: Module_Autogen_7240598376, idx: 25938, total: 100
22:47:00.895         | Added def: Module_Autogen_5605872564, idx: 25936, total: 101
22:47:00.895         | Added def: Module_Autogen_7359975605, idx: 25939, total: 102
22:47:00.895         | Added def: Module_Autogen_5513673721, idx: 25935, total: 103
22:47:00.895         | Added def: Module_Autogen_6029268529, idx: 25941, total: 104
22:47:00.895         | Added def: Module_Autogen_1602976040, idx: 25940, total: 105
22:47:00.895         | Added def: Module_Autogen_7182540397, idx: 25925, total: 106
22:47:00.895         | Added spell def: Spell_AG_SpikeShield_Autogen_7505
22:47:00.895         | Added def: Module_Autogen_7709042055, idx: 25926, total: 107
22:47:00.895         | Added spell def: Spell_AG_SpawnBonus_Shield_Autogen_7506
22:47:00.895         | Added spell def: Spell_AG_EnergyVampire_Autogen_7507
22:47:00.895         | Added def: Module_Autogen_483570222, idx: 25923, total: 108
22:47:00.895         | Added def: Module_Autogen_7757201611, idx: 25927, total: 109
22:47:00.895         | Added spell def: Spell_AG_TurtleShield_Autogen_7508
22:47:00.895         | Added spell def: Spell_AG_BreakWeapon_Autogen_7509
22:47:00.895         | Added def: Module_Autogen_516981633, idx: 25924, total: 110
22:47:00.895         | Added spell def: Spell_AG_Impulse_Autogen_7504
22:47:00.895         | Added def: Module_Autogen_7813381712, idx: 25933, total: 111
22:47:00.895         | Added spell def: Spell_AG_SpawnBonus_Heal_Autogen_7516
22:47:00.895         | Added spell def: Spell_AG_Freeze_Autogen_7517
22:47:00.895         | Added def: Module_Autogen_7813381708, idx: 25931, total: 112
22:47:00.895         | Added spell def: Spell_AG_ShieldHeal_Autogen_7512
22:47:00.895         | Added spell def: Spell_AG_SpawnBonus_Speed_Autogen_7513
22:47:00.895         | Added def: Module_Autogen_7813381707, idx: 25930, total: 113
22:47:00.895         | Added spell def: Spell_AG_GravityBomb_Start_Autogen_7511
22:47:00.895         | Added def: Module_Autogen_7813381706, idx: 25929, total: 114
22:47:00.895         | Added spell def: Spell_AG_GravityBomb_Start_Autogen_7510
22:47:00.895         | Added def: Module_Autogen_7813381709, idx: 25932, total: 115
22:47:00.895         | Added spell def: Spell_AG_AimDeath_Autogen_7514
22:47:00.895         | Added spell def: Spell_AG_Impulse_Autogen_7515
22:47:00.895         | Added def: Module_Autogen_4193681676, idx: 25928, total: 116
22:47:00.909  WARNING| Async queue overflow
22:47:00.948         | Resume async queue pushing
22:47:00.997         | client: ADD_PLAYER 0 (KACTET40 [uHbIE], 1030841) status 2 team 1 group 5588035
22:47:00.997         | client: ADD_PLAYER 1 (Mo4e3aBp [LuX], 2516405) status 2 team 2 group 5588032
22:47:00.997         | client: ADD_PLAYER 2 (Alighieri [0w0], 4005843) status 2 team 1 group 5588035
22:47:00.997         | client: ADD_PLAYER 3 (3JIEKTPOTATAP [LuX], 1000550) status 2 team 2 group 5588032
22:47:00.997         | client: ADD_PLAYER 4 (Deffaerr [GRAND], 14305) status 6 team 1
22:47:00.997         | client: ADD_PLAYER 5 (TSlavjaniNT [BFK], 1387950) status 2 team 2
22:47:00.997         | client: ADD_PLAYER 6 (BENIDIKT [BECHA], 4299754) status 6 team 1
22:47:01.000         | client: ADD_PLAYER 7 (nic33 [], 4275444) status 6 team 2
22:47:01.003         | client: ADD_PLAYER 1 (Mo4e3aBp [LuX], 2516405) status 4 team 2 group 5588032
22:47:01.005         | client: got init message (and 1st snapshot). ping 3
22:47:02.047         | ====== level started:  'levels\area4\foul_ground' success ======
22:47:02.473         | client: ADD_PLAYER 5 (TSlavjaniNT [BFK], 1387950) status 4 team 2
22:47:03.030         | client: ADD_PLAYER 63 (filson, 0) status 4 team 2
22:47:03.035         | client: ADD_PLAYER 62 (CID9999, 0) status 4 team 1
22:47:03.039         | client: ADD_PLAYER 61 (zert01, 0) status 4 team 2
22:47:03.042         | client: ADD_PLAYER 60 (popoiu, 0) status 4 team 1
22:47:04.437         | client: ADD_PLAYER 4 (Deffaerr [GRAND], 14305) status 4 team 1
22:47:05.618         | client: ADD_PLAYER 0 (KACTET40 [uHbIE], 1030841) status 4 team 1 group 5588035
22:47:06.851         | client: ADD_PLAYER 6 (BENIDIKT [BECHA], 4299754) status 4 team 1
22:47:09.328         | client: ADD_PLAYER 2 (Alighieri [0w0], 4005843) status 4 team 1 group 5588035
22:47:09.724         | client: ADD_PLAYER 7 (nic33 [DOZOR], 4275444) status 4 team 2
22:47:13.050         | Environment setting 'factory_pirate_dreamland' loaded
22:47:15.622         | client: ADD_PLAYER 3 (3JIEKTPOTATAP [LuX], 1000550) status 4 team 2 group 5588032
22:47:26.407         | Environment setting 'factory_pirate_dreamland' loaded
22:48:06.366         | Added def: Module_Autogen_5727824086, idx: 25985, total: 117
22:48:06.418         | Added def: Module_Autogen_5564272844, idx: 25986, total: 118
22:48:06.418         | Added spell def: Spell_AG_DamageToHeal_Thermal_Autogen_7541
22:48:06.418         | Added spell def: Spell_AG_Invulnerability_Autogen_7542
22:48:06.418         | Added def: Module_Autogen_5564272843, idx: 25987, total: 119
22:48:06.418         | Added spell def: Spell_AG_DamageToPower_Autogen_7543
22:48:06.418         | Added spell def: Spell_AG_Invulnerability_Autogen_7544
22:48:06.418         | Added def: Module_Autogen_6129200938, idx: 25988, total: 120
22:48:06.420         | Added spell def: Spell_AG_SpikeShield_Autogen_7545
22:48:06.420         | Added spell def: Spell_AG_GravityBomb_Start_Autogen_7546
22:48:06.420         | Added def: Module_Autogen_5677124499, idx: 25989, total: 121
22:48:06.420         | Added def: Module_Autogen_5718453569, idx: 25990, total: 122
22:48:06.450         | client: ADD_PLAYER 8 (KAMA3, 650982) status 6 team 1
22:48:06.453         | Added def: Module_Autogen_752141301, idx: 25991, total: 123
22:48:06.453         | Added def: Module_Autogen_434021254, idx: 25992, total: 124
22:48:06.453         | Added def: Module_Autogen_434021268, idx: 25993, total: 125
22:48:06.453         | Added def: Module_Autogen_711611888, idx: 25994, total: 126
22:48:06.453         | Added spell def: Spell_AG_Invulnerability_Autogen_7547
22:48:06.453         | Added def: Module_Autogen_6676935807, idx: 25995, total: 127
22:48:06.460         | Added def: Module_Autogen_1967190615, idx: 25996, total: 128
22:48:06.460         | Added def: Module_Autogen_1963205181, idx: 25997, total: 129
22:48:06.460         | Added spell def: Spell_AG_EnergyVampire_Autogen_7548
22:48:06.460         | Added spell def: Spell_AG_SpikeRam_Autogen_7549
22:48:06.460         | Added def: Module_Autogen_6978204971, idx: 25998, total: 130
22:48:06.460         | Added def: Module_Autogen_7034557692, idx: 25999, total: 131
22:48:06.467         | Added def: Module_Autogen_6809699032, idx: 26000, total: 132
22:48:06.467         | Added def: Module_Autogen_2220378112, idx: 26001, total: 133
22:48:06.467         | Added def: Module_Autogen_2090392446, idx: 26002, total: 134
22:48:06.467         | Added def: Module_Autogen_2446055954, idx: 26003, total: 135
22:48:06.467         | Added def: Module_Autogen_2563345015, idx: 26004, total: 136
22:48:06.479         | Added def: Module_Autogen_3506949453, idx: 26005, total: 137
22:48:06.479         | Added def: Module_Autogen_1962974359, idx: 26006, total: 138
22:48:06.479         | Added def: Module_Autogen_4788731353, idx: 26007, total: 139
22:48:06.479         | Added def: Module_Autogen_2296246356, idx: 26008, total: 140
22:48:06.479         | Added def: Module_Autogen_7204847388, idx: 26009, total: 141
22:48:06.513         | client: ADD_PLAYER 9 (YARTVIR, 3621630) status 6 team 2
22:48:06.531  WARNING| frame 197902 gameGlobals.frameTimeReal is too large (0.157911)
22:48:06.563  WARNING| Client: received Entity sync notification #0 for entity with netId 1188, but entity doesn't exist(def 'Projectile_GreenArtillery')
22:48:06.563  WARNING| Client: received Entity sync notification #0 for entity with netId 1189, but entity doesn't exist(def 'Projectile_GreenArtillery')
22:48:06.563  WARNING| Client: received Entity sync notification #0 for entity with netId 1190, but entity doesn't exist(def 'Projectile_GreenArtillery')
22:48:11.675         | Added def: Module_Autogen_2099773622, idx: 26010, total: 142
22:48:11.675         | Added def: Module_Autogen_2172254389, idx: 26011, total: 143
22:48:11.675         | Added def: Module_Autogen_2533827013, idx: 26012, total: 144
22:48:11.675         | Added spell def: Spell_AG_SpikeShield_Autogen_7550
22:48:11.675         | Added def: Module_Autogen_4274190459, idx: 26013, total: 145
22:48:11.675         | Added def: Module_Autogen_1626009750, idx: 26014, total: 146
22:48:11.675         | Added spell def: Spell_AG_DynamicShield_Autogen_7551
22:48:11.675         | Added spell def: Spell_AG_Impulse_Autogen_7552
22:48:11.697         | Added def: Module_Autogen_571830674, idx: 26015, total: 147
22:48:11.697         | Added spell def: Spell_AG_ResistHullDec_Autogen_7553
22:48:11.697         | Added def: Module_Autogen_2214578264, idx: 26016, total: 148
22:48:11.697         | Added def: Module_Autogen_6156234249, idx: 26017, total: 149
22:48:11.697         | Added def: Module_Autogen_7230932220, idx: 26018, total: 150
22:48:11.697         | Added def: Module_Autogen_5920608874, idx: 26019, total: 151
22:48:11.711         | client: ADD_PLAYER 10 (Argon21Praim [], 2818450) status 6 team 1
22:48:11.715         | Added def: Module_Autogen_7831895430, idx: 26020, total: 152
22:48:11.729         | client: ADD_PLAYER 11 (s85 [], 2517175) status 6 team 2
22:48:11.859  WARNING| script (ui\scripts\work\uigamefuncs.lua@0): UI:GetDef()[ERROR]: cannot find def for 'n/a'
22:48:11.859  WARNING| script (ui\scripts\work\uigamefuncs.lua@0): UI:GetEntityLocalizedNameByDef()[ERROR]: cannot find def "n/a"
22:48:11.859         | client: player 62 leave game
22:48:11.863         | client: ADD_PLAYER 8 (KAMA3, 650982) status 4 team 1
22:48:16.235         | client: player 63 leave game
22:48:16.241         | client: ADD_PLAYER 11 (s85 [], 2517175) status 4 team 2
22:48:17.526  WARNING| script (ui\scripts\work\uigamefuncs.lua@0): UI:GetDef()[ERROR]: cannot find def for 'n/a'
22:48:17.526  WARNING| script (ui\scripts\work\uigamefuncs.lua@0): UI:GetEntityLocalizedNameByDef()[ERROR]: cannot find def "n/a"
22:48:17.526         | client: player 60 leave game
22:48:17.534         | client: ADD_PLAYER 9 (YARTVIR, 3621630) status 4 team 2
22:48:17.534  WARNING| client: removing entity netId 1334 but it doesn't exist (def 'SpellAuraEntity')
22:48:17.534  WARNING| client: removing entity netId 1335 but it doesn't exist (def 'SpellAuraEntity')
22:48:19.153  WARNING| script (ui\scripts\work\uigamefuncs.lua@0): UI:GetDef()[ERROR]: cannot find def for 'n/a'
22:48:19.153  WARNING| script (ui\scripts\work\uigamefuncs.lua@0): UI:GetEntityLocalizedNameByDef()[ERROR]: cannot find def "n/a"
22:48:19.154         | client: player 61 leave game
22:48:19.161         | client: ADD_PLAYER 10 (Argon21Praim [VIII], 2818450) status 4 team 1
22:48:26.843  WARNING| Client: received Entity sync notification #2 for entity with netId 1676, but entity doesn't exist(def 'HealScrap_ThrasherGun')
22:48:26.843  WARNING| client: removing entity netId 1676 but it doesn't exist (def 'HealScrap_ThrasherGun')
22:48:27.963  WARNING| Client: received Entity sync notification #0 for entity with netId 1716, but entity doesn't exist(def 'Projectile_GreenArtillery')
22:48:27.963  WARNING| Client: received Entity sync notification #0 for entity with netId 1717, but entity doesn't exist(def 'Projectile_GreenArtillery')
22:48:27.963  WARNING| Client: received Entity sync notification #0 for entity with netId 1718, but entity doesn't exist(def 'Projectile_GreenArtillery')
22:48:27.969  WARNING| Client: received Entity sync notification #0 for entity with netId 1719, but entity doesn't exist(def 'Projectile_GreenArtillery')
22:48:45.477  WARNING| Client: received Entity sync notification #1 for entity with netId 2366, but entity doesn't exist(def 'Projectile_CorV2_SmartRL')
22:48:46.596  WARNING| Client: received Entity sync notification #0 for entity with netId 2412, but entity doesn't exist(def 'Projectile_CorV2_SmartRL')
22:48:46.713  WARNING| client: removing entity netId 2419 but it doesn't exist (def 'SpellAuraEntity')
22:48:46.713  WARNING| client: removing entity netId 2420 but it doesn't exist (def 'SpellAuraEntity')
22:48:47.731  WARNING| Client: received Entity sync notification #0 for entity with netId 2457, but entity doesn't exist(def 'Projectile_GreenArtillery')
22:48:47.731  WARNING| Client: received Entity sync notification #0 for entity with netId 2458, but entity doesn't exist(def 'Projectile_GreenArtillery')
22:48:47.731  WARNING| Client: received Entity sync notification #0 for entity with netId 2459, but entity doesn't exist(def 'Projectile_GreenArtillery')
22:48:47.731  WARNING| Client: received Entity sync notification #0 for entity with netId 2460, but entity doesn't exist(def 'Projectile_GreenArtillery')
22:48:53.668    ERROR| Material 'Materials.Default' has no effect 'CrystallSparks'
22:48:53.668    ERROR| Material 'Materials.Default' has no effect 'CrystallSparks'
22:48:53.680    ERROR| Material 'Materials.Default' has no effect 'CrystallSparks'
22:48:53.680    ERROR| Material 'Materials.Default' has no effect 'CrystallSparks'
22:48:53.680    ERROR| Material 'Materials.Default' has no effect 'CrystallSparks'
22:48:53.680    ERROR| Material 'Materials.Default' has no effect 'CrystallSparks'
22:48:53.680    ERROR| Material 'Materials.Default' has no effect 'CrystallSparks'
22:48:53.680    ERROR| Material 'Materials.Default' has no effect 'CrystallSparks'
22:48:54.120    ERROR| Material 'Materials.Default' has no effect 'CrystallSparks'
22:48:54.120    ERROR| Material 'Materials.Default' has no effect 'CrystallSparks'
22:48:54.120    ERROR| Material 'Materials.Default' has no effect 'CrystallSparks'
22:48:54.132    ERROR| Material 'Materials.Default' has no effect 'CrystallSparks'
22:48:54.132    ERROR| Material 'Materials.Default' has no effect 'CrystallSparks'
22:48:54.132    ERROR| Material 'Materials.Default' has no effect 'CrystallSparks'
22:48:54.132    ERROR| Material 'Materials.Default' has no effect 'CrystallSparks'
22:48:54.132    ERROR| Material 'Materials.Default' has no effect 'CrystallSparks'
22:48:54.576    ERROR| Material 'Materials.Default' has no effect 'CrystallSparks'
22:48:54.576    ERROR| Material 'Materials.Default' has no effect 'CrystallSparks'
22:48:54.576    ERROR| Material 'Materials.Default' has no effect 'CrystallSparks'
22:48:54.576    ERROR| Material 'Materials.Default' has no effect 'CrystallSparks'
22:48:54.576    ERROR| Material 'Materials.Default' has no effect 'CrystallSparks'
22:48:54.576    ERROR| Material 'Materials.Default' has no effect 'CrystallSparks'
22:48:58.837  WARNING| Client: received Entity sync notification #1 for entity with netId 2864, but entity doesn't exist(def 'Projectile_CorV2_SmartRL')
22:49:02.316  WARNING| Client: received Entity sync notification #1 for entity with netId 2986, but entity doesn't exist(def 'Projectile_CorV2_SmartRL')
22:49:03.720  WARNING| Client: received Entity sync notification #1 for entity with netId 3018, but entity doesn't exist(def 'Projectile_CorV2_SmartRL')
22:49:12.645  WARNING| Client: received Entity sync notification #1 for entity with netId 3458, but entity doesn't exist(def 'Projectile_CorV2_SmartRL')
22:49:16.187  WARNING| Client: received Entity sync notification #1 for entity with netId 3554, but entity doesn't exist(def 'Projectile_CorV2_SmartRL')
22:49:18.991  WARNING| Client: received Entity sync notification #1 for entity with netId 3643, but entity doesn't exist(def 'Projectile_CorV2_SmartRL')
22:49:27.348  WARNING| Client: received Entity sync notification #0 for entity with netId 3886, but entity doesn't exist(def 'Projectile_CarolCannon')
22:49:27.686  WARNING| Client: received Entity sync notification #0 for entity with netId 3896, but entity doesn't exist(def 'Projectile_CarolCannon')
22:49:28.022  WARNING| Client: received Entity sync notification #0 for entity with netId 3899, but entity doesn't exist(def 'Projectile_CarolCannon')
22:49:28.359  WARNING| Client: received Entity sync notification #0 for entity with netId 3907, but entity doesn't exist(def 'Projectile_CarolCannon')
22:49:28.694  WARNING| Client: received Entity sync notification #0 for entity with netId 3917, but entity doesn't exist(def 'Projectile_CarolCannon')
22:49:28.715         | Environment setting 'factory_pirate_dreamland' loaded
22:49:29.029  WARNING| Client: received Entity sync notification #0 for entity with netId 3926, but entity doesn't exist(def 'Projectile_CarolCannon')
22:49:33.185         | Environment setting 'factory_pirate_dreamland' loaded
22:49:33.852  WARNING| client: removing entity netId 4069 but it doesn't exist (def 'SpellAuraEntity')
22:49:39.357  WARNING| Client: received Entity sync notification #0 for entity with netId 4406, but entity doesn't exist(def 'Projectile_CarolCannon')
22:49:39.642  WARNING| Client: received Entity sync notification #1 for entity with netId 4424, but entity doesn't exist(def 'Projectile_CorV2_SmartRL')
22:49:39.693  WARNING| Client: received Entity sync notification #0 for entity with netId 4423, but entity doesn't exist(def 'Projectile_CarolCannon')
22:49:41.042  WARNING| Client: received Entity sync notification #1 for entity with netId 4501, but entity doesn't exist(def 'Projectile_CorV2_SmartRL')
22:49:42.445  WARNING| Client: received Entity sync notification #1 for entity with netId 4603, but entity doesn't exist(def 'Projectile_CorV2_SmartRL')
22:49:46.497  WARNING| Client: received Entity sync notification #1 for entity with netId 4853, but entity doesn't exist(def 'Projectile_CorV2_SmartRL')
22:49:47.886  WARNING| Client: received Entity sync notification #1 for entity with netId 4916, but entity doesn't exist(def 'Projectile_CorV2_SmartRL')
22:49:51.881  WARNING| client: removing entity netId 5159 but it doesn't exist (def 'HealScrap_ThrasherGun')
22:49:52.374  WARNING| Client: received Entity sync notification #1 for entity with netId 5199, but entity doesn't exist(def 'Projectile_CorV2_SmartRL')
22:49:52.943  WARNING| client: removing entity netId 5252 but it doesn't exist (def 'HealScrap_ThrasherGun')
22:49:55.852  WARNING| Client: received Entity sync notification #1 for entity with netId 5490, but entity doesn't exist(def 'Projectile_CorV2_SmartRL')
22:49:57.152  WARNING| client: removing entity netId 5583 but it doesn't exist (def 'HealScrap_ThrasherGun')
22:49:58.215  WARNING| client: removing entity netId 5641 but it doesn't exist (def 'HealScrap_ThrasherGun')
22:49:58.502  WARNING| Client: received Entity sync notification #1 for entity with netId 5660, but entity doesn't exist(def 'Projectile_CorV2_SmartRL')
22:49:59.897  WARNING| Client: received Entity sync notification #1 for entity with netId 5721, but entity doesn't exist(def 'Projectile_CorV2_SmartRL')
22:50:01.300  WARNING| Client: received Entity sync notification #1 for entity with netId 5777, but entity doesn't exist(def 'Projectile_CorV2_SmartRL')
22:50:04.783  WARNING| Client: received Entity sync notification #1 for entity with netId 5942, but entity doesn't exist(def 'Projectile_CorV2_SmartRL')
22:50:07.152  WARNING| client: removing entity netId 6027 but it doesn't exist (def 'SpellAuraEntity')
22:50:07.590  WARNING| Client: received Entity sync notification #1 for entity with netId 6047, but entity doesn't exist(def 'Projectile_CorV2_SmartRL')
22:50:11.567  WARNING| Client: received Entity sync notification #1 for entity with netId 6186, but entity doesn't exist(def 'Projectile_CorV2_SmartRL')
22:50:12.977  WARNING| Client: received Entity sync notification #1 for entity with netId 6216, but entity doesn't exist(def 'Projectile_CorV2_SmartRL')
22:50:14.377  WARNING| Client: received Entity sync notification #1 for entity with netId 6238, but entity doesn't exist(def 'Projectile_CorV2_SmartRL')
22:50:17.851  WARNING| Client: received Entity sync notification #1 for entity with netId 6403, but entity doesn't exist(def 'Projectile_CorV2_SmartRL')
22:50:19.256  WARNING| Client: received Entity sync notification #1 for entity with netId 6489, but entity doesn't exist(def 'Projectile_CorV2_SmartRL')
22:50:20.657  WARNING| Client: received Entity sync notification #1 for entity with netId 6570, but entity doesn't exist(def 'Projectile_CorV2_SmartRL')
22:50:24.139  WARNING| Client: received Entity sync notification #1 for entity with netId 6791, but entity doesn't exist(def 'Projectile_CorV2_SmartRL')
22:50:25.547  WARNING| Client: received Entity sync notification #1 for entity with netId 6876, but entity doesn't exist(def 'Projectile_CorV2_SmartRL')
22:50:25.547  WARNING| Client: received Entity sync notification #1 for entity with netId 6877, but entity doesn't exist(def 'Projectile_CorV2_SmartRL')
22:50:26.010  WARNING| client: removing entity netId 6906 but it doesn't exist (def 'SpellAuraEntity')
22:50:26.943  WARNING| Client: received Entity sync notification #1 for entity with netId 6969, but entity doesn't exist(def 'Projectile_CorV2_SmartRL')
22:50:27.056  WARNING| Client: received Entity sync notification #1 for entity with netId 6980, but entity doesn't exist(def 'Projectile_CorV2_SmartRL')
22:50:28.469  WARNING| Client: received Entity sync notification #1 for entity with netId 7072, but entity doesn't exist(def 'Projectile_CorV2_SmartRL')
22:50:35.360  WARNING| Client: received Entity sync notification #1 for entity with netId 7438, but entity doesn't exist(def 'Projectile_CorV2_SmartRL')
22:50:47.042  WARNING| Client: received Entity sync notification #10 for entity with netId 8112, but entity doesn't exist(def 'Projectile_NailIron_Pirate')
22:50:47.042  WARNING| Client: received Entity sync notification #9 for entity with netId 8112, but entity doesn't exist(def 'Projectile_NailIron_Pirate')
22:50:47.042  WARNING| Client: received Entity sync notification #10 for entity with netId 8111, but entity doesn't exist(def 'Projectile_NailIron_Pirate')
22:50:47.042  WARNING| Client: received Entity sync notification #9 for entity with netId 8111, but entity doesn't exist(def 'Projectile_NailIron_Pirate')
22:50:47.444  WARNING| client: removing entity netId 8138 but it doesn't exist (def 'HealScrap_ThrasherGun')
22:50:47.947  WARNING| Client: received Entity sync notification #10 for entity with netId 8159, but entity doesn't exist(def 'Projectile_NailIron_Pirate')
22:50:47.947  WARNING| Client: received Entity sync notification #9 for entity with netId 8159, but entity doesn't exist(def 'Projectile_NailIron_Pirate')
22:50:48.393  WARNING| Client: received Entity sync notification #10 for entity with netId 8176, but entity doesn't exist(def 'Projectile_NailIron_Pirate')
22:50:48.393  WARNING| Client: received Entity sync notification #9 for entity with netId 8176, but entity doesn't exist(def 'Projectile_NailIron_Pirate')
22:50:48.455  WARNING| script (ui\scripts\work\uigamefuncs.lua@0): UI:GetDef()[ERROR]: cannot find def for 'n/a'
22:50:48.455  WARNING| script (ui\scripts\work\uigamefuncs.lua@0): UI:GetEntityLocalizedNameByDef()[ERROR]: cannot find def "n/a"
22:50:48.455  WARNING| script (ui\scripts\work\uigamefuncs.lua@0): UI:GetDef()[ERROR]: cannot find def for 'n/a'
22:50:48.455  WARNING| script (ui\scripts\work\uigamefuncs.lua@0): UI:GetEntityLocalizedNameByDef()[ERROR]: cannot find def "n/a"
22:50:54.679  WARNING| Client: received Entity sync notification #1 for entity with netId 8414, but entity doesn't exist(def 'Projectile_CorV2_SmartRL')
22:50:55.081  WARNING| Client: received Entity sync notification #2 for entity with netId 8423, but entity doesn't exist(def 'HealScrap_ThrasherGun')
22:50:55.081  WARNING| client: removing entity netId 8423 but it doesn't exist (def 'HealScrap_ThrasherGun')
22:50:56.431  WARNING| Client: received Entity sync notification #2 for entity with netId 8453, but entity doesn't exist(def 'HealScrap_ThrasherGun')
22:50:56.431  WARNING| client: removing entity netId 8453 but it doesn't exist (def 'HealScrap_ThrasherGun')
22:50:56.997  WARNING| client: removing entity netId 8469 but it doesn't exist (def 'SpellAuraEntity')
22:50:57.270  WARNING| client: removing entity netId 8480 but it doesn't exist (def 'SpellAuraEntity')
22:50:57.270  WARNING| client: removing entity netId 8481 but it doesn't exist (def 'SpellAuraEntity')
22:50:57.437  WARNING| Client: received Entity sync notification #2 for entity with netId 8489, but entity doesn't exist(def 'HealScrap_ThrasherGun')
22:50:57.437  WARNING| client: removing entity netId 8489 but it doesn't exist (def 'HealScrap_ThrasherGun')
22:50:57.549  WARNING| Client: received Entity sync notification #1 for entity with netId 8491, but entity doesn't exist(def 'Projectile_CorV2_SmartRL')
22:51:00.071  WARNING| Client: received Entity sync notification #1 for entity with netId 8540, but entity doesn't exist(def 'Projectile_CorV2_SmartRL')
22:51:01.032  WARNING| Client: received Entity sync notification #1 for entity with netId 8556, but entity doesn't exist(def 'Projectile_CorV2_SmartRL')
22:51:01.475  WARNING| Client: received Entity sync notification #1 for entity with netId 8562, but entity doesn't exist(def 'Projectile_CorV2_SmartRL')
22:51:01.529  WARNING| Client: received Entity sync notification #0 for entity with netId 8562, but entity doesn't exist(def 'Projectile_CorV2_SmartRL')
22:51:02.430  WARNING| Client: received Entity sync notification #1 for entity with netId 8571, but entity doesn't exist(def 'Projectile_CorV2_SmartRL')
22:51:02.876  WARNING| Client: received Entity sync notification #1 for entity with netId 8577, but entity doesn't exist(def 'Projectile_CorV2_SmartRL')
22:51:03.833  WARNING| Client: received Entity sync notification #1 for entity with netId 8602, but entity doesn't exist(def 'Projectile_CorV2_SmartRL')
22:51:07.314  WARNING| Client: received Entity sync notification #1 for entity with netId 8655, but entity doesn't exist(def 'Projectile_CorV2_SmartRL')
22:51:08.715  WARNING| Client: received Entity sync notification #1 for entity with netId 8667, but entity doesn't exist(def 'Projectile_CorV2_SmartRL')
22:51:10.116  WARNING| Client: received Entity sync notification #1 for entity with netId 8713, but entity doesn't exist(def 'Projectile_CorV2_SmartRL')
22:51:10.232  WARNING| Client: received Entity sync notification #1 for entity with netId 8716, but entity doesn't exist(def 'Projectile_CorV2_SmartRL')
22:51:11.635  WARNING| Client: received Entity sync notification #1 for entity with netId 8759, but entity doesn't exist(def 'Projectile_CorV2_SmartRL')
22:51:13.035  WARNING| Client: received Entity sync notification #1 for entity with netId 8795, but entity doesn't exist(def 'Projectile_CorV2_SmartRL')
22:51:16.017  WARNING| Client: received Entity sync notification #7 for entity with netId 8935, but entity doesn't exist(def 'projectile_Projectile_GG_BubbleGun_T5_Epic')
22:51:16.354  WARNING| Client: received Entity sync notification #1 for entity with netId 8947, but entity doesn't exist(def 'Projectile_CorV2_SmartRL')
22:51:16.522  WARNING| Client: received Entity sync notification #1 for entity with netId 8952, but entity doesn't exist(def 'Projectile_CorV2_SmartRL')
22:51:17.762  WARNING| Client: received Entity sync notification #1 for entity with netId 8981, but entity doesn't exist(def 'Projectile_CorV2_SmartRL')
22:51:17.922  WARNING| Client: received Entity sync notification #1 for entity with netId 8986, but entity doesn't exist(def 'Projectile_CorV2_SmartRL')
22:51:19.332  WARNING| Client: received Entity sync notification #1 for entity with netId 9031, but entity doesn't exist(def 'Projectile_CorV2_SmartRL')
22:51:20.284  WARNING| Client: received Entity sync notification #7 for entity with netId 9060, but entity doesn't exist(def 'projectile_Projectile_GG_BubbleGun_T5_Epic')
22:51:20.848  WARNING| Client: received Entity sync notification #7 for entity with netId 9078, but entity doesn't exist(def 'projectile_Projectile_GG_BubbleGun_T5_Epic')
22:51:21.294  WARNING| client: removing entity netId 9090 but it doesn't exist (def 'HealScrap_ThrasherGun')
22:51:21.407  WARNING| Client: received Entity sync notification #7 for entity with netId 9092, but entity doesn't exist(def 'projectile_Projectile_GG_BubbleGun_T5_Epic')
22:51:22.363  WARNING| client: removing entity netId 9115 but it doesn't exist (def 'HealScrap_ThrasherGun')
22:51:27.689  WARNING| client: removing entity netId 9250 but it doesn't exist (def 'SpellAuraEntity')
22:51:41.103  WARNING| Client: received Entity sync notification #2 for entity with netId 9599, but entity doesn't exist(def 'HealScrap_ThrasherGun')
22:51:41.103  WARNING| client: removing entity netId 9599 but it doesn't exist (def 'HealScrap_ThrasherGun')
22:51:41.717  WARNING| Client: received Entity sync notification #8 for entity with netId 9613, but entity doesn't exist(def 'Projectile_GreenArtillery')
22:51:41.717  WARNING| Client: received Entity sync notification #0 for entity with netId 9613, but entity doesn't exist(def 'Projectile_GreenArtillery')
22:51:41.717  WARNING| Client: received Entity sync notification #8 for entity with netId 9614, but entity doesn't exist(def 'Projectile_GreenArtillery')
22:51:41.717  WARNING| Client: received Entity sync notification #0 for entity with netId 9614, but entity doesn't exist(def 'Projectile_GreenArtillery')
22:51:41.717  WARNING| Client: received Entity sync notification #8 for entity with netId 9615, but entity doesn't exist(def 'Projectile_GreenArtillery')
22:51:41.717  WARNING| Client: received Entity sync notification #0 for entity with netId 9615, but entity doesn't exist(def 'Projectile_GreenArtillery')
22:51:41.717  WARNING| Client: received Entity sync notification #8 for entity with netId 9616, but entity doesn't exist(def 'Projectile_GreenArtillery')
22:51:41.717  WARNING| Client: received Entity sync notification #0 for entity with netId 9616, but entity doesn't exist(def 'Projectile_GreenArtillery')
22:51:42.338  WARNING| Client: received Entity sync notification #1 for entity with netId 9632, but entity doesn't exist(def 'Projectile_CorV2_SmartRL')
22:51:45.144  WARNING| Client: received Entity sync notification #2 for entity with netId 9717, but entity doesn't exist(def 'HealScrap_ThrasherGun')
22:51:45.144  WARNING| client: removing entity netId 9717 but it doesn't exist (def 'HealScrap_ThrasherGun')
22:51:47.889  WARNING| client: removing entity netId 9788 but it doesn't exist (def 'SpellAuraEntity')
22:51:58.275  WARNING| Client: received Entity sync notification #1 for entity with netId 9970, but entity doesn't exist(def 'Projectile_CorV2_SmartRL')
22:51:59.903  WARNING| client: removing entity netId 9992 but it doesn't exist (def 'SpellAuraEntity')
22:52:02.487  WARNING| Client: received Entity sync notification #1 for entity with netId 10026, but entity doesn't exist(def 'Projectile_CorV2_SmartRL')
22:52:06.750  WARNING| Client: received Entity sync notification #0 for entity with netId 10061, but entity doesn't exist(def 'FrigateDrone')
22:52:10.668         | Environment setting 'factory_pirate_dreamland' loaded
22:52:10.697  WARNING| Client: received Entity sync notification #0 for entity with netId 10150, but entity doesn't exist(def 'Drone_ThrasherDrones')
22:52:14.613  WARNING| Client: received Entity sync notification #1 for entity with netId 10265, but entity doesn't exist(def 'Projectile_CorV2_SmartRL')
22:52:15.174  WARNING| Client: received Entity sync notification #7 for entity with netId 10281, but entity doesn't exist(def 'projectile_Projectile_GG_BubbleGun_T5_Epic')
22:52:16.015  WARNING| Client: received Entity sync notification #1 for entity with netId 10307, but entity doesn't exist(def 'Projectile_CorV2_SmartRL')
22:52:16.405  WARNING| Client: received Entity sync notification #7 for entity with netId 10318, but entity doesn't exist(def 'projectile_Projectile_GG_BubbleGun_T5_Epic')
22:52:30.174  WARNING| client: removing entity netId 10775 but it doesn't exist (def 'SpellAuraEntity')
22:52:35.495  WARNING| Client: received Entity sync notification #1 for entity with netId 11012, but entity doesn't exist(def 'Projectile_CorV2_SmartRL')
22:52:36.906  WARNING| Client: received Entity sync notification #1 for entity with netId 11076, but entity doesn't exist(def 'Projectile_CorV2_SmartRL')
22:52:38.304  WARNING| Client: received Entity sync notification #1 for entity with netId 11114, but entity doesn't exist(def 'Projectile_CorV2_SmartRL')
22:52:57.717    ERROR| Material 'Materials.Default' has no effect 'CrystallSparks'
22:52:57.717    ERROR| Material 'Materials.Default' has no effect 'CrystallSparks'
22:52:57.717    ERROR| Material 'Materials.Default' has no effect 'CrystallSparks'
22:52:57.717    ERROR| Material 'Materials.Default' has no effect 'CrystallSparks'
22:52:57.717    ERROR| Material 'Materials.Default' has no effect 'CrystallSparks'
22:52:57.717    ERROR| Material 'Materials.Default' has no effect 'CrystallSparks'
22:52:57.728    ERROR| Material 'Materials.Default' has no effect 'CrystallSparks'
22:52:57.728    ERROR| Material 'Materials.Default' has no effect 'CrystallSparks'
22:52:58.166    ERROR| Material 'Materials.Default' has no effect 'CrystallSparks'
22:52:58.170    ERROR| Material 'Materials.Default' has no effect 'CrystallSparks'
22:52:58.170    ERROR| Material 'Materials.Default' has no effect 'CrystallSparks'
22:52:58.176    ERROR| Material 'Materials.Default' has no effect 'CrystallSparks'
22:52:58.176    ERROR| Material 'Materials.Default' has no effect 'CrystallSparks'
22:52:58.176    ERROR| Material 'Materials.Default' has no effect 'CrystallSparks'
22:52:58.176    ERROR| Material 'Materials.Default' has no effect 'CrystallSparks'
22:52:58.176    ERROR| Material 'Materials.Default' has no effect 'CrystallSparks'
22:52:58.617    ERROR| Material 'Materials.Default' has no effect 'CrystallSparks'
22:52:58.617    ERROR| Material 'Materials.Default' has no effect 'CrystallSparks'
22:52:58.617    ERROR| Material 'Materials.Default' has no effect 'CrystallSparks'
22:52:58.617    ERROR| Material 'Materials.Default' has no effect 'CrystallSparks'
22:52:58.617    ERROR| Material 'Materials.Default' has no effect 'CrystallSparks'
22:52:58.617    ERROR| Material 'Materials.Default' has no effect 'CrystallSparks'
22:52:58.617    ERROR| Material 'Materials.Default' has no effect 'CrystallSparks'
22:52:58.617    ERROR| Material 'Materials.Default' has no effect 'CrystallSparks'
22:52:59.068    ERROR| Material 'Materials.Default' has no effect 'CrystallSparks'
22:52:59.068    ERROR| Material 'Materials.Default' has no effect 'CrystallSparks'
22:52:59.068    ERROR| Material 'Materials.Default' has no effect 'CrystallSparks'
22:52:59.068    ERROR| Material 'Materials.Default' has no effect 'CrystallSparks'
22:52:59.068    ERROR| Material 'Materials.Default' has no effect 'CrystallSparks'
22:52:59.514    ERROR| Material 'Materials.Default' has no effect 'CrystallSparks'
22:52:59.514    ERROR| Material 'Materials.Default' has no effect 'CrystallSparks'
22:52:59.514    ERROR| Material 'Materials.Default' has no effect 'CrystallSparks'
22:53:00.631  WARNING| Client: received Entity sync notification #1 for entity with netId 11805, but entity doesn't exist(def 'Projectile_CorV2_SmartRL')
22:53:09.062  WARNING| Client: received Entity sync notification #7 for entity with netId 12135, but entity doesn't exist(def 'projectile_Projectile_GG_BubbleGun_T5_Epic')
22:53:16.907  WARNING| Client: received Entity sync notification #7 for entity with netId 12486, but entity doesn't exist(def 'projectile_Projectile_GG_BubbleGun_T5_Epic')
22:53:27.917  WARNING| client: removing entity netId 12828 but it doesn't exist (def 'SpellAuraEntity')
22:53:29.361  WARNING| Client: received Entity sync notification #1 for entity with netId 12856, but entity doesn't exist(def 'Projectile_CorV2_SmartRL')
22:53:38.826         | Environment setting 'factory_pirate_dreamland' loaded
22:53:54.852  WARNING| Client: received Entity sync notification #10 for entity with netId 13413, but entity doesn't exist(def 'Projectile_NailIron_Pirate')
22:53:54.852  WARNING| Client: received Entity sync notification #9 for entity with netId 13413, but entity doesn't exist(def 'Projectile_NailIron_Pirate')
22:53:55.303  WARNING| Client: received Entity sync notification #10 for entity with netId 13435, but entity doesn't exist(def 'Projectile_NailIron_Pirate')
22:53:55.303  WARNING| Client: received Entity sync notification #9 for entity with netId 13435, but entity doesn't exist(def 'Projectile_NailIron_Pirate')
22:53:55.309  WARNING| Client: received Entity sync notification #10 for entity with netId 13434, but entity doesn't exist(def 'Projectile_NailIron_Pirate')
22:53:55.309  WARNING| Client: received Entity sync notification #9 for entity with netId 13434, but entity doesn't exist(def 'Projectile_NailIron_Pirate')
22:54:19.323  WARNING| client: removing entity netId 14350 but it doesn't exist (def 'SpellAuraEntity')
22:54:21.025  WARNING| client: removing entity netId 14434 but it doesn't exist (def 'SpellAuraEntity')
22:54:26.680  WARNING| Client: received Entity sync notification #1 for entity with netId 14728, but entity doesn't exist(def 'Projectile_CorV2_SmartRL')
22:54:33.578  WARNING| Client: received Entity sync notification #0 for entity with netId 15009, but entity doesn't exist(def 'Projectile_GreenArtillery')
22:54:33.585  WARNING| Client: received Entity sync notification #0 for entity with netId 15006, but entity doesn't exist(def 'Projectile_GreenArtillery')
22:54:33.585  WARNING| Client: received Entity sync notification #0 for entity with netId 15007, but entity doesn't exist(def 'Projectile_GreenArtillery')
22:54:33.585  WARNING| Client: received Entity sync notification #0 for entity with netId 15008, but entity doesn't exist(def 'Projectile_GreenArtillery')
22:54:37.165  WARNING| client: removing entity netId 15120 but it doesn't exist (def 'SpellAuraEntity')
22:54:38.245  WARNING| Client: received Entity sync notification #1 for entity with netId 15165, but entity doesn't exist(def 'Projectile_CorV2_SmartRL')
22:54:38.966  WARNING| Client: received Entity sync notification #1 for entity with netId 15191, but entity doesn't exist(def 'Projectile_CorV2_SmartRL')
22:54:40.380  WARNING| Client: received Entity sync notification #1 for entity with netId 15236, but entity doesn't exist(def 'Projectile_CorV2_SmartRL')
22:54:40.429  WARNING| Client: received Entity sync notification #0 for entity with netId 15236, but entity doesn't exist(def 'Projectile_CorV2_SmartRL')
22:54:41.448  WARNING| Client: received Entity sync notification #0 for entity with netId 15274, but entity doesn't exist(def 'Projectile_GreenArtillery')
22:54:41.448  WARNING| Client: received Entity sync notification #0 for entity with netId 15275, but entity doesn't exist(def 'Projectile_GreenArtillery')
22:54:41.448  WARNING| Client: received Entity sync notification #0 for entity with netId 15276, but entity doesn't exist(def 'Projectile_GreenArtillery')
22:54:41.448  WARNING| Client: received Entity sync notification #0 for entity with netId 15277, but entity doesn't exist(def 'Projectile_GreenArtillery')
22:54:41.947  WARNING| Client: received Entity sync notification #1 for entity with netId 15295, but entity doesn't exist(def 'Projectile_CorV2_SmartRL')
22:54:43.351  WARNING| Client: received Entity sync notification #1 for entity with netId 15361, but entity doesn't exist(def 'Projectile_CorV2_SmartRL')
22:54:44.754  WARNING| Client: received Entity sync notification #1 for entity with netId 15398, but entity doesn't exist(def 'Projectile_CorV2_SmartRL')
22:54:48.236  WARNING| Client: received Entity sync notification #1 for entity with netId 15477, but entity doesn't exist(def 'Projectile_CorV2_SmartRL')
22:54:49.636  WARNING| Client: received Entity sync notification #1 for entity with netId 15523, but entity doesn't exist(def 'Projectile_CorV2_SmartRL')
22:54:51.045  WARNING| Client: received Entity sync notification #1 for entity with netId 15555, but entity doesn't exist(def 'Projectile_CorV2_SmartRL')
22:54:52.116  WARNING| Client: received Entity sync notification #10 for entity with netId 15587, but entity doesn't exist(def 'Projectile_NailIron_Pirate')
22:54:52.116  WARNING| Client: received Entity sync notification #9 for entity with netId 15587, but entity doesn't exist(def 'Projectile_NailIron_Pirate')
22:54:52.563  WARNING| Client: received Entity sync notification #10 for entity with netId 15593, but entity doesn't exist(def 'Projectile_NailIron_Pirate')
22:54:52.563  WARNING| Client: received Entity sync notification #9 for entity with netId 15593, but entity doesn't exist(def 'Projectile_NailIron_Pirate')
22:54:52.563  WARNING| Client: received Entity sync notification #10 for entity with netId 15594, but entity doesn't exist(def 'Projectile_NailIron_Pirate')
22:54:52.563  WARNING| Client: received Entity sync notification #9 for entity with netId 15594, but entity doesn't exist(def 'Projectile_NailIron_Pirate')
22:54:52.563  WARNING| Client: received Entity sync notification #10 for entity with netId 15595, but entity doesn't exist(def 'Projectile_NailIron_Pirate')
22:54:52.563  WARNING| Client: received Entity sync notification #9 for entity with netId 15595, but entity doesn't exist(def 'Projectile_NailIron_Pirate')
22:54:52.898  WARNING| Client: received Entity sync notification #7 for entity with netId 15606, but entity doesn't exist(def 'projectile_Projectile_GG_BubbleGun_T5_Epic')
22:54:53.004  WARNING| Client: received Entity sync notification #1 for entity with netId 15615, but entity doesn't exist(def 'Projectile_CorV2_SmartRL')
22:54:53.015  WARNING| Client: received Entity sync notification #10 for entity with netId 15612, but entity doesn't exist(def 'Projectile_NailIron_Pirate')
22:54:53.015  WARNING| Client: received Entity sync notification #9 for entity with netId 15612, but entity doesn't exist(def 'Projectile_NailIron_Pirate')
22:54:53.015  WARNING| Client: received Entity sync notification #10 for entity with netId 15613, but entity doesn't exist(def 'Projectile_NailIron_Pirate')
22:54:53.015  WARNING| Client: received Entity sync notification #9 for entity with netId 15613, but entity doesn't exist(def 'Projectile_NailIron_Pirate')
22:54:53.455  WARNING| Client: received Entity sync notification #10 for entity with netId 15619, but entity doesn't exist(def 'Projectile_NailIron_Pirate')
22:54:53.455  WARNING| Client: received Entity sync notification #9 for entity with netId 15619, but entity doesn't exist(def 'Projectile_NailIron_Pirate')
22:54:53.461  WARNING| Client: received Entity sync notification #10 for entity with netId 15620, but entity doesn't exist(def 'Projectile_NailIron_Pirate')
22:54:53.461  WARNING| Client: received Entity sync notification #9 for entity with netId 15620, but entity doesn't exist(def 'Projectile_NailIron_Pirate')
22:54:53.907  WARNING| Client: received Entity sync notification #10 for entity with netId 15626, but entity doesn't exist(def 'Projectile_NailIron_Pirate')
22:54:53.907  WARNING| Client: received Entity sync notification #9 for entity with netId 15626, but entity doesn't exist(def 'Projectile_NailIron_Pirate')
22:54:53.907  WARNING| Client: received Entity sync notification #7 for entity with netId 15628, but entity doesn't exist(def 'projectile_Projectile_GG_BubbleGun_T5_Epic')
22:54:57.557  WARNING| Client: received Entity sync notification #1 for entity with netId 15659, but entity doesn't exist(def 'Projectile_CorV2_SmartRL')
22:54:58.954  WARNING| Client: received Entity sync notification #1 for entity with netId 15690, but entity doesn't exist(def 'Projectile_CorV2_SmartRL')
22:55:00.361  WARNING| Client: received Entity sync notification #1 for entity with netId 15709, but entity doesn't exist(def 'Projectile_CorV2_SmartRL')
22:55:00.699  WARNING| Client: received Entity sync notification #1 for entity with netId 15716, but entity doesn't exist(def 'Projectile_CorV2_SmartRL')
22:55:02.211  WARNING| client: removing entity netId 15739 but it doesn't exist (def 'SpellAuraEntity')
22:55:04.452  WARNING| Client: received Entity sync notification #1 for entity with netId 15756, but entity doesn't exist(def 'Projectile_CorV2_SmartRL')
22:55:07.438  WARNING| Client: received Entity sync notification #1 for entity with netId 15857, but entity doesn't exist(def 'Projectile_CorV2_SmartRL')
22:55:10.629  WARNING| client: removing entity netId 15963 but it doesn't exist (def 'SpellAuraEntity')
22:55:21.926  WARNING| Client: received Entity sync notification #1 for entity with netId 16416, but entity doesn't exist(def 'Projectile_CorV2_SmartRL')
22:55:31.350  WARNING| Client: received Entity sync notification #1 for entity with netId 16689, but entity doesn't exist(def 'Projectile_CorV2_SmartRL')
22:55:34.722  WARNING| Client: received Entity sync notification #1 for entity with netId 16780, but entity doesn't exist(def 'Projectile_CorV2_SmartRL')
22:55:37.018  WARNING| Client: received Entity sync notification #1 for entity with netId 16826, but entity doesn't exist(def 'Projectile_CorV2_SmartRL')
22:55:42.311  WARNING| client: removing entity netId 16992 but it doesn't exist (def 'SpellAuraEntity')
22:55:47.344  WARNING| Client: received Entity sync notification #1 for entity with netId 17084, but entity doesn't exist(def 'Projectile_CorV2_SmartRL')
22:55:48.867  WARNING| Client: received Entity sync notification #1 for entity with netId 17141, but entity doesn't exist(def 'Projectile_CorV2_SmartRL')
22:55:52.845  WARNING| Client: received Entity sync notification #0 for entity with netId 17235, but entity doesn't exist(def 'FrigateDrone')
22:55:56.124         | Environment setting 'factory_pirate_dreamland' loaded
22:56:21.742  WARNING| script (ui\scripts\windows\hudauraswnd.lua@0): UI.HudAurasWnd:FullUpdate()[ERROR]: cannot show aura; max number of slots reached
22:56:22.200  WARNING| Client: received Entity sync notification #1 for entity with netId 17995, but entity doesn't exist(def 'Projectile_CorV2_SmartRL')
22:56:23.592  WARNING| Client: received Entity sync notification #1 for entity with netId 18038, but entity doesn't exist(def 'Projectile_CorV2_SmartRL')
22:56:23.821  WARNING| Client: received Entity sync notification #10 for entity with netId 18041, but entity doesn't exist(def 'Projectile_NailIron_Pirate')
22:56:23.822  WARNING| Client: received Entity sync notification #10 for entity with netId 18042, but entity doesn't exist(def 'Projectile_NailIron_Pirate')
22:56:23.822  WARNING| Client: received Entity sync notification #10 for entity with netId 18043, but entity doesn't exist(def 'Projectile_NailIron_Pirate')
22:56:24.266  WARNING| Client: received Entity sync notification #10 for entity with netId 18062, but entity doesn't exist(def 'Projectile_NailIron_Pirate')
22:56:24.266  WARNING| Client: received Entity sync notification #10 for entity with netId 18057, but entity doesn't exist(def 'Projectile_NailIron_Pirate')
22:56:24.272  WARNING| Client: received Entity sync notification #10 for entity with netId 18058, but entity doesn't exist(def 'Projectile_NailIron_Pirate')
22:56:24.272  WARNING| Client: received Entity sync notification #10 for entity with netId 18059, but entity doesn't exist(def 'Projectile_NailIron_Pirate')
22:56:24.272  WARNING| Client: received Entity sync notification #10 for entity with netId 18060, but entity doesn't exist(def 'Projectile_NailIron_Pirate')
22:56:24.272  WARNING| Client: received Entity sync notification #10 for entity with netId 18061, but entity doesn't exist(def 'Projectile_NailIron_Pirate')
22:56:24.721  WARNING| Client: received Entity sync notification #10 for entity with netId 18075, but entity doesn't exist(def 'Projectile_NailIron_Pirate')
22:56:24.721  WARNING| Client: received Entity sync notification #10 for entity with netId 18076, but entity doesn't exist(def 'Projectile_NailIron_Pirate')
22:56:24.721  WARNING| Client: received Entity sync notification #10 for entity with netId 18077, but entity doesn't exist(def 'Projectile_NailIron_Pirate')
22:56:24.721  WARNING| Client: received Entity sync notification #10 for entity with netId 18078, but entity doesn't exist(def 'Projectile_NailIron_Pirate')
22:56:24.721  WARNING| Client: received Entity sync notification #10 for entity with netId 18079, but entity doesn't exist(def 'Projectile_NailIron_Pirate')
22:56:24.721  WARNING| Client: received Entity sync notification #10 for entity with netId 18080, but entity doesn't exist(def 'Projectile_NailIron_Pirate')
22:56:24.727  WARNING| Client: received Entity sync notification #10 for entity with netId 18081, but entity doesn't exist(def 'Projectile_NailIron_Pirate')
22:56:24.727  WARNING| Client: received Entity sync notification #10 for entity with netId 18082, but entity doesn't exist(def 'Projectile_NailIron_Pirate')
22:56:25.169  WARNING| Client: received Entity sync notification #10 for entity with netId 18094, but entity doesn't exist(def 'Projectile_NailIron_Pirate')
22:56:25.169  WARNING| Client: received Entity sync notification #9 for entity with netId 18094, but entity doesn't exist(def 'Projectile_NailIron_Pirate')
22:56:25.169  WARNING| Client: received Entity sync notification #10 for entity with netId 18095, but entity doesn't exist(def 'Projectile_NailIron_Pirate')
22:56:25.169  WARNING| Client: received Entity sync notification #9 for entity with netId 18095, but entity doesn't exist(def 'Projectile_NailIron_Pirate')
22:56:25.169  WARNING| Client: received Entity sync notification #10 for entity with netId 18096, but entity doesn't exist(def 'Projectile_NailIron_Pirate')
22:56:25.169  WARNING| Client: received Entity sync notification #9 for entity with netId 18096, but entity doesn't exist(def 'Projectile_NailIron_Pirate')
22:56:25.169  WARNING| Client: received Entity sync notification #10 for entity with netId 18097, but entity doesn't exist(def 'Projectile_NailIron_Pirate')
22:56:25.169  WARNING| Client: received Entity sync notification #9 for entity with netId 18097, but entity doesn't exist(def 'Projectile_NailIron_Pirate')
22:56:25.169  WARNING| Client: received Entity sync notification #10 for entity with netId 18098, but entity doesn't exist(def 'Projectile_NailIron_Pirate')
22:56:25.169  WARNING| Client: received Entity sync notification #9 for entity with netId 18098, but entity doesn't exist(def 'Projectile_NailIron_Pirate')
22:56:25.169  WARNING| Client: received Entity sync notification #10 for entity with netId 18099, but entity doesn't exist(def 'Projectile_NailIron_Pirate')
22:56:25.169  WARNING| Client: received Entity sync notification #9 for entity with netId 18099, but entity doesn't exist(def 'Projectile_NailIron_Pirate')
22:56:25.169  WARNING| Client: received Entity sync notification #10 for entity with netId 18100, but entity doesn't exist(def 'Projectile_NailIron_Pirate')
22:56:25.169  WARNING| Client: received Entity sync notification #9 for entity with netId 18100, but entity doesn't exist(def 'Projectile_NailIron_Pirate')
22:56:25.169  WARNING| Client: received Entity sync notification #10 for entity with netId 18101, but entity doesn't exist(def 'Projectile_NailIron_Pirate')
22:56:25.169  WARNING| Client: received Entity sync notification #9 for entity with netId 18101, but entity doesn't exist(def 'Projectile_NailIron_Pirate')
22:56:25.620  WARNING| Client: received Entity sync notification #10 for entity with netId 18121, but entity doesn't exist(def 'Projectile_NailIron_Pirate')
22:56:25.620  WARNING| Client: received Entity sync notification #9 for entity with netId 18121, but entity doesn't exist(def 'Projectile_NailIron_Pirate')
22:56:25.620  WARNING| Client: received Entity sync notification #10 for entity with netId 18122, but entity doesn't exist(def 'Projectile_NailIron_Pirate')
22:56:25.620  WARNING| Client: received Entity sync notification #9 for entity with netId 18122, but entity doesn't exist(def 'Projectile_NailIron_Pirate')
22:56:25.620  WARNING| Client: received Entity sync notification #10 for entity with netId 18123, but entity doesn't exist(def 'Projectile_NailIron_Pirate')
22:56:25.620  WARNING| Client: received Entity sync notification #9 for entity with netId 18123, but entity doesn't exist(def 'Projectile_NailIron_Pirate')
22:56:25.620  WARNING| Client: received Entity sync notification #10 for entity with netId 18124, but entity doesn't exist(def 'Projectile_NailIron_Pirate')
22:56:25.620  WARNING| Client: received Entity sync notification #9 for entity with netId 18124, but entity doesn't exist(def 'Projectile_NailIron_Pirate')
22:56:25.620  WARNING| Client: received Entity sync notification #10 for entity with netId 18125, but entity doesn't exist(def 'Projectile_NailIron_Pirate')
22:56:25.620  WARNING| Client: received Entity sync notification #9 for entity with netId 18125, but entity doesn't exist(def 'Projectile_NailIron_Pirate')
22:56:25.620  WARNING| Client: received Entity sync notification #10 for entity with netId 18126, but entity doesn't exist(def 'Projectile_NailIron_Pirate')
22:56:25.620  WARNING| Client: received Entity sync notification #9 for entity with netId 18126, but entity doesn't exist(def 'Projectile_NailIron_Pirate')
22:56:25.620  WARNING| Client: received Entity sync notification #10 for entity with netId 18127, but entity doesn't exist(def 'Projectile_NailIron_Pirate')
22:56:25.620  WARNING| Client: received Entity sync notification #9 for entity with netId 18127, but entity doesn't exist(def 'Projectile_NailIron_Pirate')
22:56:25.620  WARNING| Client: received Entity sync notification #10 for entity with netId 18128, but entity doesn't exist(def 'Projectile_NailIron_Pirate')
22:56:25.620  WARNING| Client: received Entity sync notification #9 for entity with netId 18128, but entity doesn't exist(def 'Projectile_NailIron_Pirate')
22:56:26.070  WARNING| Client: received Entity sync notification #10 for entity with netId 18154, but entity doesn't exist(def 'Projectile_NailIron_Pirate')
22:56:26.070  WARNING| Client: received Entity sync notification #10 for entity with netId 18153, but entity doesn't exist(def 'Projectile_NailIron_Pirate')
22:56:26.517  WARNING| Client: received Entity sync notification #10 for entity with netId 18167, but entity doesn't exist(def 'Projectile_NailIron_Pirate')
22:56:26.517  WARNING| Client: received Entity sync notification #10 for entity with netId 18168, but entity doesn't exist(def 'Projectile_NailIron_Pirate')
22:56:35.725  WARNING| Client: received Entity sync notification #0 for entity with netId 18488, but entity doesn't exist(def 'Projectile_GreenArtillery')
22:56:35.725  WARNING| Client: received Entity sync notification #0 for entity with netId 18487, but entity doesn't exist(def 'Projectile_GreenArtillery')
22:56:35.725  WARNING| Client: received Entity sync notification #0 for entity with netId 18486, but entity doesn't exist(def 'Projectile_GreenArtillery')
22:56:35.725  WARNING| Client: received Entity sync notification #0 for entity with netId 18485, but entity doesn't exist(def 'Projectile_GreenArtillery')
22:56:44.798         | Environment setting 'factory_pirate_dreamland' loaded
22:56:51.314         | Environment setting 'factory_pirate_dreamland' loaded
22:56:56.936  WARNING| client: removing entity netId 19322 but it doesn't exist (def 'SpellAuraEntity')
22:57:11.084  WARNING| Client: received Entity sync notification #128 for entity with netId 19774, but entity doesn't exist(def 'Drone_DestrBeamDrone_T5_Epic')
22:57:18.944  WARNING| client: removing entity netId 20004 but it doesn't exist (def 'SpellAuraEntity')
22:57:31.405  WARNING| client: removing entity netId 20323 but it doesn't exist (def 'SpellAuraEntity')
22:57:41.057  WARNING| client: removing entity netId 20574 but it doesn't exist (def 'SpellAuraEntity')
22:57:41.506  WARNING| Client: received Entity sync notification #1 for entity with netId 20585, but entity doesn't exist(def 'Projectile_CorV2_SmartRL')
22:57:43.440  WARNING| Client: received Entity sync notification #10 for entity with netId 20672, but entity doesn't exist(def 'Projectile_NailIron_Pirate')
22:58:02.779  WARNING| Client: received Entity sync notification #1 for entity with netId 21232, but entity doesn't exist(def 'Projectile_CorV2_SmartRL')
22:58:04.802  WARNING| Client: received Entity sync notification #1 for entity with netId 21294, but entity doesn't exist(def 'Projectile_CorV2_SmartRL')
22:58:06.201  WARNING| Client: received Entity sync notification #1 for entity with netId 21383, but entity doesn't exist(def 'Projectile_CorV2_SmartRL')
22:58:06.258  WARNING| Client: received Entity sync notification #1 for entity with netId 21386, but entity doesn't exist(def 'Projectile_CorV2_SmartRL')
22:58:07.656  WARNING| Client: received Entity sync notification #1 for entity with netId 21498, but entity doesn't exist(def 'Projectile_CorV2_SmartRL')
22:58:09.678  WARNING| Client: received Entity sync notification #1 for entity with netId 21632, but entity doesn't exist(def 'Projectile_CorV2_SmartRL')
22:58:11.084  WARNING| Client: received Entity sync notification #1 for entity with netId 21684, but entity doesn't exist(def 'Projectile_CorV2_SmartRL')
22:58:12.264  WARNING| client: removing entity netId 21740 but it doesn't exist (def 'SpellAuraEntity')
22:58:12.940  WARNING| Client: received Entity sync notification #1 for entity with netId 21765, but entity doesn't exist(def 'Projectile_CorV2_SmartRL')
22:58:14.355  WARNING| Client: received Entity sync notification #1 for entity with netId 21811, but entity doesn't exist(def 'Projectile_CorV2_SmartRL')
22:58:14.574  WARNING| Client: received Entity sync notification #1 for entity with netId 21824, but entity doesn't exist(def 'Projectile_CorV2_SmartRL')
22:58:15.970  WARNING| Client: received Entity sync notification #1 for entity with netId 21877, but entity doesn't exist(def 'Projectile_CorV2_SmartRL')
22:58:16.927         | SpiralCrash: Module_VesselSwitch_Albiero, Player "Mo4e3aBp" with index 1 activates undocking
22:58:16.927  WARNING| Spell_VesselSwitch_Albiero: aura_param or aura_range is growing up but aura never ends
22:58:17.383  WARNING| Client: received Entity sync notification #1 for entity with netId 21912, but entity doesn't exist(def 'Projectile_CorV2_SmartRL')
22:58:20.574         | SpiralCrash: Module_VesselSwitch_Albiero, Player "Mo4e3aBp" with index 1 switched from BIG to small ship
22:58:20.859  WARNING| Client: received Entity sync notification #1 for entity with netId 21970, but entity doesn't exist(def 'Projectile_CorV2_SmartRL')
22:58:22.255  WARNING| Client: received Entity sync notification #1 for entity with netId 22000, but entity doesn't exist(def 'Projectile_CorV2_SmartRL')
22:58:23.662  WARNING| Client: received Entity sync notification #1 for entity with netId 22022, but entity doesn't exist(def 'Projectile_CorV2_SmartRL')
22:58:32.532  WARNING| Client: received Entity sync notification #1 for entity with netId 22276, but entity doesn't exist(def 'Projectile_CorV2_SmartRL')
22:58:36.006  WARNING| Client: received Entity sync notification #1 for entity with netId 22369, but entity doesn't exist(def 'Projectile_CorV2_SmartRL')
22:58:37.408  WARNING| Client: received Entity sync notification #1 for entity with netId 22409, but entity doesn't exist(def 'Projectile_CorV2_SmartRL')
22:58:38.813  WARNING| Client: received Entity sync notification #1 for entity with netId 22442, but entity doesn't exist(def 'Projectile_CorV2_SmartRL')
22:58:43.067         | Environment setting 'factory_pirate_dreamland' loaded
22:58:46.800  WARNING| client: removing entity netId 22528 but it doesn't exist (def 'SpellAuraEntity')
22:58:49.142         | SCM_DPVE_SCHEDULE - pve scheduled levels are:
22:58:49.142         | {
22:58:49.142         | 	"0": pve_magnificent_seven
22:58:49.142         | 	"1": pve_wave_nalnifan_gate_lumen
22:58:49.142         | 	"2": pve_desttown
22:58:49.142         | }
22:58:49.142  WARNING| script (ui\scripts\public\uipublic.lua@0): UI:MasterServer_OnPveScheduledLevels levels:
22:59:00.545  WARNING| Client: received Entity sync notification #0 for entity with netId 22823, but entity doesn't exist(def 'FrigateDrone')
22:59:05.810  WARNING| Client: received Entity sync notification #1 for entity with netId 22859, but entity doesn't exist(def 'Projectile_CorV2_SmartRL')
22:59:16.189         | ReplayManager: replay (10.14Mb) is avaibalbe for downloading!
22:59:19.677         | nextRecheckOnDSFailure 340.008, vid 30471651
22:59:19.677         | nextRecheckOnDSFailure 340.008, vid 30738231
22:59:19.677         | nextRecheckOnDSFailure 340.008, vid 33052865
22:59:19.677         | nextRecheckOnDSFailure 340.008, vid 33856992
22:59:19.746  WARNING| m_bufferizedUICalls delivery took 69.5 ms
22:59:19.775         | Loot: Silver_Junk_T5_12: 1
22:59:20.026  WARNING| m_bufferizedUICalls delivery took 28.8 ms
22:59:20.483  WARNING| m_bufferizedUICalls delivery took 82.3 ms
22:59:20.492  WARNING| m_bufferizedUICalls delivery took 5.2 ms
22:59:20.837         | Loot: Silver_Junk_T5_101: 1
22:59:22.015         | Loot: Silver_Junk_T5_3: 1
22:59:23.079         | Loot: Silver_Junk_T5_101: 1
22:59:23.698         | client: player 8 leave game
22:59:23.698         | client: player 10 leave game
22:59:24.055         | client: player 0 leave game
22:59:24.094         | Loot: Silver_Junk_T5_11: 1
22:59:24.654         | client: player 3 leave game
22:59:25.153         | Loot: Silver_Junk_T5_2: 1
22:59:25.498         | client: player 4 leave game
22:59:25.555         | client: player 6 leave game
22:59:26.166         | Loot: Silver_Junk_T5_101: 1
22:59:26.285         | client: player 2 leave game
22:59:27.626         | client: player 5 leave game
22:59:28.409         | client: player 11 leave game
22:59:30.155         | client: avgPing 2.6/0.9; avgPacketLoss 0.0/0.0%; avgSnapshotLoss 0.0/0.1%, MTU 1492
22:59:30.155         | client: connection closed. DR_CLIENT_GAME_FINISHED
22:59:30.155         | Network stats (bytes per second): avg pushed 1535, max pushed 2321, avg sent 2791, max sent 4548, avg received 8289, max received 16668
22:59:30.239         | ReplayManager: stopping activity due to map change
22:59:30.245         | Peak entities: 1661
22:59:30.245         | Peak models: 843
22:59:30.252         | Peak geometries: 2891. Cur geometries: 366
22:59:30.469         | ====== starting level: 'levels\mainmenu\mm_alidium'  ======
22:59:30.514         | Remove autogen defs
22:59:30.514         | Remove autogen defs
22:59:30.522         | Environment setting 'mm_alidium' loaded
22:59:30.968         | ====== level started:  'levels\mainmenu\mm_alidium' success ======
22:59:30.968         | Environment setting 'mm_alidium' loaded
22:59:30.981  WARNING| m_bufferizedUICalls delivery took 11.9 ms
22:59:31.172         | Successfuly saved userdata (ver:164240) to server
22:59:31.244         | Successfuly saved userdata (ver:164241) to server
22:59:37.096         | Player 3JIEKTPOTATAP (#1000550) has left squad
23:00:00.452         | SN_PLAYER_BOUGHT_PREMIUM_VESSEL: filtered due to notificationRank = 3 and myRank = 17
23:00:20.406  WARNING| m_bufferizedUICalls delivery took 10.4 ms
23:00:20.486  WARNING| m_bufferizedUICalls delivery took 5.8 ms
23:04:23.835  WARNING| m_bufferizedUICalls delivery took 5.0 ms
23:07:57.912         | SN_PLAYER_BOUGHT_PREMIUM_VESSEL: filtered due to notificationRank = 3 and myRank = 17
23:10:23.910  WARNING| m_bufferizedUICalls delivery took 6.1 ms
23:14:19.466  WARNING| SoundEmitter::StartSound: too many active sounds, ignoring cue 'sound/ambient/hangar/ellidium_train_out' on channel 0
23:14:26.461  WARNING| SoundEmitter::StartSound: too many active sounds, ignoring cue 'sound/ambient/hangar/ellidium_train_in' on channel 0
23:24:24.194  WARNING| m_bufferizedUICalls delivery took 7.3 ms
23:32:54.376  WARNING| m_bufferizedUICalls delivery took 5.3 ms
23:38:24.454  WARNING| m_bufferizedUICalls delivery took 6.3 ms
23:40:24.510  WARNING| m_bufferizedUICalls delivery took 5.3 ms
23:42:24.523  WARNING| m_bufferizedUICalls delivery took 6.0 ms
23:43:24.517  WARNING| m_bufferizedUICalls delivery took 6.3 ms
23:49:51.334         | Profile 'Pavel' saved successfully in 'c:\users\pavel\documents\my games\starconflict\profiles\0001.prfl'
23:49:51.782         | {
23:49:51.782         | 	"arcade": 1.000
23:49:51.782         | 	"region": 1.000
23:49:51.782         | }
23:49:52.404         | MasterServerEndpoint: enter matchmaking queue
23:49:52.404  WARNING| script (ui\scripts\public\uipublic.lua@0): ^5UI:MasterServer_OnEnterMMQueue
23:49:52.410  WARNING| m_bufferizedUICalls delivery took 5.7 ms
23:49:54.606  WARNING| m_bufferizedUICalls delivery took 5.7 ms
23:49:58.387  WARNING| m_bufferizedUICalls delivery took 66.3 ms
23:50:02.374  WARNING| m_bufferizedUICalls delivery took 65.2 ms
23:50:05.398  WARNING| m_bufferizedUICalls delivery took 61.7 ms
23:50:07.024  WARNING| m_bufferizedUICalls delivery took 71.5 ms
23:50:10.491  WARNING| m_bufferizedUICalls delivery took 64.4 ms
23:50:17.096  WARNING| m_bufferizedUICalls delivery took 61.1 ms
23:50:18.900  WARNING| m_bufferizedUICalls delivery took 55.9 ms
23:50:24.596  WARNING| m_bufferizedUICalls delivery took 6.0 ms
23:50:54.603  WARNING| m_bufferizedUICalls delivery took 9.1 ms
23:51:34.035         | MasterServerEndpoint: leave matchmaking queue ( but will join the game soon )
23:51:34.653         | nextRecheckOnDSFailure 861.047, vid 30471651
23:51:34.653         | nextRecheckOnDSFailure 861.047, vid 30738231
23:51:34.653         | nextRecheckOnDSFailure 861.047, vid 33052865
23:51:34.653         | nextRecheckOnDSFailure 861.047, vid 35328637
23:51:34.756         | Peak models: 487
23:51:34.761  WARNING| m_bufferizedUICalls delivery took 108.2 ms
23:51:34.764         | MasterServerSession: connect to dedicated server, session 54013886, at addr 23.111.211.207|35018
23:51:34.802         | client: start connecting to 23.111.211.207|35018...
23:51:34.809  WARNING| frame 524572 gameGlobals.frameTimeReal is too large (0.110316)
23:51:34.826         | client: connected to 23.111.211.207|35018, MTU 1492. setting up session...
23:51:34.879         | client. send version check message (2120 bytes)
23:51:34.997         | client. got onConnect init message. total 61225 bytes
23:51:34.998         | Peak entities: 1259
23:51:35.000         | Peak models: 470
23:51:35.000         | Peak geometries: 1190. Cur geometries: 366
23:51:35.122         | Remove autogen defs
23:51:35.125         | client: ADD_PLAYER 0 (RoyalLace [BFK], 3758079) status 2 team 1 group 5588007
23:51:35.125         | client: ADD_PLAYER 1 (xRoNiNx [], 1063462) status 2 team 2 group 5588057
23:51:35.125         | client: ADD_PLAYER 2 (AlexWein [BFK], 3729347) status 2 team 1 group 5588007
23:51:35.125         | client: ADD_PLAYER 3 (GediK [], 4191192) status 2 team 2 group 5588057
23:51:35.125         | client: ADD_PLAYER 4 (Alderamin [BFK], 2437076) status 2 team 1 group 5588007
23:51:35.125         | client: ADD_PLAYER 5 (chemic7 [BECHA], 3464395) status 2 team 2
23:51:35.125         | client: ADD_PLAYER 6 (Mo4e3aBp [LuX], 2516405) status 1 team 1
23:51:35.125         | client: ADD_PLAYER 7 (Kirpakir [], 1863963) status 2 team 2
23:51:35.125         | client: server assigned id 6
23:51:35.125         | client: got level load message 's1420_ceres3_asteroidcity'
23:51:35.134         | ReplayManager: stopping activity due to map change
23:51:35.151         | Peak geometries: 0. Cur geometries: 366
23:51:35.248         | ====== starting level: 'levels\area3\s1420_ceres3_asteroidcity' CaptureTheBase2 client ======
23:51:35.306         | Remove autogen defs
23:51:35.572  WARNING| Async queue overflow
23:51:35.682         | Resume async queue pushing
23:51:35.702  WARNING| Async queue overflow
23:51:35.816         | Resume async queue pushing
23:51:35.832  WARNING| Async queue overflow
23:51:35.947         | Resume async queue pushing
23:51:35.969  WARNING| Async queue overflow
23:51:36.047         | Resume async queue pushing
23:51:36.063  WARNING| Async queue overflow
23:51:36.177         | Resume async queue pushing
23:51:36.194  WARNING| Async queue overflow
23:51:36.231         | Resume async queue pushing
23:51:36.308  WARNING| Async queue overflow
23:51:36.348         | Resume async queue pushing
23:51:36.381  WARNING| Async queue overflow
23:51:36.419         | Resume async queue pushing
23:51:36.439  WARNING| Async queue overflow
23:51:36.553         | Resume async queue pushing
23:51:36.571  WARNING| Async queue overflow
23:51:36.685         | Resume async queue pushing
23:51:36.735  WARNING| Async queue overflow
23:51:36.775         | Resume async queue pushing
23:51:36.800  WARNING| Async queue overflow
23:51:36.878         | Resume async queue pushing
23:51:36.905  WARNING| Async queue overflow
23:51:37.021         | Resume async queue pushing
23:51:37.041  WARNING| Async queue overflow
23:51:37.082         | Resume async queue pushing
23:51:37.118  WARNING| Async queue overflow
23:51:37.156         | Resume async queue pushing
23:51:37.165         | Environment setting 's1420_ceres3_asteroidcity' loaded
23:51:37.182  WARNING| Async queue overflow
23:51:37.258         | Resume async queue pushing
23:51:37.284         | client: send ready message
23:51:37.342         | Remove autogen defs
23:51:37.342         | Added def: Module_Autogen_6747764847, idx: 25869, total: 1
23:51:37.342         | Added def: Module_Autogen_6764812271, idx: 25870, total: 2
23:51:37.342         | Added def: Module_Autogen_7510626001, idx: 25871, total: 3
23:51:37.342         | Added spell def: Spell_AG_GhostShield_Autogen_7502
23:51:37.342         | Added def: Module_Autogen_7056970184, idx: 25872, total: 4
23:51:37.342         | Added spell def: Spell_AG_SpawnBonus_Shield_Autogen_7503
23:51:37.342         | Added spell def: Spell_AG_SecondShield_Autogen_7504
23:51:37.342         | Added def: Module_Autogen_7334786394, idx: 25873, total: 5
23:51:37.342         | Added def: Module_Autogen_7693836451, idx: 25874, total: 6
23:51:37.342         | Added def: Module_Autogen_3056427988, idx: 25875, total: 7
23:51:37.342         | Added def: Module_Autogen_1114230527, idx: 25876, total: 8
23:51:37.342         | Added def: Module_Autogen_1410434250, idx: 25877, total: 9
23:51:37.342         | Added def: Module_Autogen_490833895, idx: 25878, total: 10
23:51:37.342         | Added def: Module_Autogen_1437884175, idx: 25879, total: 11
23:51:37.342         | Added def: Module_Autogen_1610398754, idx: 25880, total: 12
23:51:37.342         | Added def: Module_Autogen_6053732183, idx: 25881, total: 13
23:51:37.342         | Added def: Module_Autogen_3246493917, idx: 25882, total: 14
23:51:37.342         | Added def: Module_Autogen_5108663572, idx: 25883, total: 15
23:51:37.342         | Added def: Module_Autogen_1829915217, idx: 25884, total: 16
23:51:37.342         | Added def: Module_Autogen_2163709652, idx: 25885, total: 17
23:51:37.342         | Added def: Module_Autogen_2326629304, idx: 25886, total: 18
23:51:37.342         | Added def: Module_Autogen_488968459, idx: 25887, total: 19
23:51:37.342         | Added def: Module_Autogen_1909111716, idx: 25888, total: 20
23:51:37.342         | Added def: Module_Autogen_6359450560, idx: 25889, total: 21
23:51:37.342         | Added def: Module_Autogen_4946001249, idx: 25890, total: 22
23:51:37.342         | Added def: Module_Autogen_5029027955, idx: 25891, total: 23
23:51:37.342         | Added def: Module_Autogen_3955552247, idx: 25892, total: 24
23:51:37.342         | Added def: Module_Autogen_3414660250, idx: 25893, total: 25
23:51:37.342         | Added def: Module_Autogen_3043995625, idx: 25894, total: 26
23:51:37.342         | Added def: Module_Autogen_2645748466, idx: 25895, total: 27
23:51:37.342         | Added def: Module_Autogen_5029027909, idx: 25896, total: 28
23:51:37.342         | Added def: Module_Autogen_2328355817, idx: 25897, total: 29
23:51:37.342         | Added def: Module_Autogen_1829915231, idx: 25898, total: 30
23:51:37.342         | Added def: Module_Autogen_3722777956, idx: 25899, total: 31
23:51:37.342         | Added def: Module_Autogen_7767717965, idx: 25900, total: 32
23:51:37.342         | Added def: Module_Autogen_4873399414, idx: 25901, total: 33
23:51:37.342         | Added def: Module_Autogen_7120064188, idx: 25902, total: 34
23:51:37.342         | Added spell def: Spell_AG_GhostShield_Autogen_7505
23:51:37.342         | Added spell def: Spell_AG_ResistHullDec_Autogen_7506
23:51:37.342         | Added def: Module_Autogen_6297422133, idx: 25903, total: 35
23:51:37.342         | Added def: Module_Autogen_5884398314, idx: 25904, total: 36
23:51:37.342         | Added def: Module_Autogen_3718174292, idx: 25905, total: 37
23:51:37.342         | Added def: Module_Autogen_7255974127, idx: 25906, total: 38
23:51:37.342         | Added def: Module_Autogen_6732131737, idx: 25907, total: 39
23:51:37.342         | Added def: Module_Autogen_7145211307, idx: 25908, total: 40
23:51:37.342         | Added spell def: Spell_AG_SpikeShield_Autogen_7507
23:51:37.342         | Added spell def: Spell_AG_DispersionDec_Autogen_7508
23:51:37.342         | Added def: Module_Autogen_7356343261, idx: 25909, total: 41
23:51:37.342         | Added def: Module_Autogen_7356343244, idx: 25910, total: 42
23:51:37.342         | Added def: Module_Autogen_7356343265, idx: 25911, total: 43
23:51:37.343         | Added def: Module_Autogen_7289104693, idx: 25912, total: 44
23:51:37.343         | Added def: Module_Autogen_7347671258, idx: 25913, total: 45
23:51:37.343         | Added spell def: Spell_AG_Blackout_Shield_Autogen_7509
23:51:37.343         | Added spell def: Spell_AG_ResistHullDec_Autogen_7510
23:51:37.343         | Added def: Module_Autogen_7762485147, idx: 25914, total: 46
23:51:37.343         | Added spell def: Spell_AG_HullHeal_Autogen_7511
23:51:37.343         | Added spell def: Spell_AG_Impulse_Autogen_7512
23:51:37.343         | Added spell def: AutogenMulticast_Autogen_7513
23:51:37.343         | Added def: Module_Autogen_7762485146, idx: 25915, total: 47
23:51:37.343         | Added spell def: Spell_AG_Detonate_Autogen_7514
23:51:37.343         | Added def: Module_Autogen_7762485149, idx: 25916, total: 48
23:51:37.343         | Added spell def: Spell_AG_SpawnBonus_Speed_Autogen_7515
23:51:37.343         | Added spell def: Spell_AG_Detonate_Autogen_7516
23:51:37.343         | Added def: Module_Autogen_7786526367, idx: 25917, total: 49
23:51:37.343         | Added def: Module_Autogen_7762485134, idx: 25918, total: 50
23:51:37.343         | Added spell def: Spell_AG_Speed_Autogen_7517
23:51:37.343         | Added spell def: Spell_AG_FireRate_Autogen_7518
23:51:37.343         | Added def: Module_Autogen_7969106666, idx: 25919, total: 51
23:51:37.343         | Added spell def: Spell_AG_Freeze_Autogen_7519
23:51:37.343         | Added spell def: Spell_AG_GravityBomb_Start_Autogen_7520
23:51:37.343         | Added def: Module_Autogen_7969106645, idx: 25920, total: 52
23:51:37.343         | Added def: Module_Autogen_7969106648, idx: 25921, total: 53
23:51:37.343         | Added def: Module_Autogen_7033027003, idx: 25922, total: 54
23:51:37.343         | Added def: Module_Autogen_7384758113, idx: 25923, total: 55
23:51:37.343         | Added spell def: Spell_AG_GravityBomb_Start_Autogen_7521
23:51:37.343         | Added spell def: Spell_AG_SpawnBonus_Damage_Autogen_7522
23:51:37.343         | Added def: Module_Autogen_7182493571, idx: 25924, total: 56
23:51:37.343         | Added def: Module_Autogen_7300983224, idx: 25925, total: 57
23:51:37.343         | Added def: Module_Autogen_7338913417, idx: 25926, total: 58
23:51:37.343         | Added def: Module_Autogen_6423657363, idx: 25949, total: 59
23:51:37.343         | Added def: Module_Autogen_6344713946, idx: 25950, total: 60
23:51:37.343         | Added def: Module_Autogen_3168224359, idx: 25951, total: 61
23:51:37.343         | Added spell def: Spell_AG_SpawnBonus_Damage_Autogen_7546
23:51:37.343         | Added spell def: Spell_AG_GhostShield_Autogen_7547
23:51:37.343         | Added def: Module_Autogen_6316896191, idx: 25952, total: 62
23:51:37.343         | Added def: Module_Autogen_6338276077, idx: 25953, total: 63
23:51:37.343         | Added def: Module_Autogen_6338781818, idx: 25954, total: 64
23:51:37.343         | Added def: Module_Autogen_6247434688, idx: 25955, total: 65
23:51:37.343         | Added def: Module_Autogen_6604318275, idx: 25956, total: 66
23:51:37.343         | Added def: Module_Autogen_7754348978, idx: 25948, total: 67
23:51:37.343         | Added spell def: Spell_AG_EnergyShield_Autogen_7544
23:51:37.343         | Added spell def: Spell_AG_SpawnBonus_Heal_Autogen_7545
23:51:37.343         | Added def: Module_Autogen_7471375341, idx: 25946, total: 68
23:51:37.343         | Added def: Module_Autogen_7344040234, idx: 25944, total: 69
23:51:37.343         | Added spell def: Spell_AG_EnergyShield_Autogen_7540
23:51:37.343         | Added def: Module_Autogen_7525345115, idx: 25947, total: 70
23:51:37.343         | Added spell def: Spell_AG_HealBonusOnKill_Autogen_7542
23:51:37.343         | Added spell def: Spell_AG_DamageDec_Autogen_7543
23:51:37.343         | Added def: Module_Autogen_6668777740, idx: 25943, total: 71
23:51:37.343         | Added spell def: Spell_AG_Invulnerability_Autogen_7538
23:51:37.343         | Added spell def: Spell_AG_ReserveShield_Autogen_7539
23:51:37.343         | Added def: Module_Autogen_7380928541, idx: 25945, total: 72
23:51:37.343         | Added spell def: Spell_AG_AimDeath_Autogen_7541
23:51:37.345         | Added def: Module_Autogen_7857511438, idx: 25941, total: 73
23:51:37.345         | Added def: Module_Autogen_7857562495, idx: 25942, total: 74
23:51:37.345         | Added spell def: Spell_AG_SpikeShield_Autogen_7536
23:51:37.345         | Added spell def: Spell_AG_SpawnBonus_Speed_Autogen_7537
23:51:37.345         | Added def: Module_Autogen_7852973774, idx: 25939, total: 75
23:51:37.345         | Added def: Module_Autogen_7857318248, idx: 25940, total: 76
23:51:37.345         | Added def: Module_Autogen_6933314134, idx: 25938, total: 77
23:51:37.345         | Added spell def: Spell_AG_NuclearDeath_Autogen_7534
23:51:37.345         | Added spell def: Spell_AG_DispersionDec_Autogen_7535
23:51:37.345         | Added def: Module_Autogen_7876186762, idx: 25934, total: 78
23:51:37.345         | Added def: Module_Autogen_7891821681, idx: 25936, total: 79
23:51:37.345         | Added spell def: Spell_AG_SpawnBonus_Heal_Autogen_7531
23:51:37.345         | Added def: Module_Autogen_7891821677, idx: 25935, total: 80
23:51:37.345         | Added spell def: Spell_AG_FireRate_Autogen_7529
23:51:37.345         | Added spell def: Spell_AG_SpawnBonus_Damage_Autogen_7530
23:51:37.345         | Added def: Module_Autogen_7891821682, idx: 25937, total: 81
23:51:37.345         | Added spell def: Spell_AG_Impulse_Autogen_7532
23:51:37.345         | Added spell def: Spell_AG_EnergyShield_Autogen_7533
23:51:37.345         | Added def: Module_Autogen_3425990295, idx: 25932, total: 82
23:51:37.345         | Added def: Module_Autogen_7684635727, idx: 25933, total: 83
23:51:37.345         | Added def: Module_Autogen_5002654862, idx: 25927, total: 84
23:51:37.345         | Added spell def: Spell_AG_DefenderShield_Autogen_7523
23:51:37.345         | Added def: Module_Autogen_5878317641, idx: 25929, total: 85
23:51:37.345         | Added spell def: Spell_AG_HealBonusOnKill_Autogen_7526
23:51:37.345         | Added spell def: Spell_AG_DynamicShield_Autogen_7527
23:51:37.345         | Added def: Module_Autogen_5564918931, idx: 25928, total: 86
23:51:37.345         | Added spell def: Spell_AG_ShieldBlast_Autogen_7524
23:51:37.345         | Added spell def: Spell_AG_StopBarrelRot_Autogen_7525
23:51:37.345         | Added def: Module_Autogen_6204790321, idx: 25931, total: 87
23:51:37.345         | Added def: Module_Autogen_6077427938, idx: 25930, total: 88
23:51:37.345         | Added spell def: Spell_AG_GravityBomb_Start_Autogen_7528
23:51:37.394         | client: ADD_PLAYER 0 (RoyalLace [BFK], 3758079) status 2 team 1 group 5588007
23:51:37.394         | client: ADD_PLAYER 1 (xRoNiNx [iZi], 1063462) status 2 team 2 group 5588057
23:51:37.395         | client: ADD_PLAYER 2 (AlexWein [BFK], 3729347) status 2 team 1 group 5588007
23:51:37.395         | client: ADD_PLAYER 3 (GediK [iZi], 4191192) status 2 team 2 group 5588057
23:51:37.395         | client: ADD_PLAYER 4 (Alderamin [BFK], 2437076) status 4 team 1 group 5588007
23:51:37.395         | client: ADD_PLAYER 5 (chemic7 [BECHA], 3464395) status 4 team 2
23:51:37.395         | client: ADD_PLAYER 6 (Mo4e3aBp [LuX], 2516405) status 2 team 1
23:51:37.395         | client: ADD_PLAYER 7 (Kirpakir [LSD25], 1863963) status 2 team 2
23:51:37.395         | client: ADD_PLAYER 60 (Winfield, 0) status 4 team 1
23:51:37.400         | client: ADD_PLAYER 61 (Rebirth, 0) status 4 team 2
23:51:37.404         | client: ADD_PLAYER 62 (johnnybronson, 0) status 4 team 1
23:51:37.407         | client: ADD_PLAYER 63 (BlackBaron, 0) status 4 team 2
23:51:37.410         | client: ADD_PLAYER 6 (Mo4e3aBp [LuX], 2516405) status 4 team 1
23:51:37.414         | client: got init message (and 1st snapshot). ping 3
23:51:38.474         | ====== level started:  'levels\area3\s1420_ceres3_asteroidcity' success ======
23:51:38.862         | client: ADD_PLAYER 2 (AlexWein [BFK], 3729347) status 4 team 1 group 5588007
23:51:38.977         | client: ADD_PLAYER 0 (RoyalLace [BFK], 3758079) status 4 team 1 group 5588007
23:51:42.118         | client: ADD_PLAYER 7 (Kirpakir [LSD25], 1863963) status 4 team 2
23:51:43.340         | client: ADD_PLAYER 1 (xRoNiNx [iZi], 1063462) status 4 team 2 group 5588057
23:51:46.367         | client: ADD_PLAYER 3 (GediK [iZi], 4191192) status 4 team 2 group 5588057
23:51:49.362  WARNING| client: removing entity netId 221 but it doesn't exist (def 'SpellAuraEntity')
23:51:49.425         | Environment setting 's1420_ceres3_asteroidcity' loaded
23:52:09.096  WARNING| Client: received Entity sync notification #1 for entity with netId 1281, but entity doesn't exist(def 'Projectile_SmartRL')
23:52:13.132  WARNING| Client: received Entity sync notification #1 for entity with netId 1505, but entity doesn't exist(def 'Projectile_SmartRL')
23:52:14.375  WARNING| Client: received Entity sync notification #1 for entity with netId 1580, but entity doesn't exist(def 'Projectile_CorV2_SmartRL')
23:52:16.448  WARNING| Client: received Entity sync notification #1 for entity with netId 1833, but entity doesn't exist(def 'Projectile_SmartRL')
23:52:17.291  WARNING| Client: received Entity sync notification #1 for entity with netId 1946, but entity doesn't exist(def 'Projectile_CorV2_SmartRL')
23:52:17.624  WARNING| Client: received Entity sync notification #1 for entity with netId 1995, but entity doesn't exist(def 'Projectile_CorV2_SmartRL')
23:52:18.913  WARNING| Client: received Entity sync notification #1 for entity with netId 2181, but entity doesn't exist(def 'Projectile_CorV2_SmartRL')
23:52:19.025  WARNING| Client: received Entity sync notification #1 for entity with netId 2202, but entity doesn't exist(def 'Projectile_CorV2_SmartRL')
23:52:19.198  WARNING| Client: received Entity sync notification #1 for entity with netId 2215, but entity doesn't exist(def 'Projectile_SmartRL')
23:52:19.566         | Profile 'Pavel' saved successfully in 'c:\users\pavel\documents\my games\starconflict\profiles\0001.prfl'
23:52:20.433  WARNING| Client: received Entity sync notification #1 for entity with netId 2394, but entity doesn't exist(def 'Projectile_CorV2_SmartRL')
23:52:20.657  WARNING| Client: received Entity sync notification #1 for entity with netId 2421, but entity doesn't exist(def 'Projectile_CorV2_SmartRL')
23:52:21.721  WARNING| Client: received Entity sync notification #1 for entity with netId 2561, but entity doesn't exist(def 'Projectile_CorV2_SmartRL')
23:52:22.170  WARNING| Client: received Entity sync notification #1 for entity with netId 2623, but entity doesn't exist(def 'Projectile_CorV2_SmartRL')
23:52:23.515  WARNING| Client: received Entity sync notification #1 for entity with netId 2806, but entity doesn't exist(def 'Projectile_CorV2_SmartRL')
23:52:24.810  WARNING| Client: received Entity sync notification #1 for entity with netId 2914, but entity doesn't exist(def 'Projectile_CorV2_SmartRL')
23:52:25.197  WARNING| Client: received Entity sync notification #1 for entity with netId 2940, but entity doesn't exist(def 'Projectile_CorV2_SmartRL')
23:52:26.263  WARNING| Client: received Entity sync notification #1 for entity with netId 3042, but entity doesn't exist(def 'Projectile_CorV2_SmartRL')
23:52:26.491  WARNING| Client: received Entity sync notification #1 for entity with netId 3083, but entity doesn't exist(def 'Projectile_CorV2_SmartRL')
23:52:29.072  WARNING| Client: received Entity sync notification #1 for entity with netId 3531, but entity doesn't exist(def 'Projectile_CorV2_SmartRL')
23:52:30.587  WARNING| Client: received Entity sync notification #1 for entity with netId 3807, but entity doesn't exist(def 'Projectile_CorV2_SmartRL')
23:52:30.927  WARNING| Client: received Entity sync notification #1 for entity with netId 3876, but entity doesn't exist(def 'Projectile_CorV2_SmartRL')
23:52:39.403  WARNING| Client: received Entity sync notification #1 for entity with netId 5120, but entity doesn't exist(def 'Projectile_CorV2_SmartRL')
23:52:40.911  WARNING| Client: received Entity sync notification #1 for entity with netId 5309, but entity doesn't exist(def 'Projectile_CorV2_SmartRL')
23:52:42.485  WARNING| Client: received Entity sync notification #1 for entity with netId 5453, but entity doesn't exist(def 'Projectile_CorV2_SmartRL')
23:52:43.350         | Environment setting 's1420_ceres3_asteroidcity' loaded
23:52:44.004  WARNING| Client: received Entity sync notification #1 for entity with netId 5635, but entity doesn't exist(def 'Projectile_CorV2_SmartRL')
23:52:47.201  WARNING| Client: received Entity sync notification #1 for entity with netId 5879, but entity doesn't exist(def 'Projectile_SmartRL')
23:52:47.488         | Profile 'Pavel' saved successfully in 'c:\users\pavel\documents\my games\starconflict\profiles\0001.prfl'
23:52:47.492  WARNING| Client: received Entity sync notification #1 for entity with netId 5916, but entity doesn't exist(def 'Projectile_CorV2_SmartRL')
23:52:48.998  WARNING| Client: received Entity sync notification #1 for entity with netId 6096, but entity doesn't exist(def 'Projectile_CorV2_SmartRL')
23:52:49.787  WARNING| client: removing entity netId 6202 but it doesn't exist (def 'SpellAuraEntity')
23:52:50.790  WARNING| Client: received Entity sync notification #1 for entity with netId 6315, but entity doesn't exist(def 'Projectile_SmartRL')
23:52:54.615  WARNING| m_bufferizedUICalls delivery took 5.4 ms
23:52:57.970  WARNING| Client: received Entity sync notification #1 for entity with netId 7157, but entity doesn't exist(def 'Projectile_CorV2_SmartRL')
23:52:59.488  WARNING| Client: received Entity sync notification #1 for entity with netId 7347, but entity doesn't exist(def 'Projectile_CorV2_SmartRL')
23:53:00.617  WARNING| Client: received Entity sync notification #1 for entity with netId 7468, but entity doesn't exist(def 'Projectile_CorV2_SmartRL')
23:53:01.673  WARNING| Client: received Entity sync notification #1 for entity with netId 7578, but entity doesn't exist(def 'Projectile_SmartRL')
23:53:02.525  WARNING| Client: received Entity sync notification #1 for entity with netId 7672, but entity doesn't exist(def 'Projectile_CorV2_SmartRL')
23:53:05.336  WARNING| Client: received Entity sync notification #1 for entity with netId 8026, but entity doesn't exist(def 'Projectile_SmartRL')
23:53:05.998  WARNING| Client: received Entity sync notification #1 for entity with netId 8108, but entity doesn't exist(def 'Projectile_CorV2_SmartRL')
23:53:06.676  WARNING| ^1UiResourceManager::GetResourceHandleByNameInternal() - cannot find resource (resourceName: "minus", resourceType: "TEXTURE")
23:53:07.237  WARNING| ^1UiResourceManager::GetResourceHandleByNameInternal() - cannot find resource (resourceName: "minus", resourceType: "TEXTURE")
23:53:07.237  WARNING| ^1UiResourceManager::GetResourceHandleByNameInternal() - cannot find resource (resourceName: "minus", resourceType: "TEXTURE")
23:53:07.285  WARNING| ^1UiResourceManager::GetResourceHandleByNameInternal() - cannot find resource (resourceName: "minus", resourceType: "TEXTURE")
23:53:07.348  WARNING| ^1UiResourceManager::GetResourceHandleByNameInternal() - cannot find resource (resourceName: "minus", resourceType: "TEXTURE")
23:53:07.400  WARNING| ^1UiResourceManager::GetResourceHandleByNameInternal() - cannot find resource (resourceName: "minus", resourceType: "TEXTURE")
23:53:07.458  WARNING| ^1UiResourceManager::GetResourceHandleByNameInternal() - cannot find resource (resourceName: "minus", resourceType: "TEXTURE")
23:53:07.516  WARNING| ^1UiResourceManager::GetResourceHandleByNameInternal() - cannot find resource (resourceName: "minus", resourceType: "TEXTURE")
23:53:07.516  WARNING| Client: received Entity sync notification #1 for entity with netId 8439, but entity doesn't exist(def 'Projectile_CorV2_SmartRL')
23:53:07.578  WARNING| ^1UiResourceManager::GetResourceHandleByNameInternal() - cannot find resource (resourceName: "minus", resourceType: "TEXTURE")
23:53:07.629  WARNING| ^1UiResourceManager::GetResourceHandleByNameInternal() - cannot find resource (resourceName: "minus", resourceType: "TEXTURE")
23:53:07.686  WARNING| ^1UiResourceManager::GetResourceHandleByNameInternal() - cannot find resource (resourceName: "minus", resourceType: "TEXTURE")
23:53:07.741  WARNING| ^1UiResourceManager::GetResourceHandleByNameInternal() - cannot find resource (resourceName: "minus", resourceType: "TEXTURE")
23:53:07.799  WARNING| ^1UiResourceManager::GetResourceHandleByNameInternal() - cannot find resource (resourceName: "minus", resourceType: "TEXTURE")
23:53:07.851  WARNING| ^1UiResourceManager::GetResourceHandleByNameInternal() - cannot find resource (resourceName: "minus", resourceType: "TEXTURE")
23:53:07.912  WARNING| ^1UiResourceManager::GetResourceHandleByNameInternal() - cannot find resource (resourceName: "minus", resourceType: "TEXTURE")
23:53:07.963  WARNING| ^1UiResourceManager::GetResourceHandleByNameInternal() - cannot find resource (resourceName: "minus", resourceType: "TEXTURE")
23:53:08.026  WARNING| ^1UiResourceManager::GetResourceHandleByNameInternal() - cannot find resource (resourceName: "minus", resourceType: "TEXTURE")
23:53:08.076  WARNING| ^1UiResourceManager::GetResourceHandleByNameInternal() - cannot find resource (resourceName: "minus", resourceType: "TEXTURE")
23:53:08.145  WARNING| ^1UiResourceManager::GetResourceHandleByNameInternal() - cannot find resource (resourceName: "minus", resourceType: "TEXTURE")
23:53:08.191  WARNING| ^1UiResourceManager::GetResourceHandleByNameInternal() - cannot find resource (resourceName: "minus", resourceType: "TEXTURE")
23:53:08.246  WARNING| ^1UiResourceManager::GetResourceHandleByNameInternal() - cannot find resource (resourceName: "minus", resourceType: "TEXTURE")
23:53:08.298  WARNING| ^1UiResourceManager::GetResourceHandleByNameInternal() - cannot find resource (resourceName: "minus", resourceType: "TEXTURE")
23:53:08.361  WARNING| ^1UiResourceManager::GetResourceHandleByNameInternal() - cannot find resource (resourceName: "minus", resourceType: "TEXTURE")
23:53:08.411  WARNING| ^1UiResourceManager::GetResourceHandleByNameInternal() - cannot find resource (resourceName: "minus", resourceType: "TEXTURE")
23:53:08.470  WARNING| ^1UiResourceManager::GetResourceHandleByNameInternal() - cannot find resource (resourceName: "minus", resourceType: "TEXTURE")
23:53:08.527  WARNING| ^1UiResourceManager::GetResourceHandleByNameInternal() - cannot find resource (resourceName: "minus", resourceType: "TEXTURE")
23:53:08.591  WARNING| ^1UiResourceManager::GetResourceHandleByNameInternal() - cannot find resource (resourceName: "minus", resourceType: "TEXTURE")
23:53:08.637  WARNING| ^1UiResourceManager::GetResourceHandleByNameInternal() - cannot find resource (resourceName: "minus", resourceType: "TEXTURE")
23:53:08.695  WARNING| ^1UiResourceManager::GetResourceHandleByNameInternal() - cannot find resource (resourceName: "minus", resourceType: "TEXTURE")
23:53:08.758  WARNING| ^1UiResourceManager::GetResourceHandleByNameInternal() - cannot find resource (resourceName: "minus", resourceType: "TEXTURE")
23:53:08.810  WARNING| ^1UiResourceManager::GetResourceHandleByNameInternal() - cannot find resource (resourceName: "minus", resourceType: "TEXTURE")
23:53:08.861  WARNING| ^1UiResourceManager::GetResourceHandleByNameInternal() - cannot find resource (resourceName: "minus", resourceType: "TEXTURE")
23:53:08.931  WARNING| ^1UiResourceManager::GetResourceHandleByNameInternal() - cannot find resource (resourceName: "minus", resourceType: "TEXTURE")
23:53:08.976  WARNING| ^1UiResourceManager::GetResourceHandleByNameInternal() - cannot find resource (resourceName: "minus", resourceType: "TEXTURE")
23:53:09.037  WARNING| ^1UiResourceManager::GetResourceHandleByNameInternal() - cannot find resource (resourceName: "minus", resourceType: "TEXTURE")
23:53:09.037  WARNING| Client: received Entity sync notification #1 for entity with netId 8580, but entity doesn't exist(def 'Projectile_CorV2_SmartRL')
23:53:09.088  WARNING| ^1UiResourceManager::GetResourceHandleByNameInternal() - cannot find resource (resourceName: "minus", resourceType: "TEXTURE")
23:53:09.147  WARNING| ^1UiResourceManager::GetResourceHandleByNameInternal() - cannot find resource (resourceName: "minus", resourceType: "TEXTURE")
23:53:09.199  WARNING| ^1UiResourceManager::GetResourceHandleByNameInternal() - cannot find resource (resourceName: "minus", resourceType: "TEXTURE")
23:53:09.263  WARNING| ^1UiResourceManager::GetResourceHandleByNameInternal() - cannot find resource (resourceName: "minus", resourceType: "TEXTURE")
23:53:09.310  WARNING| ^1UiResourceManager::GetResourceHandleByNameInternal() - cannot find resource (resourceName: "minus", resourceType: "TEXTURE")
23:53:10.544  WARNING| Client: received Entity sync notification #1 for entity with netId 8679, but entity doesn't exist(def 'Projectile_CorV2_SmartRL')
23:53:11.954  WARNING| Client: received Entity sync notification #1 for entity with netId 8771, but entity doesn't exist(def 'Projectile_SmartRL')
23:53:15.704  WARNING| Client: received Entity sync notification #1 for entity with netId 9016, but entity doesn't exist(def 'Projectile_SmartRL')
23:53:19.521  WARNING| Client: received Entity sync notification #1 for entity with netId 9342, but entity doesn't exist(def 'Projectile_SmartRL')
23:53:23.286  WARNING| Client: received Entity sync notification #1 for entity with netId 9630, but entity doesn't exist(def 'Projectile_SmartRL')
23:53:24.630  WARNING| m_bufferizedUICalls delivery took 6.3 ms
23:53:26.000         | Added def: Module_Autogen_2266635623, idx: 25957, total: 89
23:53:26.000         | Added spell def: Spell_AG_Detonate_Autogen_7548
23:53:26.000         | Added spell def: Spell_AG_GravityBomb_Start_Autogen_7549
23:53:26.000         | Added spell def: AutogenMulticast_Autogen_7550
23:53:26.000         | Added def: Module_Autogen_2266635624, idx: 25958, total: 90
23:53:26.000         | Added spell def: Spell_AG_StopBarrelRot_Autogen_7551
23:53:26.000         | Added spell def: Spell_AG_DamageDec_Autogen_7552
23:53:26.000         | Added def: Module_Autogen_2266635617, idx: 25959, total: 91
23:53:26.000         | Added def: Module_Autogen_2266635620, idx: 25960, total: 92
23:53:26.000         | Added spell def: Spell_AG_FireRate_Autogen_7553
23:53:26.000         | Added def: Module_Autogen_2398830594, idx: 25961, total: 93
23:53:26.010         | Added def: Module_Autogen_2398830602, idx: 25962, total: 94
23:53:26.010         | Added spell def: Spell_AG_StopBarrelRot_Autogen_7554
23:53:26.010         | Added def: Module_Autogen_2398830598, idx: 25963, total: 95
23:53:26.010         | Added spell def: Spell_AG_TurtleShield_Autogen_7555
23:53:26.011         | Added def: Module_Autogen_2604216736, idx: 25964, total: 96
23:53:26.011         | Added def: Module_Autogen_4243042064, idx: 25965, total: 97
23:53:26.011         | Added def: Module_Autogen_2446825948, idx: 25966, total: 98
23:53:26.019         | Added def: Module_Autogen_2580249617, idx: 25967, total: 99
23:53:26.019         | Added def: Module_Autogen_4239315064, idx: 25968, total: 100
23:53:26.019         | Added def: Module_Autogen_2348918489, idx: 25969, total: 101
23:53:26.019         | Added def: Module_Autogen_2569232280, idx: 25970, total: 102
23:53:26.019         | Added def: Module_Autogen_2398830597, idx: 25971, total: 103
23:53:26.019         | Added spell def: Spell_AG_SpawnBonus_Shield_Autogen_7556
23:53:26.031         | client: ADD_PLAYER 8 (pexalgunner [FAITH], 2751059) status 6 team 1
23:53:26.034         | Added def: Module_Autogen_1285609332, idx: 25972, total: 104
23:53:26.034         | Added def: Module_Autogen_6645263265, idx: 25973, total: 105
23:53:26.034         | Added def: Module_Autogen_2319469587, idx: 25974, total: 106
23:53:26.034         | Added def: Module_Autogen_6152395738, idx: 25975, total: 107
23:53:26.034         | Added def: Module_Autogen_6475446503, idx: 25976, total: 108
23:53:26.039         | client: ADD_PLAYER 9 (FoxAlice [], 2931870) status 6 team 2
23:53:26.880  WARNING| Client: received Entity sync notification #1 for entity with netId 10034, but entity doesn't exist(def 'Projectile_SmartRL')
23:53:30.469  WARNING| Client: received Entity sync notification #1 for entity with netId 10345, but entity doesn't exist(def 'Projectile_SmartRL')
23:53:31.421         | client: player 62 leave game
23:53:31.426         | client: ADD_PLAYER 8 (pexalgunner [FAITH], 2751059) status 4 team 1
23:53:34.177  WARNING| Client: received Entity sync notification #1 for entity with netId 10725, but entity doesn't exist(def 'Projectile_SmartRL')
23:53:36.356  WARNING| Client: received Entity sync notification #1 for entity with netId 10934, but entity doesn't exist(def 'Projectile_CorV2_SmartRL')
23:53:37.594  WARNING| Client: received Entity sync notification #1 for entity with netId 11009, but entity doesn't exist(def 'Projectile_SmartRL')
23:53:37.877  WARNING| Client: received Entity sync notification #1 for entity with netId 11026, but entity doesn't exist(def 'Projectile_CorV2_SmartRL')
23:53:39.387  WARNING| Client: received Entity sync notification #1 for entity with netId 11117, but entity doesn't exist(def 'Projectile_CorV2_SmartRL')
23:53:41.689  WARNING| Client: received Entity sync notification #1 for entity with netId 11262, but entity doesn't exist(def 'Projectile_SmartRL')
23:53:45.740  WARNING| Client: received Entity sync notification #1 for entity with netId 11575, but entity doesn't exist(def 'Projectile_SmartRL')
23:53:52.470  WARNING| Client: received Entity sync notification #1 for entity with netId 12673, but entity doesn't exist(def 'Projectile_SmartRL')
23:53:54.650  WARNING| Client: received Entity sync notification #1 for entity with netId 13075, but entity doesn't exist(def 'Projectile_SmartRL')
23:53:56.841  WARNING| Client: received Entity sync notification #1 for entity with netId 13302, but entity doesn't exist(def 'Projectile_SmartRL')
23:54:01.503  WARNING| Client: received Entity sync notification #1 for entity with netId 13709, but entity doesn't exist(def 'Projectile_SmartRL')
23:54:06.225  WARNING| Client: received Entity sync notification #1 for entity with netId 14266, but entity doesn't exist(def 'Projectile_SmartRL')
23:54:08.412  WARNING| Client: received Entity sync notification #1 for entity with netId 14474, but entity doesn't exist(def 'Projectile_SmartRL')
23:54:10.598  WARNING| Client: received Entity sync notification #1 for entity with netId 14757, but entity doesn't exist(def 'Projectile_SmartRL')
23:54:13.183  WARNING| Client: received Entity sync notification #1 for entity with netId 15039, but entity doesn't exist(def 'Projectile_SmartRL')
23:54:14.970  WARNING| Client: received Entity sync notification #0 for entity with netId 15243, but entity doesn't exist(def 'Projectile_CorV2_SmartRL')
23:54:14.974  WARNING| Client: received Entity sync notification #0 for entity with netId 15258, but entity doesn't exist(def 'Projectile_CorV2_SmartRL')
23:54:15.646  WARNING| Client: received Entity sync notification #1 for entity with netId 15334, but entity doesn't exist(def 'Projectile_SmartRL')
23:54:16.207  WARNING| Client: received Entity sync notification #1 for entity with netId 15381, but entity doesn't exist(def 'Projectile_CorV2_SmartRL')
23:54:16.656  WARNING| Client: received Entity sync notification #1 for entity with netId 15415, but entity doesn't exist(def 'Projectile_CorV2_SmartRL')
23:54:17.505  WARNING| Client: received Entity sync notification #1 for entity with netId 15489, but entity doesn't exist(def 'Projectile_CorV2_SmartRL')
23:54:19.295  WARNING| Client: received Entity sync notification #1 for entity with netId 15615, but entity doesn't exist(def 'Projectile_CorV2_SmartRL')
23:54:19.348  WARNING| Client: received Entity sync notification #0 for entity with netId 15615, but entity doesn't exist(def 'Projectile_CorV2_SmartRL')
23:54:19.689  WARNING| Client: received Entity sync notification #1 for entity with netId 15647, but entity doesn't exist(def 'Projectile_SmartRL')
23:54:20.536  WARNING| Client: received Entity sync notification #1 for entity with netId 15718, but entity doesn't exist(def 'Projectile_CorV2_SmartRL')
23:54:20.981  WARNING| Client: received Entity sync notification #1 for entity with netId 15752, but entity doesn't exist(def 'Projectile_CorV2_SmartRL')
23:54:21.039  WARNING| Client: received Entity sync notification #0 for entity with netId 15752, but entity doesn't exist(def 'Projectile_CorV2_SmartRL')
23:54:21.823  WARNING| Client: received Entity sync notification #1 for entity with netId 15819, but entity doesn't exist(def 'Projectile_CorV2_SmartRL')
23:54:23.676  WARNING| Client: received Entity sync notification #1 for entity with netId 15993, but entity doesn't exist(def 'Projectile_CorV2_SmartRL')
23:54:23.736  WARNING| Client: received Entity sync notification #0 for entity with netId 15993, but entity doesn't exist(def 'Projectile_CorV2_SmartRL')
23:54:24.127  WARNING| Client: received Entity sync notification #1 for entity with netId 16051, but entity doesn't exist(def 'Projectile_SmartRL')
23:54:25.305  WARNING| Client: received Entity sync notification #1 for entity with netId 16214, but entity doesn't exist(def 'Projectile_CorV2_SmartRL')
23:54:26.601  WARNING| Client: received Entity sync notification #1 for entity with netId 16371, but entity doesn't exist(def 'Projectile_CorV2_SmartRL')
23:54:27.888  WARNING| Client: received Entity sync notification #1 for entity with netId 16709, but entity doesn't exist(def 'Projectile_CorV2_SmartRL')
23:54:28.283  WARNING| Client: received Entity sync notification #1 for entity with netId 16751, but entity doesn't exist(def 'Projectile_SmartRL')
23:54:30.302  WARNING| Client: received Entity sync notification #1 for entity with netId 17048, but entity doesn't exist(def 'Projectile_SmartRL')
23:54:31.926  WARNING| Client: received Entity sync notification #1 for entity with netId 17303, but entity doesn't exist(def 'Projectile_SmartRL')
23:54:50.179  WARNING| Client: received Entity sync notification #1 for entity with netId 19549, but entity doesn't exist(def 'Projectile_CorV2_SmartRL')
23:54:51.806  WARNING| Client: received Entity sync notification #1 for entity with netId 19743, but entity doesn't exist(def 'Projectile_CorV2_SmartRL')
23:54:53.095  WARNING| Client: received Entity sync notification #1 for entity with netId 19918, but entity doesn't exist(def 'Projectile_CorV2_SmartRL')
23:54:54.384  WARNING| Client: received Entity sync notification #1 for entity with netId 20035, but entity doesn't exist(def 'Projectile_CorV2_SmartRL')
23:54:55.694  WARNING| Client: received Entity sync notification #1 for entity with netId 20153, but entity doesn't exist(def 'Projectile_SmartRL')
23:54:55.909  WARNING| Client: received Entity sync notification #1 for entity with netId 20178, but entity doesn't exist(def 'Projectile_CorV2_SmartRL')
23:54:57.198  WARNING| Client: received Entity sync notification #1 for entity with netId 20319, but entity doesn't exist(def 'Projectile_CorV2_SmartRL')
23:54:58.713  WARNING| Client: received Entity sync notification #1 for entity with netId 20660, but entity doesn't exist(def 'Projectile_CorV2_SmartRL')
23:55:00.008  WARNING| Client: received Entity sync notification #1 for entity with netId 20807, but entity doesn't exist(def 'Projectile_SmartRL')
23:55:01.754  WARNING| Client: received Entity sync notification #1 for entity with netId 21051, but entity doesn't exist(def 'Projectile_CorV2_SmartRL')
23:55:02.984  WARNING| Client: received Entity sync notification #1 for entity with netId 21220, but entity doesn't exist(def 'Projectile_SmartRL')
23:55:03.651  WARNING| Client: received Entity sync notification #1 for entity with netId 21326, but entity doesn't exist(def 'Projectile_CorV2_SmartRL')
23:55:04.938  WARNING| Client: received Entity sync notification #1 for entity with netId 21507, but entity doesn't exist(def 'Projectile_CorV2_SmartRL')
23:55:06.238  WARNING| Client: received Entity sync notification #1 for entity with netId 21687, but entity doesn't exist(def 'Projectile_CorV2_SmartRL')
23:55:06.286  WARNING| Client: received Entity sync notification #1 for entity with netId 21691, but entity doesn't exist(def 'Projectile_SmartRL')
23:55:07.523  WARNING| Client: received Entity sync notification #1 for entity with netId 21848, but entity doesn't exist(def 'Projectile_CorV2_SmartRL')
23:55:10.163  WARNING| Client: received Entity sync notification #1 for entity with netId 22076, but entity doesn't exist(def 'Projectile_SmartRL')
23:55:12.961  WARNING| Client: received Entity sync notification #1 for entity with netId 22288, but entity doesn't exist(def 'Projectile_CorV2_SmartRL')
23:55:13.467  WARNING| Client: received Entity sync notification #1 for entity with netId 22346, but entity doesn't exist(def 'Projectile_CorV2_SmartRL')
23:55:13.803  WARNING| Client: received Entity sync notification #1 for entity with netId 22372, but entity doesn't exist(def 'Projectile_SmartRL')
23:55:15.033  WARNING| Client: received Entity sync notification #1 for entity with netId 22521, but entity doesn't exist(def 'Projectile_CorV2_SmartRL')
23:55:16.159         | client: player 9 leave game
23:55:16.330  WARNING| Client: received Entity sync notification #1 for entity with netId 22708, but entity doesn't exist(def 'Projectile_CorV2_SmartRL')
23:55:17.677  WARNING| Client: received Entity sync notification #1 for entity with netId 22872, but entity doesn't exist(def 'Projectile_SmartRL')
23:55:20.254  WARNING| Client: received Entity sync notification #1 for entity with netId 23165, but entity doesn't exist(def 'Projectile_CorV2_SmartRL')
23:55:21.825  WARNING| Client: received Entity sync notification #1 for entity with netId 23363, but entity doesn't exist(def 'Projectile_SmartRL')
23:55:22.103  WARNING| Client: received Entity sync notification #1 for entity with netId 23397, but entity doesn't exist(def 'Projectile_CorV2_SmartRL')
23:55:23.517  WARNING| Client: received Entity sync notification #1 for entity with netId 23555, but entity doesn't exist(def 'Projectile_CorV2_SmartRL')
23:55:24.468  WARNING| Client: received Entity sync notification #1 for entity with netId 23686, but entity doesn't exist(def 'Projectile_CorV2_SmartRL')
23:55:25.316  WARNING| Client: received Entity sync notification #1 for entity with netId 23781, but entity doesn't exist(def 'Projectile_SmartRL')
23:55:27.052  WARNING| Client: received Entity sync notification #1 for entity with netId 24066, but entity doesn't exist(def 'Projectile_CorV2_SmartRL')
23:55:28.731  WARNING| client: removing entity netId 24295 but it doesn't exist (def 'SpellAuraEntity')
23:55:30.530  WARNING| Client: received Entity sync notification #1 for entity with netId 24569, but entity doesn't exist(def 'Projectile_CorV2_SmartRL')
23:55:31.268  WARNING| Client: received Entity sync notification #1 for entity with netId 24833, but entity doesn't exist(def 'Projectile_SmartRL')
23:55:34.406  WARNING| Client: received Entity sync notification #1 for entity with netId 25332, but entity doesn't exist(def 'Projectile_SmartRL')
23:55:34.456  WARNING| Client: received Entity sync notification #0 for entity with netId 25332, but entity doesn't exist(def 'Projectile_SmartRL')
23:55:41.929  WARNING| Client: received Entity sync notification #1 for entity with netId 26203, but entity doesn't exist(def 'Projectile_SmartRL')
23:55:44.673  WARNING| Client: received Entity sync notification #0 for entity with netId 26450, but entity doesn't exist(def 'Projectile_LoudEcho')
23:55:45.525  WARNING| Client: received Entity sync notification #1 for entity with netId 26561, but entity doesn't exist(def 'Projectile_CorV2_SmartRL')
23:55:51.254         | Environment setting 's1420_ceres3_asteroidcity' loaded
23:56:01.463  WARNING| Client: received Entity sync notification #1 for entity with netId 28278, but entity doesn't exist(def 'Projectile_CorV2_SmartRL')
23:56:02.749  WARNING| Client: received Entity sync notification #1 for entity with netId 28409, but entity doesn't exist(def 'Projectile_CorV2_SmartRL')
23:56:06.844  WARNING| Client: received Entity sync notification #1 for entity with netId 29121, but entity doesn't exist(def 'Projectile_CorV2_SmartRL')
23:56:08.197  WARNING| Client: received Entity sync notification #1 for entity with netId 29226, but entity doesn't exist(def 'Projectile_CorV2_SmartRL')
23:56:15.426  WARNING| Client: received Entity sync notification #1 for entity with netId 29815, but entity doesn't exist(def 'Projectile_CorV2_SmartRL')
23:56:18.418  WARNING| Client: received Entity sync notification #1 for entity with netId 30076, but entity doesn't exist(def 'Projectile_CorV2_SmartRL')
23:56:33.004  WARNING| Client: received Entity sync notification #1 for entity with netId 31659, but entity doesn't exist(def 'Projectile_CorV2_SmartRL')
23:56:34.291  WARNING| Client: received Entity sync notification #1 for entity with netId 31799, but entity doesn't exist(def 'Projectile_CorV2_SmartRL')
23:56:35.587  WARNING| Client: received Entity sync notification #1 for entity with netId 31932, but entity doesn't exist(def 'Projectile_CorV2_SmartRL')
23:56:47.471  WARNING| Client: received Entity sync notification #1 for entity with netId 33196, but entity doesn't exist(def 'Projectile_CorV2_SmartRL')
23:56:50.336  WARNING| Client: received Entity sync notification #1 for entity with netId 33382, but entity doesn't exist(def 'Projectile_CorV2_SmartRL')
23:56:58.384         | Environment setting 's1420_ceres3_asteroidcity' loaded
23:57:38.264  WARNING| client: removing entity netId 38073 but it doesn't exist (def 'SpellAuraEntity')
23:57:57.485         | Environment setting 's1420_ceres3_asteroidcity' loaded
23:58:00.719  WARNING| client: removing entity netId 39488 but it doesn't exist (def 'SpellAuraEntity')
23:58:00.719  WARNING| client: removing entity netId 39489 but it doesn't exist (def 'SpellAuraEntity')
23:58:05.845         | ReplayManager: replay (5.33Mb) is avaibalbe for downloading!
23:58:08.380         | nextRecheckOnDSFailure 470.349, vid 30471651
23:58:08.380         | nextRecheckOnDSFailure 470.349, vid 30738231
23:58:08.380         | nextRecheckOnDSFailure 470.349, vid 33052865
23:58:08.380         | nextRecheckOnDSFailure 470.349, vid 35328637
23:58:08.409  WARNING| m_bufferizedUICalls delivery took 29.6 ms
23:58:08.441  WARNING| m_bufferizedUICalls delivery took 29.6 ms
23:58:08.714  WARNING| m_bufferizedUICalls delivery took 32.6 ms
23:58:09.115  WARNING| m_bufferizedUICalls delivery took 32.7 ms
23:58:10.567         | Loot: Silver_Junk_T5_3: 1
23:58:11.742         | Loot: Silver_Junk_T5_11: 1
23:58:12.921         | Loot: Silver_Junk_T5_101: 1
23:58:13.883         | client: player 7 leave game
23:58:14.048         | Loot: Silver_Junk_T5_2: 1
23:58:14.449         | client: player 3 leave game
23:58:15.114         | Loot: Silver_Junk_T5_3: 1
23:58:16.232         | Loot: Silver_Junk_T5_12: 1
23:58:17.297         | Loot: Silver_Junk_T5_13: 1
23:58:18.091         | client: player 5 leave game
23:58:20.451         | client: player 0 leave game
23:58:21.257         | client: avgPing 2.8/0.5; avgPacketLoss 0.0/0.0%; avgSnapshotLoss 0.0/0.0%, MTU 1492
23:58:21.257         | client: connection closed. DR_CLIENT_GAME_FINISHED
23:58:21.257         | Network stats (bytes per second): avg pushed 1504, max pushed 2602, avg sent 2914, max sent 5673, avg received 11333, max received 16913
23:58:21.338         | ReplayManager: stopping activity due to map change
23:58:21.348         | Peak entities: 1200
23:58:21.348         | Peak models: 766
23:58:21.355         | Peak geometries: 2721. Cur geometries: 366
23:58:21.480         | ====== starting level: 'levels\mainmenu\mm_alidium'  ======
23:58:21.530         | Remove autogen defs
23:58:21.530         | Remove autogen defs
23:58:21.538         | Environment setting 'mm_alidium' loaded
23:58:22.015         | ====== level started:  'levels\mainmenu\mm_alidium' success ======
23:58:22.015         | Environment setting 'mm_alidium' loaded
23:58:22.015         | Successfuly saved userdata (ver:164242) to server
23:58:22.027  WARNING| m_bufferizedUICalls delivery took 12.9 ms
23:58:22.277         | Successfuly saved userdata (ver:164243) to server
23:58:22.706         | Successfuly saved userdata (ver:164244) to server
23:58:22.797         | Successfuly saved userdata (ver:164245) to server

--- Date: 2026-04-04 (Sat Apr 2026) RTZ 2 (зима) UTC+03:00

00:02:54.756  WARNING| m_bufferizedUICalls delivery took 5.5 ms
00:10:24.852  WARNING| m_bufferizedUICalls delivery took 9.2 ms
00:16:24.927  WARNING| m_bufferizedUICalls delivery took 6.5 ms
00:17:24.952  WARNING| m_bufferizedUICalls delivery took 6.8 ms
00:25:55.125  WARNING| m_bufferizedUICalls delivery took 5.6 ms
00:29:55.172  WARNING| m_bufferizedUICalls delivery took 6.4 ms
00:36:14.038         | {
00:36:14.038         | 	"region": 1.000
00:36:14.038         | 	"coop_vs_ai": 1.000
00:36:14.038         | }
00:36:14.458         | MasterServerEndpoint: enter matchmaking queue
00:36:14.458  WARNING| script (ui\scripts\public\uipublic.lua@0): ^5UI:MasterServer_OnEnterMMQueue
00:36:14.468  WARNING| m_bufferizedUICalls delivery took 9.5 ms
00:36:15.428         | MasterServerEndpoint: leave matchmaking queue
00:36:16.816         | {
00:36:16.816         | 	"arcade": 1.000
00:36:16.816         | 	"region": 1.000
00:36:16.816         | }
00:36:17.238         | MasterServerEndpoint: enter matchmaking queue
00:36:17.238  WARNING| script (ui\scripts\public\uipublic.lua@0): ^5UI:MasterServer_OnEnterMMQueue
00:36:17.243  WARNING| m_bufferizedUICalls delivery took 5.2 ms
00:36:19.640         | Completed quest 624
00:36:19.671  WARNING| m_bufferizedUICalls delivery took 31.1 ms
00:36:19.675         | Completed quest 512
00:36:19.735  WARNING| m_bufferizedUICalls delivery took 60.4 ms
00:36:20.139         | Completed quest 454
00:36:20.167  WARNING| m_bufferizedUICalls delivery took 28.2 ms
00:36:20.170         | Successfuly saved userdata (ver:164246) to server
00:36:20.176         | Completed quest 512
00:36:20.229  WARNING| m_bufferizedUICalls delivery took 52.8 ms
00:36:20.232         | Successfuly saved userdata (ver:164247) to server
00:36:20.631         | Completed quest 576
00:36:20.656  WARNING| script (ui\scripts\work\uigamefuncs.lua@0): UI:UpdateServerData_OnUserProfileUpdate: atlas update
00:36:20.671  WARNING| m_bufferizedUICalls delivery took 40.0 ms
00:36:20.674         | Completed quest 512
00:36:20.720  WARNING| m_bufferizedUICalls delivery took 45.9 ms
00:36:20.744         | Successfuly saved userdata (ver:164248) to server
00:36:20.826         | Successfuly saved userdata (ver:164249) to server
00:36:21.104         | Successfuly saved userdata (ver:164250) to server
00:36:21.183         | Successfuly saved userdata (ver:164251) to server
00:36:21.282  WARNING| script (ui\scripts\work\uigamefuncs.lua@0): UI:UpdateServerData_OnUserProfileUpdate: atlas update
00:36:21.297  WARNING| m_bufferizedUICalls delivery took 14.9 ms
00:36:21.346         | Successfuly saved userdata (ver:164252) to server
00:36:21.407         | Successfuly saved userdata (ver:164253) to server
00:36:21.527  WARNING| script (ui\scripts\work\uigamefuncs.lua@0): UI:UpdateServerData_OnUserProfileUpdate: atlas update
00:36:21.581  WARNING| m_bufferizedUICalls delivery took 15.5 ms
00:36:21.736  WARNING| script (ui\scripts\work\uigamefuncs.lua@0): UI:UpdateServerData_OnUserProfileUpdate: atlas update
00:36:21.767  WARNING| m_bufferizedUICalls delivery took 14.4 ms
00:36:24.819  WARNING| m_bufferizedUICalls delivery took 22.7 ms
00:36:42.294         | MasterServerEndpoint: leave matchmaking queue ( but will join the game soon )
00:36:42.672         | nextRecheckOnDSFailure 749.848, vid 30471651
00:36:42.672         | nextRecheckOnDSFailure 749.848, vid 30738231
00:36:42.672         | nextRecheckOnDSFailure 749.848, vid 33052865
00:36:42.672         | nextRecheckOnDSFailure 749.848, vid 35328637
00:36:42.672         | MasterServerSession: connect to dedicated server, session 54014012, at addr 23.111.211.207|35028
00:36:42.710         | client: start connecting to 23.111.211.207|35028...
00:36:42.758  WARNING| m_bufferizedUICalls delivery took 49.3 ms
00:36:42.762         | client: connected to 23.111.211.207|35028, MTU 1492. setting up session...
00:36:42.773         | client. send version check message (2140 bytes)
00:36:42.914         | client. got onConnect init message. total 57513 bytes
00:36:42.916         | Peak entities: 1259
00:36:42.917         | Peak models: 476
00:36:42.917         | Peak geometries: 1149. Cur geometries: 366
00:36:43.124         | Profile 'Pavel' saved successfully in 'c:\users\pavel\documents\my games\starconflict\profiles\0001.prfl'
00:36:43.127         | Remove autogen defs
00:36:43.129         | client: ADD_PLAYER 0 (Xavier [CBT], 100397) status 4 team 1
00:36:43.129         | client: ADD_PLAYER 1 (DORR00 [], 3941644) status 6 team 2
00:36:43.129         | client: ADD_PLAYER 2 (xRoNiNx [iZi], 1063462) status 4 team 1 group 5588057
00:36:43.129         | client: ADD_PLAYER 3 (VujuK [], 1679837) status 4 team 2 group 5588071
00:36:43.129         | client: ADD_PLAYER 4 (GediK [iZi], 4191192) status 4 team 1 group 5588057
00:36:43.129         | client: ADD_PLAYER 5 (doro [], 749445) status 4 team 2 group 5588071
00:36:43.129         | client: ADD_PLAYER 6 (podvoh [], 4233638) status 4 team 1
00:36:43.129         | client: ADD_PLAYER 7 (Krakynut [], 1882867) status 4 team 2
00:36:43.129         | client: ADD_PLAYER 8 (Evgennet [GRAND], 2316519) status 4 team 1
00:36:43.129         | client: ADD_PLAYER 9 (Drag0nHard, 3238246) status 4 team 2
00:36:43.129         | client: ADD_PLAYER 10 (Mo4e3aBp [LuX], 2516405) status 1 team 1
00:36:43.129         | client: ADD_PLAYER 11 (KA7 [CSA], 690998) status 6 team 2
00:36:43.129         | client: ADD_PLAYER 54 (Aisbaer, 0) status 4 team 1
00:36:43.129         | client: ADD_PLAYER 55 (Pepel5, 0) status 4 team 2
00:36:43.129         | client: server assigned id 10
00:36:43.129         | client: got level load message 'excavation_elyd_empty_bion_l_pvp'
00:36:43.143         | ReplayManager: stopping activity due to map change
00:36:43.165         | Peak geometries: 0. Cur geometries: 366
00:36:43.267         | ====== starting level: 'levels\global_world\excavation_elyd_empty_bion_l_pvp' BombTheBase client ======
00:36:43.354         | Remove autogen defs
00:36:43.598  WARNING| Async queue overflow
00:36:43.707         | Resume async queue pushing
00:36:43.729  WARNING| Async queue overflow
00:36:43.806         | Resume async queue pushing
00:36:43.827  WARNING| Async queue overflow
00:36:43.942         | Resume async queue pushing
00:36:43.964  WARNING| Async queue overflow
00:36:44.076         | Resume async queue pushing
00:36:44.095  WARNING| Async queue overflow
00:36:44.172         | Resume async queue pushing
00:36:44.228  WARNING| Async queue overflow
00:36:44.343         | Resume async queue pushing
00:36:44.358  WARNING| Async queue overflow
00:36:44.434         | Resume async queue pushing
00:36:44.490  WARNING| Async queue overflow
00:36:44.531         | Resume async queue pushing
00:36:44.598  WARNING| Async queue overflow
00:36:44.673         | Resume async queue pushing
00:36:44.701  WARNING| Async queue overflow
00:36:44.890         | Resume async queue pushing
00:36:44.910  WARNING| Async queue overflow
00:36:45.025         | Resume async queue pushing
00:36:45.042  WARNING| Async queue overflow
00:36:45.079         | Resume async queue pushing
00:36:45.091  WARNING| Async queue overflow
00:36:45.131         | Resume async queue pushing
00:36:45.173  WARNING| Async queue overflow
00:36:45.212         | Resume async queue pushing
00:36:45.234  WARNING| Async queue overflow
00:36:45.312         | Resume async queue pushing
00:36:45.319         | Environment setting 'mars_atacks_03' loaded
00:36:45.336  WARNING| Async queue overflow
00:36:45.489         | Resume async queue pushing
00:36:45.518  WARNING| Async queue overflow
00:36:45.557         | Resume async queue pushing
00:36:45.586         | client: send ready message
00:36:45.630         | Remove autogen defs
00:36:45.630         | Added def: Module_Autogen_7969325099, idx: 25869, total: 1
00:36:45.630         | Added spell def: Spell_AG_HealBonusOnKill_Autogen_7502
00:36:45.630         | Added def: Module_Autogen_7969325100, idx: 25870, total: 2
00:36:45.630         | Added spell def: Spell_AG_Impulse_Autogen_7503
00:36:45.630         | Added spell def: Spell_AG_HealBonusOnKill_Autogen_7504
00:36:45.631         | Added def: Module_Autogen_6725609081, idx: 25871, total: 3
00:36:45.631         | Added spell def: Spell_AG_EnergyShield_Autogen_7505
00:36:45.631         | Added spell def: Spell_AG_ResistHullDec_Autogen_7506
00:36:45.631         | Added def: Module_Autogen_5783776568, idx: 25872, total: 4
00:36:45.631         | Added spell def: Spell_AG_SpawnBonus_Heal_Autogen_7507
00:36:45.631         | Added def: Module_Autogen_6662634100, idx: 25873, total: 5
00:36:45.631         | Added spell def: Spell_AG_Blastwave_Thermal_Autogen_7508
00:36:45.631         | Added spell def: Spell_AG_SpawnBonus_Shield_Autogen_7509
00:36:45.631         | Added def: Module_Autogen_5924863874, idx: 25874, total: 6
00:36:45.631         | Added spell def: Spell_AG_NuclearDeath_Autogen_7510
00:36:45.631         | Added def: Module_Autogen_5945838879, idx: 25875, total: 7
00:36:45.631         | Added spell def: Spell_AG_SpikeShield_Autogen_7511
00:36:45.631         | Added spell def: Spell_AG_Invulnerability_Autogen_7512
00:36:45.631         | Added def: Module_Autogen_2657873743, idx: 25876, total: 8
00:36:45.631         | Added def: Module_Autogen_2910091276, idx: 25877, total: 9
00:36:45.631         | Added def: Module_Autogen_3596953876, idx: 25878, total: 10
00:36:45.631         | Added def: Module_Autogen_3398933317, idx: 25879, total: 11
00:36:45.631         | Added def: Module_Autogen_5630079037, idx: 25880, total: 12
00:36:45.631         | Added def: Module_Autogen_3291995809, idx: 25881, total: 13
00:36:45.631         | Added def: Module_Autogen_3505141715, idx: 25882, total: 14
00:36:45.631         | Added def: Module_Autogen_3828331291, idx: 25883, total: 15
00:36:45.631         | Added def: Module_Autogen_3182001782, idx: 25884, total: 16
00:36:45.631         | Added def: Module_Autogen_3311449632, idx: 25885, total: 17
00:36:45.631         | Added def: Module_Autogen_3437935496, idx: 25886, total: 18
00:36:45.631         | Added def: Module_Autogen_3513146354, idx: 25887, total: 19
00:36:45.631         | Added def: Module_Autogen_3505362043, idx: 25888, total: 20
00:36:45.631         | Added def: Module_Autogen_3500958470, idx: 25889, total: 21
00:36:45.631         | Added def: Module_Autogen_3429359572, idx: 25890, total: 22
00:36:45.631         | Added def: Module_Autogen_3056427988, idx: 25924, total: 23
00:36:45.631         | Added def: Module_Autogen_1114230527, idx: 25925, total: 24
00:36:45.631         | Added def: Module_Autogen_1410434250, idx: 25926, total: 25
00:36:45.631         | Added def: Module_Autogen_490833895, idx: 25927, total: 26
00:36:45.631         | Added def: Module_Autogen_2307826970, idx: 25928, total: 27
00:36:45.631         | Added def: Module_Autogen_2891797325, idx: 25929, total: 28
00:36:45.631         | Added def: Module_Autogen_5517451998, idx: 25930, total: 29
00:36:45.631         | Added def: Module_Autogen_563586250, idx: 25931, total: 30
00:36:45.631         | Added def: Module_Autogen_454359916, idx: 25932, total: 31
00:36:45.631         | Added def: Module_Autogen_1437884175, idx: 25933, total: 32
00:36:45.631         | Added def: Module_Autogen_1610398754, idx: 25934, total: 33
00:36:45.631         | Added def: Module_Autogen_6053732183, idx: 25935, total: 34
00:36:45.631         | Added def: Module_Autogen_3246493917, idx: 25936, total: 35
00:36:45.631         | Added def: Module_Autogen_5108663572, idx: 25937, total: 36
00:36:45.631         | Added def: Module_Autogen_7564667737, idx: 25938, total: 37
00:36:45.631         | Added spell def: Spell_AG_ShieldExplosion_Autogen_7520
00:36:45.631         | Added spell def: Spell_AG_Invulnerability_Autogen_7521
00:36:45.631         | Added def: Module_Autogen_7564667715, idx: 25939, total: 38
00:36:45.631         | Added spell def: Spell_AG_SetOnEmpFire_Autogen_7522
00:36:45.631         | Added def: Module_Autogen_7510758721, idx: 25940, total: 39
00:36:45.631         | Added spell def: Spell_AG_SpikeShield_Autogen_7523
00:36:45.631         | Added def: Module_Autogen_7564667736, idx: 25941, total: 40
00:36:45.631         | Added spell def: Spell_AG_Freeze_Autogen_7524
00:36:45.631         | Added def: Module_Autogen_7590535654, idx: 25942, total: 41
00:36:45.631         | Added def: Module_Autogen_7676431208, idx: 25943, total: 42
00:36:45.631         | Added def: Module_Autogen_6932119613, idx: 25944, total: 43
00:36:45.631         | Added def: Module_Autogen_7833569764, idx: 25945, total: 44
00:36:45.631         | Added def: Module_Autogen_7676431215, idx: 25946, total: 45
00:36:45.631         | Added def: Module_Autogen_372583598, idx: 25947, total: 46
00:36:45.631         | Added def: Module_Autogen_1269860448, idx: 25948, total: 47
00:36:45.633         | Added def: Module_Autogen_470731595, idx: 25949, total: 48
00:36:45.633         | Added def: Module_Autogen_609421327, idx: 25950, total: 49
00:36:45.633         | Added def: Module_Autogen_447165662, idx: 25951, total: 50
00:36:45.633         | Added def: Module_Autogen_372583599, idx: 25952, total: 51
00:36:45.633         | Added def: Module_Autogen_410505472, idx: 25953, total: 52
00:36:45.633         | Added def: Module_Autogen_3992220298, idx: 25954, total: 53
00:36:45.633         | Added def: Module_Autogen_3992220303, idx: 25955, total: 54
00:36:45.633         | Added def: Module_Autogen_3905385390, idx: 25956, total: 55
00:36:45.633         | Added def: Module_Autogen_3949261143, idx: 25957, total: 56
00:36:45.633         | Added def: Module_Autogen_7953898941, idx: 25958, total: 57
00:36:45.633         | Added spell def: Spell_AG_ResistShieldDec_Autogen_7525
00:36:45.633         | Added def: Module_Autogen_3897229487, idx: 25959, total: 58
00:36:45.633         | Added def: Module_Autogen_3969100273, idx: 25960, total: 59
00:36:45.633         | Added def: Module_Autogen_6423657363, idx: 25961, total: 60
00:36:45.633         | Added def: Module_Autogen_6344713946, idx: 25962, total: 61
00:36:45.633         | Added def: Module_Autogen_3168224359, idx: 25963, total: 62
00:36:45.633         | Added spell def: Spell_AG_SpawnBonus_Damage_Autogen_7526
00:36:45.633         | Added spell def: Spell_AG_GhostShield_Autogen_7527
00:36:45.633         | Added def: Module_Autogen_6316896191, idx: 25964, total: 63
00:36:45.633         | Added def: Module_Autogen_6338276077, idx: 25965, total: 64
00:36:45.633         | Added def: Module_Autogen_6338781818, idx: 25966, total: 65
00:36:45.633         | Added def: Module_Autogen_5843648442, idx: 25967, total: 66
00:36:45.633         | Added spell def: Spell_AG_ReserveShield_Autogen_7528
00:36:45.633         | Added def: Module_Autogen_5117637112, idx: 25968, total: 67
00:36:45.633         | Added def: Module_Autogen_4982985168, idx: 25969, total: 68
00:36:45.633         | Added def: Module_Autogen_5104191694, idx: 25970, total: 69
00:36:45.633         | Added spell def: Spell_AG_GhostShield_Autogen_7529
00:36:45.633         | Added def: Module_Autogen_3807474987, idx: 25903, total: 70
00:36:45.633         | Added spell def: Spell_AG_SpikeShield_Autogen_7515
00:36:45.633         | Added def: Module_Autogen_3453848695, idx: 25902, total: 71
00:36:45.633         | Added def: Module_Autogen_2384747044, idx: 25900, total: 72
00:36:45.633         | Added def: Module_Autogen_2382892005, idx: 25899, total: 73
00:36:45.633         | Added def: Module_Autogen_3038919220, idx: 25901, total: 74
00:36:45.633         | Added def: Module_Autogen_5754742970, idx: 25917, total: 75
00:36:45.633         | Added spell def: Spell_AG_GhostShield_Autogen_7518
00:36:45.633         | Added spell def: Spell_AG_HealBonusOnKill_Autogen_7519
00:36:45.633         | Added def: Module_Autogen_5563914530, idx: 25916, total: 76
00:36:45.633         | Added spell def: Spell_AG_TurtleShield_Autogen_7516
00:36:45.633         | Added spell def: Spell_AG_GravityBomb_Start_Autogen_7517
00:36:45.633         | Added def: Module_Autogen_6481778927, idx: 25918, total: 77
00:36:45.633         | Added def: Module_Autogen_369958217, idx: 25915, total: 78
00:36:45.633         | Added def: Module_Autogen_369915645, idx: 25914, total: 79
00:36:45.633         | Added def: Module_Autogen_2360557403, idx: 25911, total: 80
00:36:45.633         | Added def: Module_Autogen_1828915136, idx: 25910, total: 81
00:36:45.633         | Added def: Module_Autogen_6756478219, idx: 25913, total: 82
00:36:45.633         | Added def: Module_Autogen_6329000074, idx: 25912, total: 83
00:36:45.633         | Added def: Module_Autogen_1754288774, idx: 25909, total: 84
00:36:45.633         | Added def: Module_Autogen_3856265986, idx: 25905, total: 85
00:36:45.633         | Added def: Module_Autogen_2788045767, idx: 25904, total: 86
00:36:45.633         | Added def: Module_Autogen_7840712229, idx: 25907, total: 87
00:36:45.633         | Added def: Module_Autogen_7840735590, idx: 25908, total: 88
00:36:45.633         | Added def: Module_Autogen_7755066170, idx: 25906, total: 89
00:36:45.633         | Added def: Module_Autogen_1626222534, idx: 25897, total: 90
00:36:45.633         | Added def: Module_Autogen_4454879191, idx: 25898, total: 91
00:36:45.633         | Added def: Module_Autogen_645883957, idx: 25896, total: 92
00:36:45.633         | Added def: Module_Autogen_2559727251, idx: 25892, total: 93
00:36:45.633         | Added def: Module_Autogen_2430054009, idx: 25891, total: 94
00:36:45.634         | Added def: Module_Autogen_3187076613, idx: 25893, total: 95
00:36:45.634         | Added def: Module_Autogen_3203164393, idx: 25894, total: 96
00:36:45.634         | Added def: Module_Autogen_3203164408, idx: 25895, total: 97
00:36:45.634         | Added spell def: Spell_AG_HullHeal_Autogen_7513
00:36:45.634         | Added spell def: Spell_AG_DispersionDec_Autogen_7514
00:36:45.678         | client: ADD_PLAYER 0 (Xavier [CBT], 100397) status 4 team 1
00:36:45.678         | client: ADD_PLAYER 1 (DORR00 [], 3941644) status 6 team 2
00:36:45.678         | client: ADD_PLAYER 2 (xRoNiNx [iZi], 1063462) status 4 team 1 group 5588057
00:36:45.678         | client: ADD_PLAYER 3 (VujuK [ZetPL], 1679837) status 4 team 2 group 5588071
00:36:45.678         | client: ADD_PLAYER 4 (GediK [iZi], 4191192) status 4 team 1 group 5588057
00:36:45.678         | client: ADD_PLAYER 5 (doro [ZetPL], 749445) status 4 team 2 group 5588071
00:36:45.678         | client: ADD_PLAYER 6 (podvoh [kursk], 4233638) status 4 team 1
00:36:45.678         | client: ADD_PLAYER 7 (Krakynut [ArkFR], 1882867) status 4 team 2
00:36:45.678         | client: ADD_PLAYER 8 (Evgennet [GRAND], 2316519) status 4 team 1
00:36:45.678         | client: ADD_PLAYER 9 (Drag0nHard, 3238246) status 4 team 2
00:36:45.678         | client: ADD_PLAYER 10 (Mo4e3aBp [LuX], 2516405) status 2 team 1
00:36:45.680         | client: ADD_PLAYER 11 (KA7 [CSA], 690998) status 2 team 2
00:36:45.680         | client: ADD_PLAYER 54 (Aisbaer, 0) status 4 team 1
00:36:45.680         | client: ADD_PLAYER 55 (Pepel5, 0) status 4 team 2
00:36:45.732         | client: player 54 leave game
00:36:45.736         | client: ADD_PLAYER 10 (Mo4e3aBp [LuX], 2516405) status 4 team 1
00:36:45.736  WARNING| client: removing entity netId 1396 but it doesn't exist (def 'SpellAuraEntity')
00:36:45.742         | client: got init message (and 1st snapshot). ping 2
00:36:46.798         | ====== level started:  'levels\global_world\excavation_elyd_empty_bion_l_pvp' success ======
00:36:46.958  WARNING| frame 735476 gameGlobals.frameTimeReal is too large (0.109161)
00:36:47.200         | client: player 55 leave game
00:36:47.204         | client: ADD_PLAYER 11 (KA7 [CSA], 690998) status 4 team 2
00:36:56.077  WARNING| Client: received Entity sync notification #0 for entity with netId 4765, but entity doesn't exist(def 'Projectile_MirvRocket1')
00:36:57.660         | Environment setting 'mars_atacks_03' loaded
00:37:23.344  WARNING| Client: received Entity sync notification #0 for entity with netId 6828, but entity doesn't exist(def 'Projectile_MirvRocket')
00:37:50.501  WARNING| client: removing entity netId 8869 but it doesn't exist (def 'SpellAuraEntity')
00:37:50.501  WARNING| client: removing entity netId 8870 but it doesn't exist (def 'SpellAuraEntity')
00:37:50.501  WARNING| client: removing entity netId 8871 but it doesn't exist (def 'SpellAuraEntity')
00:37:50.726  WARNING| client: removing entity netId 8885 but it doesn't exist (def 'SpellAuraEntity')
00:38:25.246  WARNING| m_bufferizedUICalls delivery took 5.4 ms
00:38:26.045  WARNING| script (ui\scripts\windows\hudincomingstates.lua@0): UI.HudIncomingStates:TryAddAuraRecord()[ERROR]: invalid type of the "isBuff" for spell Spell_AtlantaCPU_emp auraIdx 0; "boolean" expected, got "nil"
00:38:26.101  WARNING| Client: received Entity sync notification #1 for entity with netId 11563, but entity doesn't exist(def 'Projectile_GreenAIM')
00:38:39.324         | Environment setting 'mars_atacks_03' loaded
00:38:55.745  WARNING| client: removing entity netId 13052 but it doesn't exist (def 'SpellAuraEntity')
00:39:09.045  WARNING| client: removing entity netId 13591 but it doesn't exist (def 'SpellAuraEntity')
00:39:09.045  WARNING| client: removing entity netId 13592 but it doesn't exist (def 'SpellAuraEntity')
00:39:10.109  WARNING| client: removing entity netId 13666 but it doesn't exist (def 'SpellAuraEntity')
00:39:10.109  WARNING| client: removing entity netId 13667 but it doesn't exist (def 'SpellAuraEntity')
00:39:13.481  WARNING| client: removing entity netId 13974 but it doesn't exist (def 'SpellAuraEntity')
00:39:15.611  WARNING| client: removing entity netId 14187 but it doesn't exist (def 'SpellAuraEntity')
00:39:55.256  WARNING| m_bufferizedUICalls delivery took 6.1 ms
00:40:02.039    ERROR| Ship size too small: 0.294
00:40:05.915  WARNING| AthlantaDroneS: entity is defined damageable, but 'health' property is 0.0f! health is set to 100
00:40:06.247  WARNING| Client: received Entity sync notification #0 for entity with netId 17659, but entity doesn't exist(def 'Projectile_Sparks_Cannon_T5_Epic')
00:40:12.254    ERROR| Ship size too small: 0.294
00:40:16.038         | ReplayManager: replay (4.66Mb) is avaibalbe for downloading!
00:40:20.592  WARNING| client: removing entity netId 18057 but it doesn't exist (def 'SpellAuraEntity')
00:40:22.436         | Loot: Silver_Junk_T5_101: 1
00:40:23.014         | nextRecheckOnDSFailure 532.986, vid 30471651
00:40:23.014         | nextRecheckOnDSFailure 532.986, vid 30738231
00:40:23.014         | nextRecheckOnDSFailure 532.986, vid 33052865
00:40:23.014         | nextRecheckOnDSFailure 532.986, vid 35328637
00:40:23.071  WARNING| m_bufferizedUICalls delivery took 57.0 ms
00:40:23.346  WARNING| m_bufferizedUICalls delivery took 29.2 ms
00:40:23.500         | Loot: Silver_Junk_T5_13: 1
00:40:23.704  WARNING| m_bufferizedUICalls delivery took 29.1 ms
00:40:24.515         | Loot: ship_part_Ship_Race2_S_T5_Premium: 0
00:40:24.515         | Pure_silicon: 1
00:40:25.188         | client: player 6 leave game
00:40:25.518         | Loot: Silver_Junk_T5_13: 1
00:40:26.530         | Loot: Silver_Junk_T5_13: 1
00:40:26.871         | client: player 4 leave game
00:40:28.620         | client: player 9 leave game
00:40:28.620         | client: player 0 leave game
00:40:28.786         | client: player 11 leave game
00:40:29.518         | client: player 2 leave game
00:40:30.491         | client: avgPing 2.4/0.5; avgPacketLoss 0.0/0.0%; avgSnapshotLoss 0.0/0.0%, MTU 1492
00:40:30.491         | client: connection closed. DR_CLIENT_GAME_FINISHED
00:40:30.491         | Network stats (bytes per second): avg pushed 1583, max pushed 2416, avg sent 3100, max sent 4926, avg received 12670, max received 19538
00:40:30.574         | ReplayManager: stopping activity due to map change
00:40:30.579         | Peak entities: 1157
00:40:30.579         | Peak models: 822
00:40:30.598         | Peak geometries: 3068. Cur geometries: 366
00:40:30.733         | ====== starting level: 'levels\mainmenu\mm_alidium'  ======
00:40:30.784         | Remove autogen defs
00:40:30.784         | Remove autogen defs
00:40:30.791         | Environment setting 'mm_alidium' loaded
00:40:31.235         | Profile 'Pavel' saved successfully in 'c:\users\pavel\documents\my games\starconflict\profiles\0001.prfl'
00:40:31.358         | Successfuly saved userdata (ver:164254) to server
00:40:31.409         | ====== level started:  'levels\mainmenu\mm_alidium' success ======
00:40:31.409         | Environment setting 'mm_alidium' loaded
00:40:31.421  WARNING| script (ui\scripts\windows\notificationspopupswnd.lua@0): UI.NotificationsPopUpsWnd:F_OnEventNotificationsAdd()[ERROR]: there were unshown notifications
00:40:31.433  WARNING| m_bufferizedUICalls delivery took 24.2 ms
00:40:31.506         | Successfuly saved userdata (ver:164255) to server
00:40:36.335         | {
00:40:36.335         | 	"arcade": 1.000
00:40:36.335         | 	"region": 1.000
00:40:36.335         | }
00:40:36.761         | MasterServerEndpoint: enter matchmaking queue
00:40:36.761  WARNING| script (ui\scripts\public\uipublic.lua@0): ^5UI:MasterServer_OnEnterMMQueue
00:40:36.766  WARNING| m_bufferizedUICalls delivery took 5.9 ms
00:40:40.248         | MasterServerEndpoint: leave matchmaking queue ( but will join the game soon )
00:40:40.512         | nextRecheckOnDSFailure 791.929, vid 30471651
00:40:40.512         | nextRecheckOnDSFailure 791.929, vid 30738231
00:40:40.512         | nextRecheckOnDSFailure 791.929, vid 33052865
00:40:40.512         | nextRecheckOnDSFailure 791.929, vid 35328637
00:40:40.587  WARNING| m_bufferizedUICalls delivery took 75.3 ms
00:40:40.590         | MasterServerSession: connect to dedicated server, session 54014021, at addr 23.111.211.207|35024
00:40:40.628         | client: start connecting to 23.111.211.207|35024...
00:40:40.647         | client: connected to 23.111.211.207|35024, MTU 1492. setting up session...
00:40:40.690         | client. send version check message (2120 bytes)
00:40:40.798         | client. got onConnect init message. total 71600 bytes
00:40:40.799         | Peak entities: 1259
00:40:40.799         | Peak models: 476
00:40:40.801         | Peak geometries: 1149. Cur geometries: 366
00:40:40.937         | Remove autogen defs
00:40:40.942         | client: ADD_PLAYER 0 (Kommboy [], 2675864) status 4 team 1 group 5588070
00:40:40.942         | client: ADD_PLAYER 1 (Buran02 [], 1641248) status 4 team 2
00:40:40.942         | client: ADD_PLAYER 2 (Starfantom [DOZOR], 1466428) status 4 team 1 group 5588070
00:40:40.942         | client: ADD_PLAYER 3 (sdg1 [], 4295323) status 4 team 2
00:40:40.942         | client: ADD_PLAYER 4 (NERW [], 261871) status 4 team 1
00:40:40.942         | client: ADD_PLAYER 5 (AntheronEmpire [], 1119518) status 4 team 2
00:40:40.942         | client: ADD_PLAYER 6 (Mrnight [], 463031) status 4 team 1
00:40:40.942         | client: ADD_PLAYER 7 (MVA4891 [], 2897333) status 4 team 2
00:40:40.942         | client: ADD_PLAYER 8 (Andre7777 [Flimm], 1638758) status 4 team 1
00:40:40.942         | client: ADD_PLAYER 9 (pexalgunner [FAITH], 2751059) status 4 team 2
00:40:40.943         | client: ADD_PLAYER 10 (Mo4e3aBp [LuX], 2516405) status 1 team 1
00:40:40.943         | client: ADD_PLAYER 11 (AnkaCCCPov [CCCP], 4125251) status 6 team 2
00:40:40.943         | client: ADD_PLAYER 58 (Quinnianno77071, 0) status 4 team 1
00:40:40.943         | client: ADD_PLAYER 59 (Captain47591, 0) status 4 team 2
00:40:40.943         | client: server assigned id 10
00:40:40.943         | client: got level load message 's1347_livestation'
00:40:40.948         | ReplayManager: stopping activity due to map change
00:40:40.971         | Peak geometries: 0. Cur geometries: 366
00:40:41.073         | ====== starting level: 'levels\area2\s1347_livestation' KingOfTheHill client ======
00:40:41.150         | Remove autogen defs
00:40:41.329  WARNING| Async queue overflow
00:40:41.402         | Resume async queue pushing
00:40:41.415  WARNING| Async queue overflow
00:40:41.453         | Resume async queue pushing
00:40:41.474  WARNING| Async queue overflow
00:40:41.514         | Resume async queue pushing
00:40:41.538  WARNING| Async queue overflow
00:40:41.651         | Resume async queue pushing
00:40:41.676  WARNING| Async queue overflow
00:40:41.752         | Resume async queue pushing
00:40:41.768  WARNING| Async queue overflow
00:40:41.883         | Resume async queue pushing
00:40:41.912  WARNING| Async queue overflow
00:40:41.951         | Resume async queue pushing
00:40:42.007  WARNING| Async queue overflow
00:40:42.085         | Resume async queue pushing
00:40:42.141  WARNING| Async queue overflow
00:40:42.297         | Resume async queue pushing
00:40:42.313  WARNING| Async queue overflow
00:40:42.468         | Resume async queue pushing
00:40:42.525  WARNING| Async queue overflow
00:40:42.564         | Resume async queue pushing
00:40:42.580  WARNING| Async queue overflow
00:40:42.620         | Resume async queue pushing
00:40:42.648  WARNING| Async queue overflow
00:40:42.687         | Resume async queue pushing
00:40:42.712  WARNING| Async queue overflow
00:40:42.865         | Resume async queue pushing
00:40:42.881  WARNING| Async queue overflow
00:40:43.108         | Resume async queue pushing
00:40:43.127  WARNING| Async queue overflow
00:40:43.165         | Resume async queue pushing
00:40:43.235  WARNING| Async queue overflow
00:40:43.312         | Resume async queue pushing
00:40:43.330  WARNING| Async queue overflow
00:40:43.405         | Resume async queue pushing
00:40:43.428  WARNING| Async queue overflow
00:40:43.580         | Resume async queue pushing
00:40:43.601         | Environment setting 's1347_livestation' loaded
00:40:43.603  WARNING| Async queue overflow
00:40:43.680         | Resume async queue pushing
00:40:43.705         | client: send ready message
00:40:43.783         | Remove autogen defs
00:40:43.783         | Added def: Module_Autogen_3756463561, idx: 25869, total: 1
00:40:43.783         | Added spell def: Spell_AG_SpikeShield_Autogen_7502
00:40:43.783         | Added spell def: Spell_AG_ResistHullDec_Autogen_7503
00:40:43.783         | Added def: Module_Autogen_3756463544, idx: 25870, total: 2
00:40:43.783         | Added def: Module_Autogen_4478437486, idx: 25871, total: 3
00:40:43.783         | Added def: Module_Autogen_4188801381, idx: 25872, total: 4
00:40:43.783         | Added def: Module_Autogen_3904568852, idx: 25873, total: 5
00:40:43.783         | Added def: Module_Autogen_4082429426, idx: 25874, total: 6
00:40:43.783         | Added spell def: Spell_AG_TimeBomb_Autogen_7504
00:40:43.783         | Added def: Module_Autogen_7073144979, idx: 25875, total: 7
00:40:43.783         | Added def: Module_Autogen_5774495754, idx: 25876, total: 8
00:40:43.783         | Added def: Module_Autogen_4958629623, idx: 25877, total: 9
00:40:43.783         | Added def: Module_Autogen_4518913249, idx: 25878, total: 10
00:40:43.783         | Added def: Module_Autogen_7891850110, idx: 25879, total: 11
00:40:43.783         | Added def: Module_Autogen_7891850115, idx: 25880, total: 12
00:40:43.783         | Added def: Module_Autogen_7891850134, idx: 25881, total: 13
00:40:43.783         | Added spell def: Spell_AG_DynamicShield_Autogen_7505
00:40:43.783         | Added def: Module_Autogen_7891850138, idx: 25882, total: 14
00:40:43.783         | Added spell def: Spell_AG_Detonate_Autogen_7506
00:40:43.783         | Added def: Module_Autogen_7852443615, idx: 25883, total: 15
00:40:43.783         | Added def: Module_Autogen_7891850141, idx: 25884, total: 16
00:40:43.784         | Added spell def: Spell_AG_ShieldExplosion_Autogen_7507
00:40:43.784         | Added spell def: Spell_AG_TimeBomb_Autogen_7508
00:40:43.784         | Added def: Module_Autogen_7891850122, idx: 25885, total: 17
00:40:43.784         | Added def: Module_Autogen_7903440583, idx: 25886, total: 18
00:40:43.784         | Added def: Module_Autogen_7904833462, idx: 25887, total: 19
00:40:43.784         | Added def: Module_Autogen_7891850137, idx: 25888, total: 20
00:40:43.784         | Added spell def: Spell_AG_DamageToHeal_Kinetic_Autogen_7509
00:40:43.784         | Added def: Module_Autogen_7861512149, idx: 25889, total: 21
00:40:43.784         | Added def: Module_Autogen_7861511618, idx: 25890, total: 22
00:40:43.784         | Added def: Module_Autogen_3565740732, idx: 25925, total: 23
00:40:43.784         | Added def: Module_Autogen_4768072296, idx: 25926, total: 24
00:40:43.784         | Added def: Module_Autogen_7575187523, idx: 25927, total: 25
00:40:43.784         | Added spell def: Spell_AG_DamageToHeal_Thermal_Autogen_7523
00:40:43.784         | Added def: Module_Autogen_5841240328, idx: 25928, total: 26
00:40:43.784         | Added def: Module_Autogen_4229174943, idx: 25929, total: 27
00:40:43.784         | Added def: Module_Autogen_7781658555, idx: 25930, total: 28
00:40:43.784         | Added spell def: Spell_AG_SpawnBonus_Damage_Autogen_7524
00:40:43.784         | Added spell def: Spell_AG_NuclearDeath_Autogen_7525
00:40:43.784         | Added def: Module_Autogen_7698729994, idx: 25931, total: 29
00:40:43.784         | Added def: Module_Autogen_7574143180, idx: 25932, total: 30
00:40:43.784         | Added def: Module_Autogen_7700831896, idx: 25933, total: 31
00:40:43.784         | Added def: Module_Autogen_7900942369, idx: 25934, total: 32
00:40:43.784         | Added def: Module_Autogen_7584643212, idx: 25935, total: 33
00:40:43.784         | Added spell def: Spell_AG_SpikeShield_Autogen_7526
00:40:43.784         | Added spell def: Spell_AG_TimeBomb_Autogen_7527
00:40:43.784         | Added def: Module_Autogen_7523787223, idx: 25936, total: 34
00:40:43.784         | Added def: Module_Autogen_7758383426, idx: 25937, total: 35
00:40:43.784         | Added def: Module_Autogen_7807665128, idx: 25938, total: 36
00:40:43.784         | Added def: Module_Autogen_7807414386, idx: 25939, total: 37
00:40:43.784         | Added def: Module_Autogen_7773773116, idx: 25940, total: 38
00:40:43.784         | Added def: Module_Autogen_7865422689, idx: 25941, total: 39
00:40:43.784         | Added def: Module_Autogen_7818692429, idx: 25942, total: 40
00:40:43.784         | Added def: Module_Autogen_7820360267, idx: 25943, total: 41
00:40:43.784         | Added def: Module_Autogen_7812151107, idx: 25944, total: 42
00:40:43.784         | Added def: Module_Autogen_7767872814, idx: 25945, total: 43
00:40:43.784         | Added spell def: Spell_AG_SlowShield_Autogen_7528
00:40:43.784         | Added spell def: Spell_AG_GravityBomb_Start_Autogen_7529
00:40:43.784         | Added def: Module_Autogen_6663118359, idx: 25946, total: 44
00:40:43.784         | Added def: Module_Autogen_6782016725, idx: 25947, total: 45
00:40:43.784         | Added def: Module_Autogen_6782016732, idx: 25948, total: 46
00:40:43.784         | Added def: Module_Autogen_6684594700, idx: 25949, total: 47
00:40:43.784         | Added spell def: Spell_AG_EnergyShield_Autogen_7530
00:40:43.784         | Added def: Module_Autogen_6684594696, idx: 25950, total: 48
00:40:43.784         | Added spell def: Spell_AG_DefenderShield_Autogen_7531
00:40:43.784         | Added def: Module_Autogen_6684594688, idx: 25951, total: 49
00:40:43.784         | Added def: Module_Autogen_6782016728, idx: 25952, total: 50
00:40:43.784         | Added def: Module_Autogen_6663118376, idx: 25953, total: 51
00:40:43.784         | Added def: Module_Autogen_7831330739, idx: 25954, total: 52
00:40:43.784         | Added def: Module_Autogen_6782016730, idx: 25955, total: 53
00:40:43.784         | Added def: Module_Autogen_7304997249, idx: 25956, total: 54
00:40:43.784         | Added def: Module_Autogen_7074565182, idx: 25957, total: 55
00:40:43.784         | Added spell def: Spell_AG_StopBarrelRot_Autogen_7532
00:40:43.784         | Added def: Module_Autogen_7200471602, idx: 25958, total: 56
00:40:43.784         | Added def: Module_Autogen_7074565176, idx: 25959, total: 57
00:40:43.784         | Added spell def: Spell_AG_HealBonusOnKill_Autogen_7533
00:40:43.784         | Added def: Module_Autogen_7373061570, idx: 25960, total: 58
00:40:43.784         | Added spell def: Spell_AG_Blastwave_Thermal_Autogen_7534
00:40:43.784         | Added def: Module_Autogen_7150530416, idx: 25961, total: 59
00:40:43.784         | Added spell def: Spell_AG_SpawnBonus_Shield_Autogen_7535
00:40:43.784         | Added def: Module_Autogen_7373061575, idx: 25962, total: 60
00:40:43.784         | Added spell def: Spell_AG_DispersionDec_Autogen_7536
00:40:43.786         | Added def: Module_Autogen_7373061577, idx: 25963, total: 61
00:40:43.786         | Added spell def: Spell_AG_Impulse_Autogen_7537
00:40:43.786         | Added def: Module_Autogen_7385040566, idx: 25964, total: 62
00:40:43.786         | Added spell def: Spell_AG_SpawnBonus_Speed_Autogen_7538
00:40:43.786         | Added def: Module_Autogen_7200471628, idx: 25965, total: 63
00:40:43.786         | Added spell def: Spell_AG_Detonate_Autogen_7539
00:40:43.786         | Added spell def: Spell_AG_SpikeShield_Autogen_7540
00:40:43.786         | Added def: Module_Autogen_393054101, idx: 25966, total: 64
00:40:43.786         | Added def: Module_Autogen_388402517, idx: 25967, total: 65
00:40:43.786         | Added def: Module_Autogen_388402528, idx: 25968, total: 66
00:40:43.786         | Added def: Module_Autogen_446177321, idx: 25969, total: 67
00:40:43.786         | Added spell def: Spell_AG_Detonate_Autogen_7541
00:40:43.786         | Added def: Module_Autogen_410035463, idx: 25970, total: 68
00:40:43.786         | Added def: Module_Autogen_459803330, idx: 25971, total: 69
00:40:43.786         | Added def: Module_Autogen_453533621, idx: 25972, total: 70
00:40:43.786         | Added def: Module_Autogen_529116036, idx: 25973, total: 71
00:40:43.786         | Added def: Module_Autogen_488602251, idx: 25974, total: 72
00:40:43.786         | Added spell def: Spell_AG_HealBonusOnKill_Autogen_7542
00:40:43.786         | Added def: Module_Autogen_452485339, idx: 25975, total: 73
00:40:43.786         | Added def: Module_Autogen_5641142436, idx: 25976, total: 74
00:40:43.786         | Added def: Module_Autogen_5772755746, idx: 25977, total: 75
00:40:43.786         | Added def: Module_Autogen_5932055343, idx: 25978, total: 76
00:40:43.786         | Added def: Module_Autogen_7641041183, idx: 25979, total: 77
00:40:43.787         | Added def: Module_Autogen_989632935, idx: 25980, total: 78
00:40:43.787         | Added def: Module_Autogen_405205576, idx: 25981, total: 79
00:40:43.787         | Added def: Module_Autogen_405205608, idx: 25982, total: 80
00:40:43.787         | Added def: Module_Autogen_405205592, idx: 25983, total: 81
00:40:43.787         | Added def: Module_Autogen_444736248, idx: 25984, total: 82
00:40:43.787         | Added def: Module_Autogen_7831835466, idx: 25985, total: 83
00:40:43.787         | Added def: Module_Autogen_2266635623, idx: 25986, total: 84
00:40:43.787         | Added spell def: Spell_AG_Detonate_Autogen_7543
00:40:43.787         | Added spell def: Spell_AG_GravityBomb_Start_Autogen_7544
00:40:43.787         | Added spell def: AutogenMulticast_Autogen_7545
00:40:43.787         | Added def: Module_Autogen_2266635624, idx: 25987, total: 85
00:40:43.787         | Added spell def: Spell_AG_StopBarrelRot_Autogen_7546
00:40:43.787         | Added spell def: Spell_AG_DamageDec_Autogen_7547
00:40:43.787         | Added def: Module_Autogen_2266635617, idx: 25988, total: 86
00:40:43.787         | Added def: Module_Autogen_2266635620, idx: 25989, total: 87
00:40:43.787         | Added spell def: Spell_AG_FireRate_Autogen_7548
00:40:43.787         | Added def: Module_Autogen_2398830594, idx: 25990, total: 88
00:40:43.787         | Added def: Module_Autogen_2398830602, idx: 25991, total: 89
00:40:43.787         | Added spell def: Spell_AG_StopBarrelRot_Autogen_7549
00:40:43.787         | Added def: Module_Autogen_2398830598, idx: 25992, total: 90
00:40:43.787         | Added spell def: Spell_AG_TurtleShield_Autogen_7550
00:40:43.787         | Added def: Module_Autogen_2604216736, idx: 25993, total: 91
00:40:43.787         | Added def: Module_Autogen_4243042064, idx: 25994, total: 92
00:40:43.787         | Added def: Module_Autogen_2446825948, idx: 25995, total: 93
00:40:43.787         | Added def: Module_Autogen_2580249617, idx: 25996, total: 94
00:40:43.787         | Added def: Module_Autogen_4239315064, idx: 25997, total: 95
00:40:43.787         | Added def: Module_Autogen_2348918489, idx: 25998, total: 96
00:40:43.787         | Added def: Module_Autogen_2569232280, idx: 25999, total: 97
00:40:43.787         | Added def: Module_Autogen_2398830597, idx: 26000, total: 98
00:40:43.787         | Added spell def: Spell_AG_SpawnBonus_Shield_Autogen_7551
00:40:43.787         | Added def: Module_Autogen_6423657363, idx: 26001, total: 99
00:40:43.787         | Added def: Module_Autogen_6344713946, idx: 26002, total: 100
00:40:43.787         | Added def: Module_Autogen_3168224359, idx: 26003, total: 101
00:40:43.787         | Added spell def: Spell_AG_SpawnBonus_Damage_Autogen_7552
00:40:43.787         | Added spell def: Spell_AG_GhostShield_Autogen_7553
00:40:43.787         | Added def: Module_Autogen_6316896191, idx: 26004, total: 102
00:40:43.787         | Added def: Module_Autogen_6338276077, idx: 26005, total: 103
00:40:43.787         | Added def: Module_Autogen_6338781818, idx: 26006, total: 104
00:40:43.787         | Added def: Module_Autogen_5707952771, idx: 26007, total: 105
00:40:43.787         | Added def: Module_Autogen_5689448311, idx: 26008, total: 106
00:40:43.787         | Added spell def: Spell_AG_EnergyShield_Autogen_7554
00:40:43.787         | Added spell def: Spell_AG_SpawnBonus_Heal_Autogen_7555
00:40:43.787         | Added def: Module_Autogen_5689448319, idx: 26009, total: 107
00:40:43.787         | Added spell def: Spell_AG_TimeBomb_Autogen_7556
00:40:43.787         | Added spell def: Spell_AG_SpawnBonus_Speed_Autogen_7557
00:40:43.787         | Added def: Module_Autogen_5713910591, idx: 26010, total: 108
00:40:43.788         | Added spell def: Spell_AG_AimDeath_Autogen_7558
00:40:43.788         | Added def: Module_Autogen_5719530862, idx: 26011, total: 109
00:40:43.788         | Added spell def: Spell_AG_EnergyShield_Autogen_7559
00:40:43.788         | Added def: Module_Autogen_6705843178, idx: 26012, total: 110
00:40:43.788         | Added spell def: Spell_AG_GravityBomb_Start_Autogen_7560
00:40:43.788         | Added spell def: Spell_AG_DamageToPower_Autogen_7561
00:40:43.788         | Added def: Module_Autogen_5473948312, idx: 26013, total: 111
00:40:43.788         | Added def: Module_Autogen_5689448306, idx: 26014, total: 112
00:40:43.788         | Added spell def: Spell_AG_SpikeShield_Autogen_7562
00:40:43.788         | Added def: Module_Autogen_5689448318, idx: 26015, total: 113
00:40:43.788         | Added spell def: Spell_AG_ReserveShield_Autogen_7563
00:40:43.788         | Added spell def: Spell_AG_AimDeath_Autogen_7564
00:40:43.788         | Added def: Module_Autogen_5498851209, idx: 26016, total: 114
00:40:43.788         | Added spell def: Spell_AG_Invulnerability_Autogen_7565
00:40:43.788         | Added spell def: Spell_AG_HealBonusOnKill_Autogen_7566
00:40:43.788         | Added def: Module_Autogen_5669266381, idx: 26017, total: 115
00:40:43.788         | Added spell def: Spell_AG_ResistHullDec_Autogen_7567
00:40:43.788         | Added def: Module_Autogen_5672171399, idx: 26018, total: 116
00:40:43.788         | Added def: Module_Autogen_5669266382, idx: 26019, total: 117
00:40:43.788         | Added spell def: Spell_AG_SpawnBonus_Heal_Autogen_7568
00:40:43.788         | Added spell def: Spell_AG_Blackout_Shield_Autogen_7569
00:40:43.788         | Added def: Module_Autogen_5664631140, idx: 26020, total: 118
00:40:43.788         | Added spell def: Spell_AG_DamageToHeal_Emp_Autogen_7570
00:40:43.788         | Added def: Module_Autogen_6748663289, idx: 26021, total: 119
00:40:43.788         | Added spell def: Spell_AG_TurtleShield_Autogen_7571
00:40:43.788         | Added spell def: Spell_AG_SpawnBonus_Shield_Autogen_7572
00:40:43.788         | Added def: Module_Autogen_5818730219, idx: 26022, total: 120
00:40:43.788         | Added spell def: Spell_AG_SpawnBonus_Shield_Autogen_7573
00:40:43.788         | Added def: Module_Autogen_6711719353, idx: 26023, total: 121
00:40:43.788         | Added spell def: Spell_AG_Invulnerability_Autogen_7574
00:40:43.788         | Added def: Module_Autogen_7957611621, idx: 26024, total: 122
00:40:43.788         | Added spell def: Spell_AG_SpikeShield_Autogen_7575
00:40:43.788         | Added def: Module_Autogen_6748663290, idx: 26025, total: 123
00:40:43.788         | Added spell def: Spell_AG_SpikeRam_Autogen_7576
00:40:43.788         | Added spell def: Spell_AG_Freeze_Autogen_7577
00:40:43.788         | Added def: Module_Autogen_7957611624, idx: 26026, total: 124
00:40:43.788         | Added spell def: Spell_AG_NuclearDeath_Autogen_7578
00:40:43.788         | Added def: Module_Autogen_4233533718, idx: 25915, total: 125
00:40:43.788         | Added def: Module_Autogen_6111205668, idx: 25918, total: 126
00:40:43.788         | Added def: Module_Autogen_6111205663, idx: 25917, total: 127
00:40:43.788         | Added def: Module_Autogen_7700224986, idx: 25919, total: 128
00:40:43.788         | Added def: Module_Autogen_5347744751, idx: 25916, total: 129
00:40:43.788         | Added spell def: Spell_AG_SpikeShield_Autogen_7521
00:40:43.788         | Added spell def: Spell_AG_DamageBonusOnKill_Autogen_7522
00:40:43.788         | Added def: Module_Autogen_6427783276, idx: 25914, total: 130
00:40:43.788         | Added def: Module_Autogen_2877205499, idx: 25913, total: 131
00:40:43.788         | Added def: Module_Autogen_7254678764, idx: 25904, total: 132
00:40:43.788         | Added def: Module_Autogen_7265580742, idx: 25905, total: 133
00:40:43.788         | Added def: Module_Autogen_7198063795, idx: 25903, total: 134
00:40:43.788         | Added def: Module_Autogen_6126785173, idx: 25901, total: 135
00:40:43.788         | Added def: Module_Autogen_7092939831, idx: 25902, total: 136
00:40:43.788         | Added def: Module_Autogen_7546109966, idx: 25912, total: 137
00:40:43.788         | Added spell def: Spell_AG_ShieldExplosion_Autogen_7519
00:40:43.788         | Added spell def: Spell_AG_BreakWeapon_Autogen_7520
00:40:43.788         | Added def: Module_Autogen_7451146930, idx: 25911, total: 138
00:40:43.788         | Added def: Module_Autogen_3046923620, idx: 25908, total: 139
00:40:43.788         | Added def: Module_Autogen_2578795743, idx: 25907, total: 140
00:40:43.788         | Added def: Module_Autogen_4008117352, idx: 25909, total: 141
00:40:43.788         | Added def: Module_Autogen_2301320154, idx: 25906, total: 142
00:40:43.788         | Added def: Module_Autogen_5201694918, idx: 25910, total: 143
00:40:43.788         | Added spell def: Spell_AG_DamageDec_Autogen_7518
00:40:43.789         | Added def: Module_Autogen_6651720932, idx: 25895, total: 144
00:40:43.789         | Added spell def: Spell_AG_Freeze_Autogen_7517
00:40:43.789         | Added def: Module_Autogen_3418777453, idx: 25891, total: 145
00:40:43.789         | Added spell def: Spell_AG_ShieldExplosion_Autogen_7510
00:40:43.789         | Added spell def: Spell_AG_AimDeath_Autogen_7511
00:40:43.789         | Added def: Module_Autogen_5846248330, idx: 25893, total: 146
00:40:43.789         | Added spell def: Spell_AG_HealBonusOnKill_Autogen_7513
00:40:43.789         | Added spell def: Spell_AG_EnergyVampire_Autogen_7514
00:40:43.789         | Added def: Module_Autogen_6651720930, idx: 25894, total: 147
00:40:43.789         | Added spell def: Spell_AG_ShieldExplosion_Autogen_7515
00:40:43.789         | Added spell def: Spell_AG_ResistHullDec_Autogen_7516
00:40:43.789         | Added def: Module_Autogen_3736626887, idx: 25892, total: 148
00:40:43.789         | Added spell def: Spell_AG_SpikeShield_Autogen_7512
00:40:43.789         | Added def: Module_Autogen_3034125234, idx: 25896, total: 149
00:40:43.789         | Added def: Module_Autogen_3034125239, idx: 25897, total: 150
00:40:43.789         | Added def: Module_Autogen_3369975827, idx: 25899, total: 151
00:40:43.789         | Added def: Module_Autogen_3034125241, idx: 25898, total: 152
00:40:43.789         | Added def: Module_Autogen_5354247942, idx: 25900, total: 153
00:40:43.848         | client: ADD_PLAYER 0 (Kommboy [], 2675864) status 4 team 1 group 5588070
00:40:43.848         | client: ADD_PLAYER 1 (Buran02 [HARD], 1641248) status 4 team 2
00:40:43.848         | client: ADD_PLAYER 2 (Starfantom [DOZOR], 1466428) status 4 team 1 group 5588070
00:40:43.848         | client: ADD_PLAYER 3 (sdg1 [xchx], 4295323) status 4 team 2
00:40:43.848         | client: ADD_PLAYER 4 (NERW [M00N], 261871) status 4 team 1
00:40:43.848         | client: ADD_PLAYER 5 (AntheronEmpire [], 1119518) status 4 team 2
00:40:43.848         | client: ADD_PLAYER 6 (Mrnight [AoWAR], 463031) status 4 team 1
00:40:43.850         | client: ADD_PLAYER 7 (MVA4891 [WITCH], 2897333) status 4 team 2
00:40:43.850         | client: ADD_PLAYER 8 (Andre7777 [Flimm], 1638758) status 4 team 1
00:40:43.850         | client: ADD_PLAYER 9 (pexalgunner [FAITH], 2751059) status 4 team 2
00:40:43.850         | client: ADD_PLAYER 10 (Mo4e3aBp [LuX], 2516405) status 2 team 1
00:40:43.850         | client: ADD_PLAYER 11 (AnkaCCCPov [CCCP], 4125251) status 6 team 2
00:40:43.850         | client: ADD_PLAYER 58 (Quinnianno77071, 0) status 4 team 1
00:40:43.850         | client: ADD_PLAYER 59 (Captain47591, 0) status 4 team 2
00:40:43.885         | client: player 58 leave game
00:40:43.890         | client: ADD_PLAYER 10 (Mo4e3aBp [LuX], 2516405) status 4 team 1
00:40:43.893  WARNING| AthlantaDroneL: entity is defined damageable, but 'health' property is 0.0f! health is set to 100
00:40:43.893         | client: got init message (and 1st snapshot). ping 2
00:40:44.988         | ====== level started:  'levels\area2\s1347_livestation' success ======
00:40:51.625         | client: player 59 leave game
00:40:51.630         | client: ADD_PLAYER 11 (AnkaCCCPov [CCCP], 4125251) status 4 team 2
00:40:55.796         | Environment setting 's1347_livestation' loaded
00:40:58.975  WARNING| Client: received Entity sync notification #0 for entity with netId 1783, but entity doesn't exist(def 'Projectile_BarkCanon')
00:40:59.085  WARNING| Client: received Entity sync notification #0 for entity with netId 1794, but entity doesn't exist(def 'Projectile_BarkCanon')
00:41:16.597  WARNING| client: removing entity netId 2793 but it doesn't exist (def 'SpellAuraEntity')
00:41:20.079  WARNING| Client: received Entity sync notification #0 for entity with netId 2916, but entity doesn't exist(def 'Projectile_AceGun')
00:41:20.414  WARNING| Client: received Entity sync notification #0 for entity with netId 2931, but entity doesn't exist(def 'Projectile_AceGun')
00:41:20.748  WARNING| Client: received Entity sync notification #0 for entity with netId 2950, but entity doesn't exist(def 'Projectile_AceGun')
00:41:21.088  WARNING| Client: received Entity sync notification #0 for entity with netId 2969, but entity doesn't exist(def 'Projectile_AceGun')
00:41:22.770  WARNING| Client: received Entity sync notification #0 for entity with netId 3069, but entity doesn't exist(def 'Projectile_AceGun')
00:41:23.110  WARNING| Client: received Entity sync notification #0 for entity with netId 3079, but entity doesn't exist(def 'Projectile_AceGun')
00:41:23.783  WARNING| Client: received Entity sync notification #0 for entity with netId 3117, but entity doesn't exist(def 'Projectile_AceGun')
00:41:24.118  WARNING| Client: received Entity sync notification #0 for entity with netId 3126, but entity doesn't exist(def 'Projectile_AceGun')
00:41:24.455  WARNING| Client: received Entity sync notification #0 for entity with netId 3138, but entity doesn't exist(def 'Projectile_AceGun')
00:41:24.791  WARNING| Client: received Entity sync notification #0 for entity with netId 3153, but entity doesn't exist(def 'Projectile_AceGun')
00:41:25.128  WARNING| Client: received Entity sync notification #0 for entity with netId 3165, but entity doesn't exist(def 'Projectile_AceGun')
00:41:25.468  WARNING| Client: received Entity sync notification #0 for entity with netId 3185, but entity doesn't exist(def 'Projectile_AceGun')
00:41:26.138  WARNING| Client: received Entity sync notification #0 for entity with netId 3222, but entity doesn't exist(def 'Projectile_AceGun')
00:41:26.471  WARNING| Client: received Entity sync notification #0 for entity with netId 3242, but entity doesn't exist(def 'Projectile_AceGun')
00:41:26.808  WARNING| Client: received Entity sync notification #0 for entity with netId 3260, but entity doesn't exist(def 'Projectile_AceGun')
00:41:27.145  WARNING| Client: received Entity sync notification #0 for entity with netId 3272, but entity doesn't exist(def 'Projectile_AceGun')
00:41:27.482  WARNING| Client: received Entity sync notification #0 for entity with netId 3290, but entity doesn't exist(def 'Projectile_AceGun')
00:41:27.816  WARNING| Client: received Entity sync notification #0 for entity with netId 3304, but entity doesn't exist(def 'Projectile_AceGun')
00:41:28.154  WARNING| Client: received Entity sync notification #0 for entity with netId 3315, but entity doesn't exist(def 'Projectile_AceGun')
00:41:28.491  WARNING| Client: received Entity sync notification #0 for entity with netId 3328, but entity doesn't exist(def 'Projectile_AceGun')
00:41:28.825  WARNING| Client: received Entity sync notification #0 for entity with netId 3343, but entity doesn't exist(def 'Projectile_AceGun')
00:41:29.164  WARNING| Client: received Entity sync notification #0 for entity with netId 3352, but entity doesn't exist(def 'Projectile_AceGun')
00:41:29.502  WARNING| Client: received Entity sync notification #0 for entity with netId 3361, but entity doesn't exist(def 'Projectile_AceGun')
00:41:29.837  WARNING| Client: received Entity sync notification #0 for entity with netId 3373, but entity doesn't exist(def 'Projectile_AceGun')
00:41:30.175  WARNING| Client: received Entity sync notification #0 for entity with netId 3386, but entity doesn't exist(def 'Projectile_AceGun')
00:41:41.853  WARNING| Client: received Entity sync notification #4 for entity with netId 3962, but entity doesn't exist(def 'Projectile_Nail_Iron')
00:41:42.187  WARNING| Client: received Entity sync notification #4 for entity with netId 3979, but entity doesn't exist(def 'Projectile_Nail_Iron')
00:41:42.530  WARNING| Client: received Entity sync notification #4 for entity with netId 4006, but entity doesn't exist(def 'Projectile_Nail_Iron')
00:42:05.428  WARNING| Client: received Entity sync notification #0 for entity with netId 4718, but entity doesn't exist(def 'Projectile_AceGun')
00:42:05.652  WARNING| AthlantaDroneL: entity is defined damageable, but 'health' property is 0.0f! health is set to 100
00:42:05.765  WARNING| Client: received Entity sync notification #0 for entity with netId 4736, but entity doesn't exist(def 'Projectile_AceGun')
00:42:15.766  WARNING| Client: received Entity sync notification #0 for entity with netId 5161, but entity doesn't exist(def 'Projectile_AceGun')
00:42:19.469  WARNING| Client: received Entity sync notification #4 for entity with netId 5450, but entity doesn't exist(def 'Projectile_Paper_S')
00:42:19.581  WARNING| Client: received Entity sync notification #4 for entity with netId 5458, but entity doesn't exist(def 'Projectile_Paper_S')
00:42:23.403  WARNING| Client: received Entity sync notification #0 for entity with netId 5659, but entity doesn't exist(def 'Projectile_AceGun')
00:42:23.733  WARNING| Client: received Entity sync notification #0 for entity with netId 5678, but entity doesn't exist(def 'Projectile_AceGun')
00:42:24.072  WARNING| Client: received Entity sync notification #0 for entity with netId 5690, but entity doesn't exist(def 'Projectile_AceGun')
00:42:25.081  WARNING| Client: received Entity sync notification #0 for entity with netId 5745, but entity doesn't exist(def 'Projectile_AceGun')
00:42:25.415  WARNING| Client: received Entity sync notification #0 for entity with netId 5769, but entity doesn't exist(def 'Projectile_AceGun')
00:42:31.141  WARNING| Client: received Entity sync notification #0 for entity with netId 6045, but entity doesn't exist(def 'Projectile_AceGun')
00:42:31.474  WARNING| Client: received Entity sync notification #0 for entity with netId 6051, but entity doesn't exist(def 'Projectile_AceGun')
00:42:31.810  WARNING| Client: received Entity sync notification #0 for entity with netId 6058, but entity doesn't exist(def 'Projectile_AceGun')
00:42:32.151  WARNING| Client: received Entity sync notification #0 for entity with netId 6066, but entity doesn't exist(def 'Projectile_AceGun')
00:42:32.486  WARNING| Client: received Entity sync notification #0 for entity with netId 6077, but entity doesn't exist(def 'Projectile_AceGun')
00:42:33.952  WARNING| Client: received Entity sync notification #0 for entity with netId 6143, but entity doesn't exist(def 'Projectile_AceGun')
00:42:34.286  WARNING| Client: received Entity sync notification #0 for entity with netId 6161, but entity doesn't exist(def 'Projectile_AceGun')
00:42:34.624  WARNING| Client: received Entity sync notification #0 for entity with netId 6193, but entity doesn't exist(def 'Projectile_AceGun')
00:42:34.846  WARNING| Client: received Entity sync notification #0 for entity with netId 6229, but entity doesn't exist(def 'Projectile_BarkCanon')
00:42:34.957  WARNING| Client: received Entity sync notification #0 for entity with netId 6236, but entity doesn't exist(def 'Projectile_AceGun')
00:42:35.182  WARNING| Client: received Entity sync notification #0 for entity with netId 6260, but entity doesn't exist(def 'Projectile_BarkCanon')
00:42:35.291  WARNING| Client: received Entity sync notification #0 for entity with netId 6266, but entity doesn't exist(def 'Projectile_AceGun')
00:42:35.515  WARNING| Client: received Entity sync notification #0 for entity with netId 6288, but entity doesn't exist(def 'Projectile_BarkCanon')
00:42:35.630  WARNING| Client: received Entity sync notification #0 for entity with netId 6298, but entity doesn't exist(def 'Projectile_AceGun')
00:42:35.861  WARNING| Client: received Entity sync notification #0 for entity with netId 6314, but entity doesn't exist(def 'Projectile_BarkCanon')
00:42:35.968  WARNING| Client: received Entity sync notification #0 for entity with netId 6324, but entity doesn't exist(def 'Projectile_AceGun')
00:42:36.193  WARNING| Client: received Entity sync notification #0 for entity with netId 6350, but entity doesn't exist(def 'Projectile_BarkCanon')
00:42:36.302  WARNING| Client: received Entity sync notification #0 for entity with netId 6358, but entity doesn't exist(def 'Projectile_AceGun')
00:42:36.531  WARNING| Client: received Entity sync notification #0 for entity with netId 6377, but entity doesn't exist(def 'Projectile_BarkCanon')
00:42:36.642  WARNING| Client: received Entity sync notification #0 for entity with netId 6388, but entity doesn't exist(def 'Projectile_AceGun')
00:42:36.866  WARNING| Client: received Entity sync notification #0 for entity with netId 6410, but entity doesn't exist(def 'Projectile_BarkCanon')
00:42:36.982  WARNING| Client: received Entity sync notification #0 for entity with netId 6416, but entity doesn't exist(def 'Projectile_AceGun')
00:42:37.206  WARNING| Client: received Entity sync notification #0 for entity with netId 6441, but entity doesn't exist(def 'Projectile_BarkCanon')
00:42:37.206  WARNING| Client: received Entity sync notification #4 for entity with netId 6442, but entity doesn't exist(def 'Projectile_Paper_S')
00:42:37.316  WARNING| Client: received Entity sync notification #0 for entity with netId 6452, but entity doesn't exist(def 'Projectile_AceGun')
00:42:37.316  WARNING| Client: received Entity sync notification #4 for entity with netId 6455, but entity doesn't exist(def 'Projectile_Paper_S')
00:42:37.539  WARNING| Client: received Entity sync notification #0 for entity with netId 6473, but entity doesn't exist(def 'Projectile_BarkCanon')
00:42:37.652  WARNING| Client: received Entity sync notification #0 for entity with netId 6484, but entity doesn't exist(def 'Projectile_AceGun')
00:42:37.875  WARNING| Client: received Entity sync notification #0 for entity with netId 6504, but entity doesn't exist(def 'Projectile_BarkCanon')
00:42:37.986  WARNING| Client: received Entity sync notification #0 for entity with netId 6508, but entity doesn't exist(def 'Projectile_AceGun')
00:42:38.214  WARNING| Client: received Entity sync notification #0 for entity with netId 6526, but entity doesn't exist(def 'Projectile_BarkCanon')
00:42:38.326  WARNING| Client: received Entity sync notification #0 for entity with netId 6529, but entity doesn't exist(def 'Projectile_AceGun')
00:42:43.153  WARNING| client: removing entity netId 6778 but it doesn't exist (def 'SpellAuraEntity')
00:42:43.153  WARNING| client: removing entity netId 6779 but it doesn't exist (def 'SpellAuraEntity')
00:42:43.713  WARNING| Client: received Entity sync notification #0 for entity with netId 6813, but entity doesn't exist(def 'Projectile_AceGun')
00:42:44.051  WARNING| Client: received Entity sync notification #1 for entity with netId 6831, but entity doesn't exist(def 'Projectile_AceGun')
00:42:44.051  WARNING| Client: received Entity sync notification #0 for entity with netId 6831, but entity doesn't exist(def 'Projectile_AceGun')
00:42:44.388  WARNING| Client: received Entity sync notification #0 for entity with netId 6849, but entity doesn't exist(def 'Projectile_AceGun')
00:42:44.838  WARNING| Client: received Entity sync notification #0 for entity with netId 6865, but entity doesn't exist(def 'Projectile_AceGun')
00:42:46.636  WARNING| client: removing entity netId 6949 but it doesn't exist (def 'SpellAuraEntity')
00:42:46.636  WARNING| client: removing entity netId 6950 but it doesn't exist (def 'SpellAuraEntity')
00:43:08.196  WARNING| Client: received Entity sync notification #0 for entity with netId 8057, but entity doesn't exist(def 'Projectile_BarkCanon')
00:43:10.551  WARNING| Client: received Entity sync notification #8 for entity with netId 8239, but entity doesn't exist(def 'Projectile_BarkCanon')
00:43:10.551  WARNING| Client: received Entity sync notification #0 for entity with netId 8239, but entity doesn't exist(def 'Projectile_BarkCanon')
00:43:12.353  WARNING| Client: received Entity sync notification #4 for entity with netId 8392, but entity doesn't exist(def 'Projectile_Paper_S')
00:43:13.585  WARNING| client: removing entity netId 8481 but it doesn't exist (def 'SpellAuraEntity')
00:43:18.301  WARNING| Client: received Entity sync notification #0 for entity with netId 9058, but entity doesn't exist(def 'Projectile_BarkCanon')
00:43:18.971  WARNING| Client: received Entity sync notification #0 for entity with netId 9139, but entity doesn't exist(def 'Projectile_BarkCanon')
00:43:19.305  WARNING| Client: received Entity sync notification #0 for entity with netId 9167, but entity doesn't exist(def 'Projectile_BarkCanon')
00:43:19.639  WARNING| Client: received Entity sync notification #0 for entity with netId 9187, but entity doesn't exist(def 'Projectile_BarkCanon')
00:43:19.976  WARNING| Client: received Entity sync notification #0 for entity with netId 9207, but entity doesn't exist(def 'Projectile_BarkCanon')
00:43:20.087  WARNING| Client: received Entity sync notification #0 for entity with netId 9212, but entity doesn't exist(def 'Projectile_AceGun')
00:43:20.312  WARNING| Client: received Entity sync notification #0 for entity with netId 9230, but entity doesn't exist(def 'Projectile_BarkCanon')
00:43:20.653  WARNING| Client: received Entity sync notification #0 for entity with netId 9245, but entity doesn't exist(def 'Projectile_BarkCanon')
00:43:20.988  WARNING| Client: received Entity sync notification #0 for entity with netId 9270, but entity doesn't exist(def 'Projectile_BarkCanon')
00:43:21.323  WARNING| Client: received Entity sync notification #0 for entity with netId 9311, but entity doesn't exist(def 'Projectile_BarkCanon')
00:43:21.660  WARNING| Client: received Entity sync notification #0 for entity with netId 9335, but entity doesn't exist(def 'Projectile_BarkCanon')
00:43:25.280  WARNING| m_bufferizedUICalls delivery took 6.5 ms
00:43:25.933  WARNING| Client: received Entity sync notification #0 for entity with netId 9610, but entity doesn't exist(def 'Projectile_AceGun')
00:43:26.267  WARNING| Client: received Entity sync notification #0 for entity with netId 9628, but entity doesn't exist(def 'Projectile_AceGun')
00:43:26.604  WARNING| Client: received Entity sync notification #0 for entity with netId 9650, but entity doesn't exist(def 'Projectile_AceGun')
00:43:27.620  WARNING| Client: received Entity sync notification #0 for entity with netId 9697, but entity doesn't exist(def 'Projectile_AceGun')
00:43:28.287  WARNING| Client: received Entity sync notification #0 for entity with netId 9749, but entity doesn't exist(def 'Projectile_AceGun')
00:43:40.081  WARNING| Client: received Entity sync notification #0 for entity with netId 10336, but entity doesn't exist(def 'Projectile_AceGun')
00:43:40.420  WARNING| Client: received Entity sync notification #0 for entity with netId 10347, but entity doesn't exist(def 'Projectile_AceGun')
00:43:40.755  WARNING| Client: received Entity sync notification #0 for entity with netId 10358, but entity doesn't exist(def 'Projectile_AceGun')
00:43:41.768  WARNING| Client: received Entity sync notification #0 for entity with netId 10393, but entity doesn't exist(def 'Projectile_AceGun')
00:43:41.876  WARNING| Client: received Entity sync notification #0 for entity with netId 10395, but entity doesn't exist(def 'Projectile_AceGun')
00:43:42.215  WARNING| Client: received Entity sync notification #0 for entity with netId 10409, but entity doesn't exist(def 'Projectile_AceGun')
00:43:42.447  WARNING| Client: received Entity sync notification #0 for entity with netId 10418, but entity doesn't exist(def 'Projectile_AceGun')
00:43:42.556  WARNING| Client: received Entity sync notification #0 for entity with netId 10421, but entity doesn't exist(def 'Projectile_AceGun')
00:43:42.777  WARNING| Client: received Entity sync notification #0 for entity with netId 10436, but entity doesn't exist(def 'Projectile_AceGun')
00:43:42.889  WARNING| Client: received Entity sync notification #0 for entity with netId 10438, but entity doesn't exist(def 'Projectile_AceGun')
00:43:43.225  WARNING| Client: received Entity sync notification #0 for entity with netId 10456, but entity doesn't exist(def 'Projectile_AceGun')
00:43:43.509  WARNING| AthlantaDroneL: entity is defined damageable, but 'health' property is 0.0f! health is set to 100
00:43:43.567  WARNING| Client: received Entity sync notification #0 for entity with netId 10467, but entity doesn't exist(def 'Projectile_AceGun')
00:43:43.904  WARNING| Client: received Entity sync notification #0 for entity with netId 10482, but entity doesn't exist(def 'Projectile_AceGun')
00:43:44.237  WARNING| Client: received Entity sync notification #0 for entity with netId 10491, but entity doesn't exist(def 'Projectile_AceGun')
00:43:44.573  WARNING| Client: received Entity sync notification #0 for entity with netId 10504, but entity doesn't exist(def 'Projectile_AceGun')
00:43:47.948  WARNING| Client: received Entity sync notification #0 for entity with netId 10660, but entity doesn't exist(def 'Projectile_AceGun')
00:43:48.289  WARNING| Client: received Entity sync notification #0 for entity with netId 10674, but entity doesn't exist(def 'Projectile_AceGun')
00:44:06.779         | Environment setting 's1347_livestation' loaded
00:44:15.576  WARNING| Client: received Entity sync notification #0 for entity with netId 11248, but entity doesn't exist(def 'FrigateDrone')
00:44:35.124  WARNING| Client: received Entity sync notification #0 for entity with netId 11745, but entity doesn't exist(def 'Projectile_BarkCanon')
00:44:35.236  WARNING| Client: received Entity sync notification #0 for entity with netId 11757, but entity doesn't exist(def 'Projectile_BarkCanon')
00:44:35.347  WARNING| Client: received Entity sync notification #0 for entity with netId 11759, but entity doesn't exist(def 'Projectile_BarkCanon')
00:44:35.458  WARNING| Client: received Entity sync notification #0 for entity with netId 11771, but entity doesn't exist(def 'Projectile_BarkCanon')
00:44:35.575  WARNING| Client: received Entity sync notification #0 for entity with netId 11779, but entity doesn't exist(def 'Projectile_BarkCanon')
00:44:35.687  WARNING| Client: received Entity sync notification #0 for entity with netId 11789, but entity doesn't exist(def 'Projectile_BarkCanon')
00:44:35.799  WARNING| Client: received Entity sync notification #0 for entity with netId 11796, but entity doesn't exist(def 'Projectile_BarkCanon')
00:44:35.910  WARNING| Client: received Entity sync notification #0 for entity with netId 11809, but entity doesn't exist(def 'Projectile_BarkCanon')
00:44:36.029  WARNING| Client: received Entity sync notification #0 for entity with netId 11816, but entity doesn't exist(def 'Projectile_BarkCanon')
00:44:37.820  WARNING| Client: received Entity sync notification #0 for entity with netId 11925, but entity doesn't exist(def 'Projectile_BarkCanon')
00:44:37.930  WARNING| Client: received Entity sync notification #0 for entity with netId 11934, but entity doesn't exist(def 'Projectile_BarkCanon')
00:44:37.991  WARNING| AthlantaDroneL: entity is defined damageable, but 'health' property is 0.0f! health is set to 100
00:44:38.048  WARNING| Client: received Entity sync notification #0 for entity with netId 11937, but entity doesn't exist(def 'Projectile_BarkCanon')
00:44:38.159  WARNING| Client: received Entity sync notification #0 for entity with netId 11949, but entity doesn't exist(def 'Projectile_BarkCanon')
00:44:38.271  WARNING| Client: received Entity sync notification #0 for entity with netId 11956, but entity doesn't exist(def 'Projectile_BarkCanon')
00:44:38.609  WARNING| Client: received Entity sync notification #0 for entity with netId 11976, but entity doesn't exist(def 'Projectile_BarkCanon')
00:44:38.833  WARNING| Client: received Entity sync notification #0 for entity with netId 11988, but entity doesn't exist(def 'Projectile_BarkCanon')
00:44:38.946  WARNING| Client: received Entity sync notification #0 for entity with netId 11991, but entity doesn't exist(def 'Projectile_BarkCanon')
00:44:39.060  WARNING| Client: received Entity sync notification #0 for entity with netId 11992, but entity doesn't exist(def 'Projectile_BarkCanon')
00:44:39.168  WARNING| Client: received Entity sync notification #0 for entity with netId 11995, but entity doesn't exist(def 'Projectile_BarkCanon')
00:44:39.285  WARNING| Client: received Entity sync notification #0 for entity with netId 11998, but entity doesn't exist(def 'Projectile_BarkCanon')
00:44:57.594  WARNING| Client: received Entity sync notification #1 for entity with netId 12342, but entity doesn't exist(def 'Projectile_AceGun')
00:45:02.196  WARNING| Client: received Entity sync notification #1 for entity with netId 12478, but entity doesn't exist(def 'Projectile_AceGun')
00:45:12.662         | ReplayManager: replay (5.06Mb) is avaibalbe for downloading!
00:45:15.352         | Loot: Silver_Junk_T5_12: 1
00:45:16.478         | Loot: Silver_Junk_T5_2: 1
00:45:16.669         | nextRecheckOnDSFailure 518.789, vid 30471651
00:45:16.669         | nextRecheckOnDSFailure 518.789, vid 30738231
00:45:16.669         | nextRecheckOnDSFailure 518.789, vid 33052865
00:45:16.669         | nextRecheckOnDSFailure 518.789, vid 35328637
00:45:16.707  WARNING| m_bufferizedUICalls delivery took 37.4 ms
00:45:16.739  WARNING| m_bufferizedUICalls delivery took 29.4 ms
00:45:16.956  WARNING| m_bufferizedUICalls delivery took 29.5 ms
00:45:17.318  WARNING| m_bufferizedUICalls delivery took 29.5 ms
00:45:17.492         | Loot: Tungsten_plate: 1
00:45:19.840         | Loot: Silver_Junk_T5_4: 1
00:45:20.635         | client: player 1 leave game
00:45:20.969         | Loot: Silver_Junk_T5_101: 1
00:45:21.366         | client: player 9 leave game
00:45:22.324         | Loot: Silver_Junk_T5_101: 1
00:45:22.827         | client: player 11 leave game
00:45:23.493         | Loot: Silver_Junk_T5_13: 1
00:45:24.227         | client: player 3 leave game
00:45:25.123         | client: player 7 leave game
00:45:26.086         | client: player 4 leave game
00:45:26.586         | client: player 8 leave game
00:45:27.562         | client: avgPing 2.2/0.4; avgPacketLoss 0.0/0.0%; avgSnapshotLoss 0.0/0.0%, MTU 1492
00:45:27.562         | client: connection closed. DR_CLIENT_GAME_FINISHED
00:45:27.562         | Network stats (bytes per second): avg pushed 1508, max pushed 2184, avg sent 2879, max sent 4398, avg received 9632, max received 19787
00:45:27.646         | ReplayManager: stopping activity due to map change
00:45:27.658         | Peak entities: 1002
00:45:27.658         | Peak models: 803
00:45:27.668         | Peak geometries: 3432. Cur geometries: 366
00:45:27.829         | ====== starting level: 'levels\mainmenu\mm_alidium'  ======
00:45:27.874         | Remove autogen defs
00:45:27.874         | Remove autogen defs
00:45:27.880         | Environment setting 'mm_alidium' loaded
00:45:28.371         | Successfuly saved userdata (ver:164256) to server
00:45:28.396         | ====== level started:  'levels\mainmenu\mm_alidium' success ======
00:45:28.396         | Environment setting 'mm_alidium' loaded
00:45:28.421  WARNING| m_bufferizedUICalls delivery took 25.7 ms
00:45:28.468         | Successfuly saved userdata (ver:164257) to server
00:45:35.279         | {
00:45:35.279         | 	"arcade": 1.000
00:45:35.279         | 	"region": 1.000
00:45:35.279         | }
00:45:35.679         | MasterServerEndpoint: enter matchmaking queue
00:45:35.680  WARNING| script (ui\scripts\public\uipublic.lua@0): ^5UI:MasterServer_OnEnterMMQueue
00:45:35.684  WARNING| m_bufferizedUICalls delivery took 5.8 ms
00:45:35.731         | Completed quest 512
00:45:35.731         | Completed quest 677
00:45:35.731         | Completed quest 512
00:45:35.731         | Completed quest 485
00:45:35.748  WARNING| m_bufferizedUICalls delivery took 17.3 ms
00:45:36.106         | Successfuly saved userdata (ver:164258) to server
00:45:36.158         | Successfuly saved userdata (ver:164259) to server
00:45:36.423  WARNING| script (ui\scripts\work\uigamefuncs.lua@0): UI:UpdateServerData_OnUserProfileUpdate: atlas update
00:45:36.454  WARNING| m_bufferizedUICalls delivery took 15.7 ms
00:45:36.613  WARNING| script (ui\scripts\work\uigamefuncs.lua@0): UI:UpdateServerData_OnUserProfileUpdate: atlas update
00:45:36.670         | Successfuly saved userdata (ver:164260) to server
00:45:36.746         | Successfuly saved userdata (ver:164261) to server
00:45:36.902  WARNING| m_bufferizedUICalls delivery took 9.3 ms
00:45:36.910  WARNING| script (ui\scripts\work\uigamefuncs.lua@0): UI:UpdateServerData_OnUserProfileUpdate: atlas update
00:45:48.042  WARNING| m_bufferizedUICalls delivery took 60.2 ms
00:46:18.378  WARNING| script (ui\scripts\windows\buywnd.lua@0): UI.BuyWnd:F_OnMouseLButtonDown(): press button OK. Mouse position: ( '586' , '362' )
00:46:18.873         | Successfuly saved userdata (ver:164262) to server
00:46:18.923         | Successfuly saved userdata (ver:164263) to server
00:46:22.112  WARNING| script (ui\scripts\windows\buywnd.lua@0): UI.BuyWnd:F_OnMouseLButtonDown(): press button OK. Mouse position: ( '589' , '358' )
00:46:22.452         | Successfuly saved userdata (ver:164264) to server
00:46:22.522         | Successfuly saved userdata (ver:164265) to server
00:46:55.302  WARNING| m_bufferizedUICalls delivery took 6.4 ms
00:48:36.006         | MasterServerEndpoint: leave matchmaking queue ( but will join the game soon )
00:48:39.054         | nextRecheckOnDSFailure 863.905, vid 30471651
00:48:39.054         | nextRecheckOnDSFailure 863.905, vid 30738231
00:48:39.054         | nextRecheckOnDSFailure 863.905, vid 33052865
00:48:39.054         | nextRecheckOnDSFailure 863.905, vid 35328637
00:48:39.168  WARNING| m_bufferizedUICalls delivery took 116.1 ms
00:48:39.176  WARNING| frame 857474 gameGlobals.frameTimeReal is too large (0.119435)
00:48:40.692         | MasterServerSession: connect to dedicated server, session 54014045, at addr 185.253.20.243|35015
00:48:40.728         | client: start connecting to 185.253.20.243|35015...
00:48:40.780         | client: connected to 185.253.20.243|35015, MTU 1492. setting up session...
00:48:40.831         | client. send version check message (2097 bytes)
00:48:40.979         | client. got onConnect init message. total 69735 bytes
00:48:40.980         | Peak entities: 1263
00:48:40.980         | Peak models: 476
00:48:40.982         | Peak geometries: 1149. Cur geometries: 366
00:48:41.080         | Remove autogen defs
00:48:41.084         | client: ADD_PLAYER 0 (Mo4e3aBp [LuX], 2516405) status 1 team 1
00:48:41.084         | client: ADD_PLAYER 1 (Tavr79 [], 3529122) status 6 team 2
00:48:41.084         | client: ADD_PLAYER 2 (AnkaCCCPov [CCCP], 4125251) status 6 team 1
00:48:41.084         | client: ADD_PLAYER 3 (Bandy1 [], 1046035) status 2 team 2
00:48:41.084         | client: ADD_PLAYER 4 (chemic7 [BECHA], 3464395) status 6 team 1
00:48:41.085         | client: ADD_PLAYER 5 (MVA4891 [WITCH], 2897333) status 6 team 2
00:48:41.085         | client: ADD_PLAYER 6 (Koschey [], 3055952) status 6 team 1
00:48:41.085         | client: ADD_PLAYER 7 (Kommboy [], 2675864) status 6 team 2
00:48:41.085         | client: server assigned id 0
00:48:41.085         | client: got level load message 's1338_pandora_anomaly'
00:48:41.095         | ReplayManager: stopping activity due to map change
00:48:41.112         | Peak geometries: 0. Cur geometries: 366
00:48:41.218         | ====== starting level: 'levels\area1\s1338_pandora_anomaly' CaptureTheBase2 client ======
00:48:41.280         | Remove autogen defs
00:48:41.471  WARNING| Async queue overflow
00:48:41.582         | Resume async queue pushing
00:48:41.610  WARNING| Async queue overflow
00:48:41.648         | Resume async queue pushing
00:48:41.685  WARNING| Async queue overflow
00:48:41.761         | Resume async queue pushing
00:48:41.777  WARNING| Async queue overflow
00:48:41.892         | Resume async queue pushing
00:48:41.910  WARNING| Async queue overflow
00:48:42.027         | Resume async queue pushing
00:48:42.044  WARNING| Async queue overflow
00:48:42.121         | Resume async queue pushing
00:48:42.139  WARNING| Async queue overflow
00:48:42.177         | Resume async queue pushing
00:48:42.224  WARNING| Async queue overflow
00:48:42.263         | Resume async queue pushing
00:48:42.288  WARNING| Async queue overflow
00:48:42.402         | Resume async queue pushing
00:48:42.422  WARNING| Async queue overflow
00:48:42.461         | Resume async queue pushing
00:48:42.502  WARNING| Async queue overflow
00:48:42.541         | Resume async queue pushing
00:48:42.555  WARNING| Async queue overflow
00:48:42.592         | Resume async queue pushing
00:48:42.618  WARNING| Async queue overflow
00:48:42.694         | Resume async queue pushing
00:48:42.747  WARNING| Async queue overflow
00:48:42.824         | Resume async queue pushing
00:48:42.849  WARNING| Async queue overflow
00:48:42.887         | Resume async queue pushing
00:48:42.936  WARNING| Async queue overflow
00:48:42.976         | Resume async queue pushing
00:48:42.987         | Environment setting 's1338_pandora_anomaly' loaded
00:48:42.996  WARNING| Async queue overflow
00:48:43.072         | Resume async queue pushing
00:48:43.103         | client: send ready message
00:48:43.157         | Remove autogen defs
00:48:43.157         | Added def: Module_Autogen_6423657363, idx: 25869, total: 1
00:48:43.157         | Added def: Module_Autogen_6344713946, idx: 25870, total: 2
00:48:43.157         | Added def: Module_Autogen_3168224359, idx: 25871, total: 3
00:48:43.157         | Added spell def: Spell_AG_SpawnBonus_Damage_Autogen_7502
00:48:43.157         | Added spell def: Spell_AG_GhostShield_Autogen_7503
00:48:43.157         | Added def: Module_Autogen_6316896191, idx: 25872, total: 4
00:48:43.158         | Added def: Module_Autogen_6338276077, idx: 25873, total: 5
00:48:43.158         | Added def: Module_Autogen_6338781818, idx: 25874, total: 6
00:48:43.158         | Added def: Module_Autogen_4303505039, idx: 25875, total: 7
00:48:43.158         | Added def: Module_Autogen_4694048655, idx: 25876, total: 8
00:48:43.158         | Added def: Module_Autogen_5072637127, idx: 25877, total: 9
00:48:43.158         | Added def: Module_Autogen_4363431930, idx: 25878, total: 10
00:48:43.158         | Added def: Module_Autogen_4393627068, idx: 25879, total: 11
00:48:43.158         | Added def: Module_Autogen_4303505046, idx: 25880, total: 12
00:48:43.158         | Added def: Module_Autogen_6198182768, idx: 25881, total: 13
00:48:43.158         | Added def: Module_Autogen_4404450198, idx: 25882, total: 14
00:48:43.158         | Added def: Module_Autogen_4598289657, idx: 25883, total: 15
00:48:43.158         | Added def: Module_Autogen_4929772175, idx: 25884, total: 16
00:48:43.158         | Added def: Module_Autogen_7866607020, idx: 25885, total: 17
00:48:43.158         | Added def: Module_Autogen_7925872853, idx: 25886, total: 18
00:48:43.158         | Added def: Module_Autogen_4929772194, idx: 25887, total: 19
00:48:43.158         | Added spell def: Spell_AG_HullHeal_Autogen_7504
00:48:43.158         | Added spell def: Spell_AG_GravityBomb_Start_Autogen_7505
00:48:43.158         | Added def: Module_Autogen_4976360363, idx: 25888, total: 20
00:48:43.158         | Added spell def: Spell_AG_DefenderShield_Autogen_7506
00:48:43.158         | Added spell def: Spell_AG_GravityBomb_Start_Autogen_7507
00:48:43.158         | Added def: Module_Autogen_5707952771, idx: 25889, total: 21
00:48:43.158         | Added def: Module_Autogen_5689448311, idx: 25890, total: 22
00:48:43.158         | Added spell def: Spell_AG_EnergyShield_Autogen_7508
00:48:43.158         | Added spell def: Spell_AG_SpawnBonus_Heal_Autogen_7509
00:48:43.158         | Added def: Module_Autogen_5689448319, idx: 25891, total: 23
00:48:43.158         | Added spell def: Spell_AG_TimeBomb_Autogen_7510
00:48:43.158         | Added spell def: Spell_AG_SpawnBonus_Speed_Autogen_7511
00:48:43.158         | Added def: Module_Autogen_5713910591, idx: 25892, total: 24
00:48:43.158         | Added spell def: Spell_AG_AimDeath_Autogen_7512
00:48:43.158         | Added def: Module_Autogen_5719530862, idx: 25893, total: 25
00:48:43.158         | Added spell def: Spell_AG_EnergyShield_Autogen_7513
00:48:43.158         | Added def: Module_Autogen_6705843178, idx: 25894, total: 26
00:48:43.158         | Added spell def: Spell_AG_GravityBomb_Start_Autogen_7514
00:48:43.158         | Added spell def: Spell_AG_DamageToPower_Autogen_7515
00:48:43.158         | Added def: Module_Autogen_5473948312, idx: 25895, total: 27
00:48:43.158         | Added def: Module_Autogen_5689448306, idx: 25896, total: 28
00:48:43.158         | Added spell def: Spell_AG_SpikeShield_Autogen_7516
00:48:43.158         | Added def: Module_Autogen_5689448318, idx: 25897, total: 29
00:48:43.158         | Added spell def: Spell_AG_ReserveShield_Autogen_7517
00:48:43.158         | Added spell def: Spell_AG_AimDeath_Autogen_7518
00:48:43.158         | Added def: Module_Autogen_5498851209, idx: 25898, total: 30
00:48:43.158         | Added spell def: Spell_AG_Invulnerability_Autogen_7519
00:48:43.158         | Added spell def: Spell_AG_HealBonusOnKill_Autogen_7520
00:48:43.158         | Added def: Module_Autogen_5669266381, idx: 25899, total: 31
00:48:43.158         | Added spell def: Spell_AG_ResistHullDec_Autogen_7521
00:48:43.158         | Added def: Module_Autogen_5672171399, idx: 25900, total: 32
00:48:43.158         | Added def: Module_Autogen_5669266382, idx: 25901, total: 33
00:48:43.158         | Added spell def: Spell_AG_SpawnBonus_Heal_Autogen_7522
00:48:43.158         | Added spell def: Spell_AG_Blackout_Shield_Autogen_7523
00:48:43.158         | Added def: Module_Autogen_5664631140, idx: 25902, total: 34
00:48:43.158         | Added spell def: Spell_AG_DamageToHeal_Emp_Autogen_7524
00:48:43.158         | Added def: Module_Autogen_6748663289, idx: 25903, total: 35
00:48:43.158         | Added spell def: Spell_AG_TurtleShield_Autogen_7525
00:48:43.158         | Added spell def: Spell_AG_SpawnBonus_Shield_Autogen_7526
00:48:43.158         | Added def: Module_Autogen_5818730219, idx: 25904, total: 36
00:48:43.158         | Added spell def: Spell_AG_SpawnBonus_Shield_Autogen_7527
00:48:43.158         | Added def: Module_Autogen_6711719353, idx: 25905, total: 37
00:48:43.158         | Added spell def: Spell_AG_Invulnerability_Autogen_7528
00:48:43.158         | Added def: Module_Autogen_7957611621, idx: 25906, total: 38
00:48:43.158         | Added spell def: Spell_AG_SpikeShield_Autogen_7529
00:48:43.158         | Added def: Module_Autogen_6748663290, idx: 25907, total: 39
00:48:43.158         | Added spell def: Spell_AG_SpikeRam_Autogen_7530
00:48:43.158         | Added spell def: Spell_AG_Freeze_Autogen_7531
00:48:43.158         | Added def: Module_Autogen_7957611624, idx: 25908, total: 40
00:48:43.158         | Added spell def: Spell_AG_NuclearDeath_Autogen_7532
00:48:43.158         | Added def: Module_Autogen_1652859007, idx: 25909, total: 41
00:48:43.158         | Added def: Module_Autogen_2074525491, idx: 25910, total: 42
00:48:43.158         | Added spell def: Spell_AG_TimeBomb_Autogen_7533
00:48:43.158         | Added def: Module_Autogen_2087218946, idx: 25911, total: 43
00:48:43.158         | Added def: Module_Autogen_393387682, idx: 25912, total: 44
00:48:43.158         | Added def: Module_Autogen_6077477523, idx: 25913, total: 45
00:48:43.158         | Added spell def: Spell_AG_GravityBomb_Start_Autogen_7534
00:48:43.158         | Added spell def: Spell_AG_NuclearDeath_Autogen_7535
00:48:43.158         | Added def: Module_Autogen_1987887100, idx: 25914, total: 46
00:48:43.158         | Added def: Module_Autogen_2217960246, idx: 25915, total: 47
00:48:43.158         | Added spell def: Spell_AG_SpikeShield_Autogen_7536
00:48:43.158         | Added def: Module_Autogen_2370466507, idx: 25916, total: 48
00:48:43.158         | Added def: Module_Autogen_2500488404, idx: 25917, total: 49
00:48:43.158         | Added def: Module_Autogen_3676381028, idx: 25918, total: 50
00:48:43.158         | Added def: Module_Autogen_1736155409, idx: 25919, total: 51
00:48:43.160         | Added def: Module_Autogen_2212478254, idx: 25920, total: 52
00:48:43.160         | Added def: Module_Autogen_2302443076, idx: 25921, total: 53
00:48:43.160         | Added def: Module_Autogen_2553985745, idx: 25922, total: 54
00:48:43.160         | Added def: Module_Autogen_2830097758, idx: 25923, total: 55
00:48:43.160         | Added def: Module_Autogen_1539803191, idx: 25924, total: 56
00:48:43.160         | Added def: Module_Autogen_2527384433, idx: 25925, total: 57
00:48:43.160         | Added def: Module_Autogen_1033659974, idx: 25926, total: 58
00:48:43.160         | Added def: Module_Autogen_378644908, idx: 25927, total: 59
00:48:43.160         | Added def: Module_Autogen_1973747659, idx: 25928, total: 60
00:48:43.160         | Added def: Module_Autogen_7356343261, idx: 25929, total: 61
00:48:43.160         | Added def: Module_Autogen_7356343244, idx: 25930, total: 62
00:48:43.160         | Added def: Module_Autogen_7356343265, idx: 25931, total: 63
00:48:43.160         | Added def: Module_Autogen_7289104693, idx: 25932, total: 64
00:48:43.160         | Added def: Module_Autogen_7347671258, idx: 25933, total: 65
00:48:43.160         | Added spell def: Spell_AG_Blackout_Shield_Autogen_7537
00:48:43.160         | Added spell def: Spell_AG_ResistHullDec_Autogen_7538
00:48:43.160         | Added def: Module_Autogen_7762485147, idx: 25934, total: 66
00:48:43.160         | Added spell def: Spell_AG_HullHeal_Autogen_7539
00:48:43.160         | Added spell def: Spell_AG_Impulse_Autogen_7540
00:48:43.160         | Added spell def: AutogenMulticast_Autogen_7541
00:48:43.160         | Added def: Module_Autogen_7762485146, idx: 25935, total: 67
00:48:43.160         | Added spell def: Spell_AG_Detonate_Autogen_7542
00:48:43.160         | Added def: Module_Autogen_7762485149, idx: 25936, total: 68
00:48:43.160         | Added spell def: Spell_AG_SpawnBonus_Speed_Autogen_7543
00:48:43.160         | Added spell def: Spell_AG_Detonate_Autogen_7544
00:48:43.160         | Added def: Module_Autogen_7786526367, idx: 25937, total: 69
00:48:43.160         | Added def: Module_Autogen_7762485134, idx: 25938, total: 70
00:48:43.160         | Added spell def: Spell_AG_Speed_Autogen_7545
00:48:43.160         | Added spell def: Spell_AG_FireRate_Autogen_7546
00:48:43.160         | Added def: Module_Autogen_7969106666, idx: 25939, total: 71
00:48:43.160         | Added spell def: Spell_AG_Freeze_Autogen_7547
00:48:43.160         | Added spell def: Spell_AG_GravityBomb_Start_Autogen_7548
00:48:43.160         | Added def: Module_Autogen_7969106645, idx: 25940, total: 72
00:48:43.160         | Added def: Module_Autogen_7969106648, idx: 25941, total: 73
00:48:43.160         | Added def: Module_Autogen_7033027003, idx: 25942, total: 74
00:48:43.160         | Added def: Module_Autogen_7384758113, idx: 25943, total: 75
00:48:43.160         | Added spell def: Spell_AG_GravityBomb_Start_Autogen_7549
00:48:43.160         | Added spell def: Spell_AG_SpawnBonus_Damage_Autogen_7550
00:48:43.160         | Added def: Module_Autogen_7182493571, idx: 25944, total: 76
00:48:43.160         | Added def: Module_Autogen_7300983224, idx: 25945, total: 77
00:48:43.160         | Added def: Module_Autogen_7338913417, idx: 25946, total: 78
00:48:43.160         | Added def: Module_Autogen_6663118359, idx: 25947, total: 79
00:48:43.160         | Added def: Module_Autogen_6782016725, idx: 25948, total: 80
00:48:43.160         | Added def: Module_Autogen_6782016732, idx: 25949, total: 81
00:48:43.160         | Added def: Module_Autogen_6684594700, idx: 25950, total: 82
00:48:43.160         | Added spell def: Spell_AG_EnergyShield_Autogen_7551
00:48:43.160         | Added def: Module_Autogen_6684594696, idx: 25951, total: 83
00:48:43.160         | Added spell def: Spell_AG_DefenderShield_Autogen_7552
00:48:43.160         | Added def: Module_Autogen_6684594688, idx: 25952, total: 84
00:48:43.160         | Added def: Module_Autogen_6782016728, idx: 25953, total: 85
00:48:43.160         | Added def: Module_Autogen_6663118376, idx: 25954, total: 86
00:48:43.160         | Added def: Module_Autogen_7831330739, idx: 25955, total: 87
00:48:43.160         | Added def: Module_Autogen_6782016730, idx: 25956, total: 88
00:48:43.160         | Added def: Module_Autogen_7304997249, idx: 25957, total: 89
00:48:43.160         | Added def: Module_Autogen_7074565182, idx: 25958, total: 90
00:48:43.160         | Added spell def: Spell_AG_StopBarrelRot_Autogen_7553
00:48:43.160         | Added def: Module_Autogen_7200471602, idx: 25959, total: 91
00:48:43.160         | Added def: Module_Autogen_7074565176, idx: 25960, total: 92
00:48:43.160         | Added spell def: Spell_AG_HealBonusOnKill_Autogen_7554
00:48:43.160         | Added def: Module_Autogen_7373061570, idx: 25961, total: 93
00:48:43.160         | Added spell def: Spell_AG_Blastwave_Thermal_Autogen_7555
00:48:43.160         | Added def: Module_Autogen_7150530416, idx: 25962, total: 94
00:48:43.160         | Added spell def: Spell_AG_SpawnBonus_Shield_Autogen_7556
00:48:43.160         | Added def: Module_Autogen_7373061575, idx: 25963, total: 95
00:48:43.160         | Added spell def: Spell_AG_DispersionDec_Autogen_7557
00:48:43.160         | Added def: Module_Autogen_7373061577, idx: 25964, total: 96
00:48:43.161         | Added spell def: Spell_AG_Impulse_Autogen_7558
00:48:43.161         | Added def: Module_Autogen_7385040566, idx: 25965, total: 97
00:48:43.161         | Added spell def: Spell_AG_SpawnBonus_Speed_Autogen_7559
00:48:43.161         | Added def: Module_Autogen_7200471628, idx: 25966, total: 98
00:48:43.161         | Added spell def: Spell_AG_Detonate_Autogen_7560
00:48:43.161         | Added spell def: Spell_AG_SpikeShield_Autogen_7561
00:48:43.161         | Added def: Module_Autogen_7278305450, idx: 25967, total: 99
00:48:43.161         | Added def: Module_Autogen_7273797531, idx: 25968, total: 100
00:48:43.161         | Added def: Module_Autogen_7280246671, idx: 25969, total: 101
00:48:43.161         | Added def: Module_Autogen_7278287377, idx: 25970, total: 102
00:48:43.161         | Added def: Module_Autogen_7278305459, idx: 25971, total: 103
00:48:43.161         | Added def: Module_Autogen_7273730718, idx: 25972, total: 104
00:48:43.161         | Added def: Module_Autogen_7273752405, idx: 25973, total: 105
00:48:43.161         | Added def: Module_Autogen_7274909035, idx: 25974, total: 106
00:48:43.161         | Added def: Module_Autogen_7274882205, idx: 25975, total: 107
00:48:43.161         | Added def: Module_Autogen_7522317548, idx: 25976, total: 108
00:48:43.161         | Added spell def: Spell_AG_TimeBomb_Autogen_7562
00:48:43.161         | Added spell def: Spell_AG_HealBonusOnKill_Autogen_7563
00:48:43.161         | Added def: Module_Autogen_7797464712, idx: 25977, total: 109
00:48:43.161         | Added def: Module_Autogen_3756463561, idx: 25978, total: 110
00:48:43.161         | Added spell def: Spell_AG_SpikeShield_Autogen_7564
00:48:43.161         | Added spell def: Spell_AG_ResistHullDec_Autogen_7565
00:48:43.161         | Added def: Module_Autogen_3756463544, idx: 25979, total: 111
00:48:43.161         | Added def: Module_Autogen_4478437486, idx: 25980, total: 112
00:48:43.161         | Added def: Module_Autogen_4188801381, idx: 25981, total: 113
00:48:43.161         | Added def: Module_Autogen_3904568852, idx: 25982, total: 114
00:48:43.161         | Added def: Module_Autogen_4082429426, idx: 25983, total: 115
00:48:43.161         | Added spell def: Spell_AG_TimeBomb_Autogen_7566
00:48:43.161         | Added def: Module_Autogen_7073144979, idx: 25984, total: 116
00:48:43.161         | Added def: Module_Autogen_5774495754, idx: 25985, total: 117
00:48:43.161         | Added def: Module_Autogen_4958629623, idx: 25986, total: 118
00:48:43.161         | Added def: Module_Autogen_4518913249, idx: 25987, total: 119
00:48:43.161         | Added def: Module_Autogen_7781658555, idx: 26019, total: 120
00:48:43.161         | Added spell def: Spell_AG_SpawnBonus_Damage_Autogen_7573
00:48:43.161         | Added spell def: Spell_AG_NuclearDeath_Autogen_7574
00:48:43.161         | Added def: Module_Autogen_2266635623, idx: 26020, total: 121
00:48:43.161         | Added spell def: Spell_AG_Detonate_Autogen_7575
00:48:43.161         | Added spell def: Spell_AG_GravityBomb_Start_Autogen_7576
00:48:43.161         | Added spell def: AutogenMulticast_Autogen_7577
00:48:43.161         | Added def: Module_Autogen_2266635624, idx: 26021, total: 122
00:48:43.161         | Added spell def: Spell_AG_StopBarrelRot_Autogen_7578
00:48:43.161         | Added spell def: Spell_AG_DamageDec_Autogen_7579
00:48:43.161         | Added def: Module_Autogen_2266635617, idx: 26022, total: 123
00:48:43.161         | Added def: Module_Autogen_2266635620, idx: 26023, total: 124
00:48:43.161         | Added spell def: Spell_AG_FireRate_Autogen_7580
00:48:43.161         | Added def: Module_Autogen_2398830594, idx: 26024, total: 125
00:48:43.161         | Added def: Module_Autogen_2398830602, idx: 26025, total: 126
00:48:43.161         | Added spell def: Spell_AG_StopBarrelRot_Autogen_7581
00:48:43.161         | Added def: Module_Autogen_2398830598, idx: 26026, total: 127
00:48:43.161         | Added spell def: Spell_AG_TurtleShield_Autogen_7582
00:48:43.161         | Added def: Module_Autogen_2604216736, idx: 26027, total: 128
00:48:43.161         | Added def: Module_Autogen_4243042064, idx: 26028, total: 129
00:48:43.161         | Added def: Module_Autogen_2446825948, idx: 26029, total: 130
00:48:43.161         | Added def: Module_Autogen_2580249617, idx: 26030, total: 131
00:48:43.161         | Added def: Module_Autogen_4239315064, idx: 26031, total: 132
00:48:43.161         | Added def: Module_Autogen_2348918489, idx: 26032, total: 133
00:48:43.161         | Added def: Module_Autogen_2569232280, idx: 26033, total: 134
00:48:43.161         | Added def: Module_Autogen_2398830597, idx: 26034, total: 135
00:48:43.161         | Added spell def: Spell_AG_SpawnBonus_Shield_Autogen_7583
00:48:43.163         | Added def: Module_Autogen_3503142387, idx: 26012, total: 136
00:48:43.163         | Added def: Module_Autogen_4388941058, idx: 26013, total: 137
00:48:43.163         | Added def: Module_Autogen_4400303054, idx: 26014, total: 138
00:48:43.163         | Added def: Module_Autogen_7892387449, idx: 26010, total: 139
00:48:43.163         | Added spell def: Spell_AG_HullHeal_Autogen_7571
00:48:43.163         | Added spell def: Spell_AG_HealBonusOnKill_Autogen_7572
00:48:43.163         | Added def: Module_Autogen_7890110616, idx: 26009, total: 140
00:48:43.163         | Added spell def: Spell_AG_ResistShieldDec_Autogen_7569
00:48:43.163         | Added spell def: Spell_AG_EnergyVampire_Autogen_7570
00:48:43.163         | Added def: Module_Autogen_7649153195, idx: 26007, total: 141
00:48:43.163         | Added spell def: Spell_AG_GravityBomb_Start_Autogen_7567
00:48:43.163         | Added spell def: Spell_AG_Blastwave_Thermal_Autogen_7568
00:48:43.163         | Added def: Module_Autogen_7791945778, idx: 26008, total: 142
00:48:43.163         | Added def: Module_Autogen_7914391736, idx: 26011, total: 143
00:48:43.163         | Added def: Module_Autogen_6828256990, idx: 26004, total: 144
00:48:43.163         | Added def: Module_Autogen_6555750551, idx: 26003, total: 145
00:48:43.163         | Added def: Module_Autogen_6525879325, idx: 26002, total: 146
00:48:43.163         | Added def: Module_Autogen_7088432108, idx: 26006, total: 147
00:48:43.163         | Added def: Module_Autogen_7044474563, idx: 26005, total: 148
00:48:43.163         | Added def: Module_Autogen_7737400983, idx: 25999, total: 149
00:48:43.163         | Added def: Module_Autogen_4631040137, idx: 25997, total: 150
00:48:43.163         | Added def: Module_Autogen_7831505337, idx: 26000, total: 151
00:48:43.163         | Added def: Module_Autogen_4643895746, idx: 25998, total: 152
00:48:43.163         | Added def: Module_Autogen_7843553264, idx: 26001, total: 153
00:48:43.163         | Added def: Module_Autogen_7868998875, idx: 25994, total: 154
00:48:43.163         | Added def: Module_Autogen_7868998867, idx: 25993, total: 155
00:48:43.163         | Added def: Module_Autogen_7868998876, idx: 25995, total: 156
00:48:43.163         | Added def: Module_Autogen_7868998878, idx: 25996, total: 157
00:48:43.163         | Added def: Module_Autogen_7726495265, idx: 25991, total: 158
00:48:43.163         | Added def: Module_Autogen_7500059421, idx: 25989, total: 159
00:48:43.163         | Added def: Module_Autogen_7524382621, idx: 25990, total: 160
00:48:43.163         | Added def: Module_Autogen_7375053572, idx: 25988, total: 161
00:48:43.163         | Added def: Module_Autogen_7749695542, idx: 25992, total: 162
00:48:43.184  WARNING| Async queue overflow
00:48:43.222         | Resume async queue pushing
00:48:43.247  WARNING| Async queue overflow
00:48:43.285         | Resume async queue pushing
00:48:43.345         | client: ADD_PLAYER 0 (Mo4e3aBp [LuX], 2516405) status 2 team 1
00:48:43.347         | client: ADD_PLAYER 1 (Tavr79 [FURIA], 3529122) status 2 team 2
00:48:43.347         | client: ADD_PLAYER 2 (AnkaCCCPov [CCCP], 4125251) status 2 team 1
00:48:43.347         | client: ADD_PLAYER 3 (Bandy1 [HHS], 1046035) status 2 team 2
00:48:43.347         | client: ADD_PLAYER 4 (chemic7 [BECHA], 3464395) status 2 team 1
00:48:43.347         | client: ADD_PLAYER 5 (MVA4891 [WITCH], 2897333) status 2 team 2
00:48:43.347         | client: ADD_PLAYER 6 (Koschey [RIM], 3055952) status 2 team 1
00:48:43.347         | client: ADD_PLAYER 7 (Kommboy [], 2675864) status 2 team 2
00:48:43.347         | client: ADD_PLAYER 8 (AntheronEmpire [], 1119518) status 2 team 1
00:48:43.350         | client: ADD_PLAYER 9 (pexalgunner [FAITH], 2751059) status 2 team 2
00:48:43.353         | client: ADD_PLAYER 0 (Mo4e3aBp [LuX], 2516405) status 4 team 1
00:48:43.356         | client: got init message (and 1st snapshot). ping 10
00:48:44.377         | ====== level started:  'levels\area1\s1338_pandora_anomaly' success ======
00:48:44.377         | client: ADD_PLAYER 1 (Tavr79 [FURIA], 3529122) status 4 team 2
00:48:44.956         | client: ADD_PLAYER 63 (santamast, 0) status 4 team 2
00:48:44.960         | client: ADD_PLAYER 62 (volgosnak, 0) status 4 team 1
00:48:45.131         | client: ADD_PLAYER 5 (MVA4891 [WITCH], 2897333) status 4 team 2
00:48:46.143         | client: ADD_PLAYER 4 (chemic7 [BECHA], 3464395) status 4 team 1
00:48:46.255         | client: ADD_PLAYER 3 (Bandy1 [HHS], 1046035) status 4 team 2
00:48:46.306         | client: ADD_PLAYER 9 (pexalgunner [FAITH], 2751059) status 4 team 2
00:48:47.042         | client: ADD_PLAYER 6 (Koschey [RIM], 3055952) status 4 team 1
00:48:47.493         | client: ADD_PLAYER 7 (Kommboy [], 2675864) status 4 team 2
00:48:47.598         | client: ADD_PLAYER 8 (AntheronEmpire [], 1119518) status 4 team 1
00:48:47.656         | client: ADD_PLAYER 2 (AnkaCCCPov [CCCP], 4125251) status 4 team 1
00:48:55.308         | Environment setting 's1338_pandora_anomaly' loaded
00:48:58.707         | Environment setting 's1338_pandora_anomaly' loaded
00:49:20.902  WARNING| client: removing entity netId 1044 but it doesn't exist (def 'SpellAuraEntity')
00:49:40.719  WARNING| client: removing entity netId 2064 but it doesn't exist (def 'SpellAuraEntity')
00:49:55.303  WARNING| m_bufferizedUICalls delivery took 6.0 ms
00:49:57.203  WARNING| client: removing entity netId 2702 but it doesn't exist (def 'SpellAuraEntity')
00:50:02.485  WARNING| client: removing entity netId 3144 but it doesn't exist (def 'SpellAuraEntity')
00:50:02.485  WARNING| client: removing entity netId 3150 but it doesn't exist (def 'SpellAuraEntity')
00:50:15.640         | Environment setting 's1338_pandora_anomaly' loaded
00:51:23.457  WARNING| client: removing entity netId 6763 but it doesn't exist (def 'SpellAuraEntity')
00:51:42.504         | Environment setting 's1338_pandora_anomaly' loaded
00:52:09.263  WARNING| client: removing entity netId 9422 but it doesn't exist (def 'SpellAuraEntity')
00:53:12.993         | SpiralCrash: Module_VesselSwitch_Albiero, Player "Kommboy" with index 7 activates undocking
00:53:12.993  WARNING| Spell_VesselSwitch_Albiero: aura_param or aura_range is growing up but aura never ends
00:53:16.642         | SpiralCrash: Module_VesselSwitch_Albiero, Player "Kommboy" with index 7 switched from BIG to small ship
00:53:27.080  WARNING| client: removing entity netId 12727 but it doesn't exist (def 'SpellAuraEntity')
00:53:32.642  WARNING| client: removing entity netId 13099 but it doesn't exist (def 'SpellAuraEntity')
00:53:34.158  WARNING| client: removing entity netId 13167 but it doesn't exist (def 'SpellAuraEntity')
00:53:39.770  WARNING| client: removing entity netId 13693 but it doesn't exist (def 'SpellAuraEntity')
00:54:02.953         | SpiralCrash: Module_VesselSwitchBack_Albiero, Player "Kommboy" with index 7 switched from small to BIG ship
00:54:10.596  WARNING| client: removing entity netId 14772 but it doesn't exist (def 'SpellAuraEntity')
00:54:14.914  WARNING| client: removing entity netId 14975 but it doesn't exist (def 'SpellAuraEntity')
00:54:18.627  WARNING| client: removing entity netId 15281 but it doesn't exist (def 'Module_Wreck')
00:54:26.477  WARNING| client: removing entity netId 15487 but it doesn't exist (def 'SpellAuraEntity')
00:54:26.591  WARNING| client: removing entity netId 15488 but it doesn't exist (def 'SpellAuraEntity')
00:54:26.698  WARNING| client: removing entity netId 15506 but it doesn't exist (def 'SpellAuraEntity')
00:54:26.923  WARNING| client: removing entity netId 15513 but it doesn't exist (def 'SpellAuraEntity')
00:54:27.040  WARNING| client: removing entity netId 15518 but it doesn't exist (def 'SpellAuraEntity')
00:54:27.374  WARNING| client: removing entity netId 15540 but it doesn't exist (def 'SpellAuraEntity')
00:54:27.486  WARNING| client: removing entity netId 15545 but it doesn't exist (def 'SpellAuraEntity')
00:54:27.820  WARNING| client: removing entity netId 15564 but it doesn't exist (def 'SpellAuraEntity')
00:54:31.757  WARNING| client: removing entity netId 15706 but it doesn't exist (def 'SpellAuraEntity')
00:54:31.757  WARNING| client: removing entity netId 15707 but it doesn't exist (def 'SpellAuraEntity')
00:54:45.108  WARNING| client: removing entity netId 15916 but it doesn't exist (def 'SpellAuraEntity')
00:54:45.108  WARNING| client: removing entity netId 15917 but it doesn't exist (def 'SpellAuraEntity')
00:55:46.795  WARNING| script (ui\scripts\work\uigamefuncs.lua@0): UI:Module2StrInternal()[ERROR]: cannot find item sub type for "Weapon_BasheGun_Clone"
00:55:46.797  WARNING| script (ui\scripts\work\uigamefuncs.lua@0): UI:Module2StrInternal()[ERROR]: cannot find item sub type for "Weapon_BasheGun_Clone"
00:55:47.693  WARNING| script (ui\scripts\work\uigamefuncs.lua@0): UI:Module2StrInternal()[ERROR]: cannot find item sub type for "Weapon_BasheGun_Clone"
00:55:47.693  WARNING| script (ui\scripts\work\uigamefuncs.lua@0): UI:Module2StrInternal()[ERROR]: cannot find item sub type for "Weapon_BasheGun_Clone"
00:55:47.864  WARNING| script (ui\scripts\work\uigamefuncs.lua@0): UI:Module2StrInternal()[ERROR]: cannot find item sub type for "Weapon_BasheGun_Clone"
00:55:48.259  WARNING| script (ui\scripts\work\uigamefuncs.lua@0): UI:Module2StrInternal()[ERROR]: cannot find item sub type for "Weapon_BasheGun_Clone"
00:55:48.259  WARNING| script (ui\scripts\work\uigamefuncs.lua@0): UI:Module2StrInternal()[ERROR]: cannot find item sub type for "Weapon_BasheGun_Clone"
00:55:48.879  WARNING| script (ui\scripts\work\uigamefuncs.lua@0): UI:Module2StrInternal()[ERROR]: cannot find item sub type for "Weapon_BasheGun_Clone"
00:55:48.880  WARNING| script (ui\scripts\work\uigamefuncs.lua@0): UI:Module2StrInternal()[ERROR]: cannot find item sub type for "Weapon_BasheGun_Clone"
00:55:48.880  WARNING| script (ui\scripts\work\uigamefuncs.lua@0): UI:Module2StrInternal()[ERROR]: cannot find item sub type for "Weapon_BasheGun_Clone"
00:55:48.880  WARNING| script (ui\scripts\work\uigamefuncs.lua@0): UI:Module2StrInternal()[ERROR]: cannot find item sub type for "Weapon_BasheGun_Clone"
00:55:48.882  WARNING| script (ui\scripts\work\uigamefuncs.lua@0): UI:Module2StrInternal()[ERROR]: cannot find item sub type for "Weapon_BasheGun_Clone"
00:55:48.882  WARNING| script (ui\scripts\work\uigamefuncs.lua@0): UI:Module2StrInternal()[ERROR]: cannot find item sub type for "Weapon_BasheGun_Clone"
00:55:49.052  WARNING| script (ui\scripts\work\uigamefuncs.lua@0): UI:Module2StrInternal()[ERROR]: cannot find item sub type for "Weapon_BasheGun_Clone"
00:55:49.052  WARNING| script (ui\scripts\work\uigamefuncs.lua@0): UI:Module2StrInternal()[ERROR]: cannot find item sub type for "Weapon_BasheGun_Clone"
00:55:49.052  WARNING| script (ui\scripts\work\uigamefuncs.lua@0): UI:Module2StrInternal()[ERROR]: cannot find item sub type for "Weapon_BasheGun_Clone"
00:55:49.054  WARNING| script (ui\scripts\work\uigamefuncs.lua@0): UI:Module2StrInternal()[ERROR]: cannot find item sub type for "Weapon_BasheGun_Clone"
00:55:49.054  WARNING| script (ui\scripts\work\uigamefuncs.lua@0): UI:Module2StrInternal()[ERROR]: cannot find item sub type for "Weapon_BasheGun_Clone"
00:55:49.054  WARNING| script (ui\scripts\work\uigamefuncs.lua@0): UI:Module2StrInternal()[ERROR]: cannot find item sub type for "Weapon_BasheGun_Clone"
00:55:49.055  WARNING| script (ui\scripts\work\uigamefuncs.lua@0): UI:Module2StrInternal()[ERROR]: cannot find item sub type for "Weapon_BasheGun_Clone"
00:55:49.055  WARNING| script (ui\scripts\work\uigamefuncs.lua@0): UI:Module2StrInternal()[ERROR]: cannot find item sub type for "Weapon_BasheGun_Clone"
00:55:49.163  WARNING| script (ui\scripts\work\uigamefuncs.lua@0): UI:Module2StrInternal()[ERROR]: cannot find item sub type for "Weapon_BasheGun_Clone"
00:55:49.213  WARNING| script (ui\scripts\work\uigamefuncs.lua@0): UI:Module2StrInternal()[ERROR]: cannot find item sub type for "Weapon_BasheGun_Clone"
00:55:49.213  WARNING| script (ui\scripts\work\uigamefuncs.lua@0): UI:Module2StrInternal()[ERROR]: cannot find item sub type for "Weapon_BasheGun_Clone"
00:55:49.215  WARNING| script (ui\scripts\work\uigamefuncs.lua@0): UI:Module2StrInternal()[ERROR]: cannot find item sub type for "Weapon_BasheGun_Clone"
00:55:49.215  WARNING| script (ui\scripts\work\uigamefuncs.lua@0): UI:Module2StrInternal()[ERROR]: cannot find item sub type for "Weapon_BasheGun_Clone"
00:55:49.215  WARNING| script (ui\scripts\work\uigamefuncs.lua@0): UI:Module2StrInternal()[ERROR]: cannot find item sub type for "Weapon_BasheGun_Clone"
00:55:49.216  WARNING| script (ui\scripts\work\uigamefuncs.lua@0): UI:Module2StrInternal()[ERROR]: cannot find item sub type for "Weapon_BasheGun_Clone"
00:55:49.265  WARNING| script (ui\scripts\work\uigamefuncs.lua@0): UI:Module2StrInternal()[ERROR]: cannot find item sub type for "Weapon_BasheGun_Clone"
00:55:49.374  WARNING| script (ui\scripts\work\uigamefuncs.lua@0): UI:Module2StrInternal()[ERROR]: cannot find item sub type for "Weapon_BasheGun_Clone"
00:55:49.380  WARNING| script (ui\scripts\work\uigamefuncs.lua@0): UI:Module2StrInternal()[ERROR]: cannot find item sub type for "Weapon_BasheGun_Clone"
00:55:49.380  WARNING| script (ui\scripts\work\uigamefuncs.lua@0): UI:Module2StrInternal()[ERROR]: cannot find item sub type for "Weapon_BasheGun_Clone"
00:55:49.382  WARNING| script (ui\scripts\work\uigamefuncs.lua@0): UI:Module2StrInternal()[ERROR]: cannot find item sub type for "Weapon_BasheGun_Clone"
00:55:49.383  WARNING| script (ui\scripts\work\uigamefuncs.lua@0): UI:Module2StrInternal()[ERROR]: cannot find item sub type for "Weapon_BasheGun_Clone"
00:55:49.383  WARNING| script (ui\scripts\work\uigamefuncs.lua@0): UI:Module2StrInternal()[ERROR]: cannot find item sub type for "Weapon_BasheGun_Clone"
00:55:49.384  WARNING| script (ui\scripts\work\uigamefuncs.lua@0): UI:Module2StrInternal()[ERROR]: cannot find item sub type for "Weapon_BasheGun_Clone"
00:55:49.384  WARNING| script (ui\scripts\work\uigamefuncs.lua@0): UI:Module2StrInternal()[ERROR]: cannot find item sub type for "Weapon_BasheGun_Clone"
00:55:49.546  WARNING| script (ui\scripts\work\uigamefuncs.lua@0): UI:Module2StrInternal()[ERROR]: cannot find item sub type for "Weapon_BasheGun_Clone"
00:55:49.548  WARNING| script (ui\scripts\work\uigamefuncs.lua@0): UI:Module2StrInternal()[ERROR]: cannot find item sub type for "Weapon_BasheGun_Clone"
00:55:49.548  WARNING| script (ui\scripts\work\uigamefuncs.lua@0): UI:Module2StrInternal()[ERROR]: cannot find item sub type for "Weapon_BasheGun_Clone"
00:55:49.548  WARNING| script (ui\scripts\work\uigamefuncs.lua@0): UI:Module2StrInternal()[ERROR]: cannot find item sub type for "Weapon_BasheGun_Clone"
00:55:49.549  WARNING| script (ui\scripts\work\uigamefuncs.lua@0): UI:Module2StrInternal()[ERROR]: cannot find item sub type for "Weapon_BasheGun_Clone"
00:55:49.549  WARNING| script (ui\scripts\work\uigamefuncs.lua@0): UI:Module2StrInternal()[ERROR]: cannot find item sub type for "Weapon_BasheGun_Clone"
00:55:49.722  WARNING| script (ui\scripts\work\uigamefuncs.lua@0): UI:Module2StrInternal()[ERROR]: cannot find item sub type for "Weapon_BasheGun_Clone"
00:55:49.724  WARNING| script (ui\scripts\work\uigamefuncs.lua@0): UI:Module2StrInternal()[ERROR]: cannot find item sub type for "Weapon_BasheGun_Clone"
00:55:49.724  WARNING| script (ui\scripts\work\uigamefuncs.lua@0): UI:Module2StrInternal()[ERROR]: cannot find item sub type for "Weapon_BasheGun_Clone"
00:55:49.724  WARNING| script (ui\scripts\work\uigamefuncs.lua@0): UI:Module2StrInternal()[ERROR]: cannot find item sub type for "Weapon_BasheGun_Clone"
00:55:49.725  WARNING| script (ui\scripts\work\uigamefuncs.lua@0): UI:Module2StrInternal()[ERROR]: cannot find item sub type for "Weapon_BasheGun_Clone"
00:55:49.725  WARNING| script (ui\scripts\work\uigamefuncs.lua@0): UI:Module2StrInternal()[ERROR]: cannot find item sub type for "Weapon_BasheGun_Clone"
00:55:54.829  WARNING| client: removing entity netId 17779 but it doesn't exist (def 'SpellAuraEntity')
00:56:18.292  WARNING| client: removing entity netId 18433 but it doesn't exist (def 'SpellAuraEntity')
00:56:31.436         | Environment setting 's1338_pandora_anomaly' loaded
00:57:06.196  WARNING| Client: received Entity sync notification #0 for entity with netId 19758, but entity doesn't exist(def 'Projectile_BaphometGun')
00:57:24.281         | Environment setting 's1338_pandora_anomaly' loaded
00:58:17.116         | SCM_DPVE_SCHEDULE - pve scheduled levels are:
00:58:17.116         | {
00:58:17.116         | 	"0": pve_magnificent_seven
00:58:17.116         | 	"1": s1550_pve_asteroid_building
00:58:17.116         | 	"2": pve_stealth
00:58:17.116         | }
00:58:17.116  WARNING| script (ui\scripts\public\uipublic.lua@0): UI:MasterServer_OnPveScheduledLevels levels:
00:58:20.734         | ReplayManager: replay (5.57Mb) is avaibalbe for downloading!
00:58:22.752         | Loot: Silver_Junk_T5_101: 1
00:58:23.878         | Loot: Silver_Junk_T5_101: 1
00:58:24.118         | nextRecheckOnDSFailure 281.756, vid 30471651
00:58:24.118         | nextRecheckOnDSFailure 281.756, vid 30738231
00:58:24.118         | nextRecheckOnDSFailure 281.756, vid 33052865
00:58:24.118         | nextRecheckOnDSFailure 281.756, vid 35328637
00:58:24.187  WARNING| m_bufferizedUICalls delivery took 68.9 ms
00:58:24.379  WARNING| m_bufferizedUICalls delivery took 28.9 ms
00:58:24.934  WARNING| m_bufferizedUICalls delivery took 59.3 ms
00:58:25.225         | Loot: Silver_Junk_T5_4: 1
00:58:26.353         | Loot: Silver_Junk_T5_13: 1
00:58:27.420         | Loot: ship_part_Ship_Race2_S_T5_Premium: 0
00:58:27.420         | Pure_silicon: 1
00:58:28.765         | Loot: Silver_Junk_T5_11: 1
00:58:29.892         | Loot: Silver_Junk_T5_3: 1
00:58:30.008         | client: player 9 leave game
00:58:30.177         | client: player 3 leave game
00:58:30.460         | client: player 1 leave game
00:58:33.238         | client: player 6 leave game
00:58:33.859         | client: player 8 leave game
00:58:33.973         | client: player 7 leave game
00:58:34.013         | client: avgPing 9.7/0.6; avgPacketLoss 0.0/0.0%; avgSnapshotLoss 0.0/0.0%, MTU 1492
00:58:34.013         | client: connection closed. DR_CLIENT_GAME_FINISHED
00:58:34.013         | Network stats (bytes per second): avg pushed 1492, max pushed 2424, avg sent 2854, max sent 5070, avg received 7363, max received 13575
00:58:34.112         | ReplayManager: stopping activity due to map change
00:58:34.119         | Peak entities: 1291
00:58:34.121         | Peak models: 768
00:58:34.142         | Peak geometries: 3439. Cur geometries: 366
00:58:34.303         | ====== starting level: 'levels\mainmenu\mm_alidium'  ======
00:58:34.363         | Remove autogen defs
00:58:34.363         | Remove autogen defs
00:58:34.370         | Environment setting 'mm_alidium' loaded
00:58:34.859         | Successfuly saved userdata (ver:164266) to server
00:58:34.886         | ====== level started:  'levels\mainmenu\mm_alidium' success ======
00:58:34.886         | Environment setting 'mm_alidium' loaded
00:58:34.899  WARNING| m_bufferizedUICalls delivery took 13.0 ms
00:58:34.973         | Successfuly saved userdata (ver:164267) to server
00:58:40.377         | {
00:58:40.377         | 	"arcade": 1.000
00:58:40.377         | 	"region": 1.000
00:58:40.377         | }
00:58:40.817         | MasterServerEndpoint: enter matchmaking queue
00:58:40.817  WARNING| script (ui\scripts\public\uipublic.lua@0): ^5UI:MasterServer_OnEnterMMQueue
00:58:40.822  WARNING| m_bufferizedUICalls delivery took 6.0 ms
00:59:01.384         | MasterServerEndpoint: leave matchmaking queue
00:59:01.392  WARNING| m_bufferizedUICalls delivery took 8.0 ms
00:59:06.477  WARNING| m_bufferizedUICalls delivery took 5.4 ms
00:59:08.842         | Player 3JIEKTPOTATAP (#1000550) has joined to squad
00:59:42.522         | {
00:59:42.522         | 	"arcade": 1.000
00:59:42.522         | 	"region": 1.000
00:59:42.522         | }
00:59:43.285         | MasterServerEndpoint: enter matchmaking queue
00:59:43.285  WARNING| script (ui\scripts\public\uipublic.lua@0): ^5UI:MasterServer_OnEnterMMQueue
00:59:43.291  WARNING| m_bufferizedUICalls delivery took 6.5 ms
01:01:13.390  WARNING| m_bufferizedUICalls delivery took 6.8 ms
01:01:25.411  WARNING| m_bufferizedUICalls delivery took 5.5 ms
01:01:49.333         | MasterServerEndpoint: leave matchmaking queue ( but will join the game soon )
01:01:53.556         | nextRecheckOnDSFailure 1078.806, vid 30471651
01:01:53.556         | nextRecheckOnDSFailure 1078.806, vid 30738231
01:01:53.556         | nextRecheckOnDSFailure 1078.806, vid 33052865
01:01:53.556         | nextRecheckOnDSFailure 1078.806, vid 35328637
01:01:53.631         | Peak models: 476
01:01:53.636  WARNING| m_bufferizedUICalls delivery took 81.3 ms
01:01:53.641         | MasterServerSession: connect to dedicated server, session 54014076, at addr 185.253.20.243|35006
01:01:53.681         | client: start connecting to 185.253.20.243|35006...
01:01:54.749         | client: connected to 185.253.20.243|35006, MTU 1492. setting up session...
01:01:54.790         | client. send version check message (2097 bytes)
01:01:55.127         | client. got onConnect init message. total 57669 bytes
01:01:55.129         | Peak entities: 1263
01:01:55.129         | Peak models: 470
01:01:55.131         | Peak geometries: 1148. Cur geometries: 366
01:01:55.318         | Remove autogen defs
01:01:55.322         | client: ADD_PLAYER 0 (VujuK [ZetPL], 1679837) status 6 team 1 group 5588071
01:01:55.322         | client: ADD_PLAYER 1 (Mo4e3aBp [LuX], 2516405) status 1 team 2 group 5588080
01:01:55.322         | client: ADD_PLAYER 2 (doro [ZetPL], 749445) status 2 team 1 group 5588071
01:01:55.322         | client: ADD_PLAYER 3 (3JIEKTPOTATAP [LuX], 1000550) status 2 team 2 group 5588080
01:01:55.322         | client: ADD_PLAYER 4 (unt1mo, 3633347) status 2 team 1
01:01:55.322         | client: ADD_PLAYER 5 (pexalgunner [FAITH], 2751059) status 2 team 2
01:01:55.322         | client: server assigned id 1
01:01:55.322         | client: got level load message 'excavation_elyd_empty_lunar_l_pvp'
01:01:55.338         | ReplayManager: stopping activity due to map change
01:01:55.354         | Peak geometries: 0. Cur geometries: 366
01:01:55.477         | ====== starting level: 'levels\global_world\excavation_elyd_empty_lunar_l_pvp' KingOfTheHill client ======
01:01:55.509         | Remove autogen defs
01:01:55.738  WARNING| Async queue overflow
01:01:55.846         | Resume async queue pushing
01:01:55.873  WARNING| Async queue overflow
01:01:55.948         | Resume async queue pushing
01:01:55.965  WARNING| Async queue overflow
01:01:56.042         | Resume async queue pushing
01:01:56.076  WARNING| Async queue overflow
01:01:56.189         | Resume async queue pushing
01:01:56.217  WARNING| Async queue overflow
01:01:56.293         | Resume async queue pushing
01:01:56.311  WARNING| Async queue overflow
01:01:56.349         | Resume async queue pushing
01:01:56.382  WARNING| Async queue overflow
01:01:56.422         | Resume async queue pushing
01:01:56.501  WARNING| Async queue overflow
01:01:56.540         | Resume async queue pushing
01:01:56.566  WARNING| Async queue overflow
01:01:56.604         | Resume async queue pushing
01:01:56.631  WARNING| Async queue overflow
01:01:56.706         | Resume async queue pushing
01:01:56.733  WARNING| Async queue overflow
01:01:56.886         | Resume async queue pushing
01:01:56.904  WARNING| Async queue overflow
01:01:57.135         | Resume async queue pushing
01:01:57.153         | Environment setting 'allidium_in_danger' loaded
01:01:57.174  WARNING| Async queue overflow
01:01:57.215         | Resume async queue pushing
01:01:57.229  WARNING| Async queue overflow
01:01:57.268         | Resume async queue pushing
01:01:57.275  WARNING| Async queue overflow
01:01:57.313         | Resume async queue pushing
01:01:57.341         | client: send ready message
01:01:57.571         | Remove autogen defs
01:01:57.571         | Added def: Module_Autogen_6423657363, idx: 25869, total: 1
01:01:57.571         | Added def: Module_Autogen_6344713946, idx: 25870, total: 2
01:01:57.571         | Added def: Module_Autogen_3168224359, idx: 25871, total: 3
01:01:57.571         | Added spell def: Spell_AG_SpawnBonus_Damage_Autogen_7502
01:01:57.571         | Added spell def: Spell_AG_GhostShield_Autogen_7503
01:01:57.571         | Added def: Module_Autogen_6316896191, idx: 25872, total: 4
01:01:57.571         | Added def: Module_Autogen_6338276077, idx: 25873, total: 5
01:01:57.571         | Added def: Module_Autogen_6338781818, idx: 25874, total: 6
01:01:57.571         | Added def: Module_Autogen_7743129728, idx: 25875, total: 7
01:01:57.571         | Added def: Module_Autogen_918666258, idx: 25876, total: 8
01:01:57.571         | Added spell def: Spell_AG_StopBarrelRot_Autogen_7504
01:01:57.571         | Added spell def: Spell_AG_SameAttraction_Autogen_7505
01:01:57.571         | Added def: Module_Autogen_1445633289, idx: 25877, total: 9
01:01:57.571         | Added def: Module_Autogen_7719536110, idx: 25878, total: 10
01:01:57.571         | Added spell def: Spell_AG_SpikeShield_Autogen_7506
01:01:57.571         | Added def: Module_Autogen_7846076821, idx: 25879, total: 11
01:01:57.571         | Added spell def: Spell_AG_SetOnEmpFire_Autogen_7507
01:01:57.571         | Added spell def: Spell_AG_Detonate_Autogen_7508
01:01:57.571         | Added def: Module_Autogen_7800241156, idx: 25880, total: 12
01:01:57.571         | Added spell def: Spell_AG_Invulnerability_Autogen_7509
01:01:57.571         | Added spell def: Spell_AG_SlowShield_Autogen_7510
01:01:57.571         | Added def: Module_Autogen_1673618276, idx: 25881, total: 13
01:01:57.571         | Added spell def: Spell_AG_SameAttraction_Autogen_7511
01:01:57.571         | Added spell def: Spell_AG_ResistHullDec_Autogen_7512
01:01:57.571         | Added def: Module_Autogen_7846076824, idx: 25882, total: 14
01:01:57.571         | Added spell def: Spell_AG_DamageBonusOnKill_Autogen_7513
01:01:57.571         | Added spell def: Spell_AG_ShieldHeal_Autogen_7514
01:01:57.571         | Added def: Module_Autogen_7894206713, idx: 25883, total: 15
01:01:57.571         | Added def: Module_Autogen_7795008441, idx: 25884, total: 16
01:01:57.571         | Added spell def: Spell_AG_DispersionDec_Autogen_7515
01:01:57.571         | Added def: Module_Autogen_551933017, idx: 25885, total: 17
01:01:57.571         | Added spell def: Spell_AG_SameAttraction_Autogen_7516
01:01:57.571         | Added def: Module_Autogen_1267337839, idx: 25886, total: 18
01:01:57.571         | Added def: Module_Autogen_7795008435, idx: 25887, total: 19
01:01:57.571         | Added spell def: Spell_AG_SpikeShield_Autogen_7517
01:01:57.571         | Added def: Module_Autogen_7702749624, idx: 25888, total: 20
01:01:57.571         | Added spell def: Spell_AG_ResistShieldDec_Autogen_7518
01:01:57.572         | Added def: Module_Autogen_7719536117, idx: 25889, total: 21
01:01:57.572         | Added spell def: Spell_AG_GravityBomb_Start_Autogen_7519
01:01:57.572         | Added spell def: Spell_AG_SpikeShield_Autogen_7520
01:01:57.572         | Added def: Module_Autogen_7743129718, idx: 25890, total: 22
01:01:57.572         | Added def: Module_Autogen_7881025818, idx: 25891, total: 23
01:01:57.572         | Added def: Module_Autogen_7787736934, idx: 25892, total: 24
01:01:57.572         | Added def: Module_Autogen_2266635623, idx: 25893, total: 25
01:01:57.572         | Added spell def: Spell_AG_Detonate_Autogen_7521
01:01:57.572         | Added spell def: Spell_AG_GravityBomb_Start_Autogen_7522
01:01:57.572         | Added spell def: AutogenMulticast_Autogen_7523
01:01:57.572         | Added def: Module_Autogen_2266635624, idx: 25894, total: 26
01:01:57.572         | Added spell def: Spell_AG_StopBarrelRot_Autogen_7524
01:01:57.572         | Added spell def: Spell_AG_DamageDec_Autogen_7525
01:01:57.572         | Added def: Module_Autogen_2266635617, idx: 25895, total: 27
01:01:57.572         | Added def: Module_Autogen_2266635620, idx: 25896, total: 28
01:01:57.572         | Added spell def: Spell_AG_FireRate_Autogen_7526
01:01:57.572         | Added def: Module_Autogen_2398830594, idx: 25897, total: 29
01:01:57.572         | Added def: Module_Autogen_2398830602, idx: 25898, total: 30
01:01:57.572         | Added spell def: Spell_AG_StopBarrelRot_Autogen_7527
01:01:57.572         | Added def: Module_Autogen_2398830598, idx: 25899, total: 31
01:01:57.572         | Added spell def: Spell_AG_TurtleShield_Autogen_7528
01:01:57.572         | Added def: Module_Autogen_2604216736, idx: 25900, total: 32
01:01:57.572         | Added def: Module_Autogen_4243042064, idx: 25901, total: 33
01:01:57.573         | Added def: Module_Autogen_2446825948, idx: 25902, total: 34
01:01:57.573         | Added def: Module_Autogen_2580249617, idx: 25903, total: 35
01:01:57.573         | Added def: Module_Autogen_4239315064, idx: 25904, total: 36
01:01:57.573         | Added def: Module_Autogen_2348918489, idx: 25905, total: 37
01:01:57.573         | Added def: Module_Autogen_2569232280, idx: 25906, total: 38
01:01:57.573         | Added def: Module_Autogen_2398830597, idx: 25907, total: 39
01:01:57.573         | Added spell def: Spell_AG_SpawnBonus_Shield_Autogen_7529
01:01:57.573         | Added def: Module_Autogen_7708912583, idx: 25929, total: 40
01:01:57.573         | Added def: Module_Autogen_7620038590, idx: 25926, total: 41
01:01:57.573         | Added def: Module_Autogen_7658896265, idx: 25928, total: 42
01:01:57.573         | Added spell def: Spell_AG_ShieldVampire_Autogen_7535
01:01:57.573         | Added spell def: Spell_AG_Invulnerability_Autogen_7536
01:01:57.573         | Added def: Module_Autogen_7625049604, idx: 25927, total: 43
01:01:57.573         | Added def: Module_Autogen_7781231297, idx: 25930, total: 44
01:01:57.573         | Added spell def: Spell_AG_FireRate_Autogen_7537
01:01:57.573         | Added spell def: Spell_AG_AimDeath_Autogen_7538
01:01:57.573         | Added spell def: AutogenMulticast_Autogen_7539
01:01:57.573         | Added def: Module_Autogen_4804956169, idx: 25949, total: 45
01:01:57.573         | Added def: Module_Autogen_7181251540, idx: 25954, total: 46
01:01:57.573         | Added def: Module_Autogen_7039118514, idx: 25953, total: 47
01:01:57.573         | Added def: Module_Autogen_7039118510, idx: 25952, total: 48
01:01:57.573         | Added def: Module_Autogen_6952871723, idx: 25951, total: 49
01:01:57.573         | Added def: Module_Autogen_6916173481, idx: 25950, total: 50
01:01:57.573         | Added def: Module_Autogen_7013215806, idx: 25931, total: 51
01:01:57.573         | Added spell def: Spell_AG_SameAttraction_Autogen_7540
01:01:57.574         | Added spell def: Spell_AG_SpawnBonus_Damage_Autogen_7541
01:01:57.574         | Added def: Module_Autogen_7290552935, idx: 25932, total: 52
01:01:57.574         | Added def: Module_Autogen_7781697042, idx: 25933, total: 53
01:01:57.574         | Added spell def: Spell_AG_HealBonusOnKill_Autogen_7542
01:01:57.574         | Added spell def: Spell_AG_DamageToPower_Autogen_7543
01:01:57.574         | Added def: Module_Autogen_7781697043, idx: 25934, total: 54
01:01:57.574         | Added spell def: Spell_AG_ResistHullDec_Autogen_7544
01:01:57.574         | Added def: Module_Autogen_7796632291, idx: 25935, total: 55
01:01:57.574         | Added spell def: Spell_AG_HealBonusOnKill_Autogen_7545
01:01:57.574         | Added def: Module_Autogen_7546109967, idx: 25937, total: 56
01:01:57.574         | Added spell def: Spell_AG_EnergyShield_Autogen_7546
01:01:57.574         | Added spell def: Spell_AG_TimeBomb_Autogen_7547
01:01:57.574         | Added def: Module_Autogen_7280726346, idx: 25936, total: 57
01:01:57.574         | Added def: Module_Autogen_7578340416, idx: 25938, total: 58
01:01:57.574         | Added spell def: Spell_AG_HealBonusOnKill_Autogen_7548
01:01:57.574         | Added def: Module_Autogen_6826889135, idx: 25940, total: 59
01:01:57.574         | Added spell def: Spell_AG_DamageToHeal_Thermal_Autogen_7549
01:01:57.574         | Added spell def: Spell_AG_Detonate_Autogen_7550
01:01:57.574         | Added def: Module_Autogen_6872546787, idx: 25941, total: 60
01:01:57.574         | Added spell def: Spell_AG_Invulnerability_Autogen_7551
01:01:57.574         | Added def: Module_Autogen_6918113371, idx: 25942, total: 61
01:01:57.574         | Added spell def: Spell_AG_DispersionDec_Autogen_7552
01:01:57.574         | Added def: Module_Autogen_6920441195, idx: 25943, total: 62
01:01:57.574         | Added def: Module_Autogen_6552938321, idx: 25939, total: 63
01:01:57.574         | Added def: Module_Autogen_7032727418, idx: 25946, total: 64
01:01:57.574         | Added def: Module_Autogen_7067332200, idx: 25948, total: 65
01:01:57.574         | Added def: Module_Autogen_7061864492, idx: 25947, total: 66
01:01:57.574         | Added def: Module_Autogen_7029830771, idx: 25945, total: 67
01:01:57.574         | Added def: Module_Autogen_6289138095, idx: 25944, total: 68
01:01:57.574         | Added def: Module_Autogen_2864415583, idx: 25917, total: 69
01:01:57.574         | Added def: Module_Autogen_3007728419, idx: 25920, total: 70
01:01:57.574         | Added def: Module_Autogen_2868367432, idx: 25918, total: 71
01:01:57.574         | Added def: Module_Autogen_4302399819, idx: 25921, total: 72
01:01:57.574         | Added def: Module_Autogen_2868401624, idx: 25919, total: 73
01:01:57.574         | Added def: Module_Autogen_6722331595, idx: 25925, total: 74
01:01:57.574         | Added spell def: Spell_AG_GravityBomb_Start_Autogen_7533
01:01:57.574         | Added spell def: Spell_AG_Blastwave_Thermal_Autogen_7534
01:01:57.574         | Added def: Module_Autogen_4147050734, idx: 25922, total: 75
01:01:57.574         | Added def: Module_Autogen_7323915581, idx: 25923, total: 76
01:01:57.574         | Added def: Module_Autogen_7687199601, idx: 25924, total: 77
01:01:57.574         | Added def: Module_Autogen_3555844407, idx: 25912, total: 78
01:01:57.574         | Added def: Module_Autogen_7853462595, idx: 25916, total: 79
01:01:57.574         | Added def: Module_Autogen_7849084445, idx: 25915, total: 80
01:01:57.574         | Added def: Module_Autogen_7823583478, idx: 25914, total: 81
01:01:57.574         | Added def: Module_Autogen_7794716137, idx: 25913, total: 82
01:01:57.574         | Added def: Module_Autogen_7914255039, idx: 25908, total: 83
01:01:57.574         | Added def: Module_Autogen_7921487013, idx: 25911, total: 84
01:01:57.574         | Added spell def: Spell_AG_SetOnFire_Autogen_7532
01:01:57.574         | Added def: Module_Autogen_7919586695, idx: 25909, total: 85
01:01:57.574         | Added spell def: Spell_AG_HullHeal_Autogen_7530
01:01:57.574         | Added def: Module_Autogen_7919723800, idx: 25910, total: 86
01:01:57.574         | Added spell def: Spell_AG_NuclearDeath_Autogen_7531
01:01:57.618         | client: ADD_PLAYER 0 (VujuK [ZetPL], 1679837) status 2 team 1 group 5588071
01:01:57.618         | client: ADD_PLAYER 1 (Mo4e3aBp [LuX], 2516405) status 2 team 2 group 5588080
01:01:57.618         | client: ADD_PLAYER 2 (doro [ZetPL], 749445) status 2 team 1 group 5588071
01:01:57.618         | client: ADD_PLAYER 3 (3JIEKTPOTATAP [LuX], 1000550) status 2 team 2 group 5588080
01:01:57.618         | client: ADD_PLAYER 4 (unt1mo, 3633347) status 2 team 1
01:01:57.618         | client: ADD_PLAYER 5 (pexalgunner [FAITH], 2751059) status 2 team 2
01:01:57.619         | client: ADD_PLAYER 1 (Mo4e3aBp [LuX], 2516405) status 4 team 2 group 5588080
01:01:57.620         | client: got init message (and 1st snapshot). ping 10
01:01:58.660         | ====== level started:  'levels\global_world\excavation_elyd_empty_lunar_l_pvp' success ======
01:01:58.661         | client: ADD_PLAYER 5 (pexalgunner [FAITH], 2751059) status 4 team 2
01:01:58.661         | client: ADD_PLAYER 2 (doro [ZetPL], 749445) status 4 team 1 group 5588071
01:01:58.661         | client: ADD_PLAYER 63 (Knightilya, 0) status 4 team 2
01:01:58.661         | client: ADD_PLAYER 62 (DrazuulD, 0) status 4 team 1
01:01:58.661         | client: ADD_PLAYER 61 (aco48, 0) status 4 team 2
01:01:58.661         | client: ADD_PLAYER 60 (opikelol, 0) status 4 team 1
01:01:58.661         | client: ADD_PLAYER 59 (hitman350, 0) status 4 team 2
01:01:58.661         | client: ADD_PLAYER 58 (MaGa11118, 0) status 4 team 1
01:01:58.780         | client: ADD_PLAYER 0 (VujuK [ZetPL], 1679837) status 4 team 1 group 5588071
01:02:00.353         | client: ADD_PLAYER 4 (unt1mo, 3633347) status 4 team 1
01:02:07.969         | client: ADD_PLAYER 3 (3JIEKTPOTATAP [LuX], 1000550) status 4 team 2 group 5588080
01:02:09.510         | Environment setting 'allidium_in_danger' loaded
01:02:09.772         | SN_PLAYER_BOUGHT_PREMIUM_VESSEL: filtered due to notificationRank = 3 and myRank = 17
01:02:09.943         | Added def: Module_Autogen_6965143382, idx: 25955, total: 87
01:02:09.943         | Added spell def: Spell_AG_Speed_Autogen_7553
01:02:09.943         | Added def: Module_Autogen_6968021509, idx: 25956, total: 88
01:02:09.943         | Added def: Module_Autogen_6981245317, idx: 25957, total: 89
01:02:09.943         | Added def: Module_Autogen_6981245330, idx: 25958, total: 90
01:02:09.943         | Added def: Module_Autogen_6981245335, idx: 25959, total: 91
01:02:09.956         | Added def: Module_Autogen_6962056997, idx: 25960, total: 92
01:02:09.956         | Added def: Module_Autogen_6965142845, idx: 25961, total: 93
01:02:09.956         | Added def: Module_Autogen_6984155517, idx: 25962, total: 94
01:02:09.956         | Added def: Module_Autogen_6965142850, idx: 25963, total: 95
01:02:09.956         | Added def: Module_Autogen_6965531184, idx: 25964, total: 96
01:02:09.974         | Added def: Module_Autogen_6979657015, idx: 25965, total: 97
01:02:09.974         | Added def: Module_Autogen_6984594287, idx: 25966, total: 98
01:02:09.974         | Added def: Module_Autogen_6965572678, idx: 25967, total: 99
01:02:09.974         | Added def: Module_Autogen_6965142868, idx: 25968, total: 100
01:02:09.974         | Added spell def: Spell_AG_DamageToHeal_Kinetic_Autogen_7554
01:02:09.977         | client: ADD_PLAYER 6 (INQUISITOP [Flimm], 4245527) status 6 team 1
01:02:09.980         | Added def: Module_Autogen_4309298711, idx: 25969, total: 101
01:02:09.998         | client: ADD_PLAYER 7 (werpess [BECHA], 2605184) status 6 team 2
01:02:13.664  WARNING| script (ui\scripts\work\uigamefuncs.lua@0): UI:GetDef()[ERROR]: cannot find def for 'n/a'
01:02:13.664  WARNING| script (ui\scripts\work\uigamefuncs.lua@0): UI:GetEntityLocalizedNameByDef()[ERROR]: cannot find def "n/a"
01:02:13.664         | client: player 62 leave game
01:02:13.669         | client: ADD_PLAYER 6 (INQUISITOP [Flimm], 4245527) status 4 team 1
01:02:13.669  WARNING| client: removing entity netId 158 but it doesn't exist (def 'SpellAuraEntity')
01:02:15.287  WARNING| script (ui\scripts\work\uigamefuncs.lua@0): UI:GetDef()[ERROR]: cannot find def for 'n/a'
01:02:15.287  WARNING| script (ui\scripts\work\uigamefuncs.lua@0): UI:GetEntityLocalizedNameByDef()[ERROR]: cannot find def "n/a"
01:02:15.287         | client: player 63 leave game
01:02:15.291         | client: ADD_PLAYER 7 (werpess [BECHA], 2605184) status 4 team 2
01:02:34.220  WARNING| Client: received Entity sync notification #0 for entity with netId 1177, but entity doesn't exist(def 'Projectile_CarolDeadShot')
01:02:34.548  WARNING| Client: received Entity sync notification #0 for entity with netId 1189, but entity doesn't exist(def 'Projectile_CarolCannon')
01:02:34.785  WARNING| Client: received Entity sync notification #0 for entity with netId 1201, but entity doesn't exist(def 'Projectile_SuddenFire_T5_Mk1')
01:02:34.785  WARNING| Client: received Entity sync notification #0 for entity with netId 1200, but entity doesn't exist(def 'Projectile_SuddenFire_T5_Mk1')
01:02:34.885  WARNING| Client: received Entity sync notification #0 for entity with netId 1206, but entity doesn't exist(def 'Projectile_CarolCannon')
01:02:35.223  WARNING| Client: received Entity sync notification #0 for entity with netId 1221, but entity doesn't exist(def 'Projectile_CarolCannon')
01:02:35.564  WARNING| Client: received Entity sync notification #0 for entity with netId 1234, but entity doesn't exist(def 'Projectile_CarolCannon')
01:02:35.898  WARNING| Client: received Entity sync notification #0 for entity with netId 1259, but entity doesn't exist(def 'Projectile_CarolCannon')
01:02:36.234  WARNING| Client: received Entity sync notification #0 for entity with netId 1274, but entity doesn't exist(def 'Projectile_CarolCannon')
01:02:42.636  WARNING| Client: received Entity sync notification #0 for entity with netId 1612, but entity doesn't exist(def 'Projectile_CarolCannon')
01:02:44.435  WARNING| Client: received Entity sync notification #0 for entity with netId 1735, but entity doesn't exist(def 'Projectile_CarolCannon')
01:02:45.284  WARNING| Client: received Entity sync notification #1 for entity with netId 1819, but entity doesn't exist(def 'Projectile_MacheteSmartRL2')
01:02:46.018  WARNING| Client: received Entity sync notification #1 for entity with netId 1872, but entity doesn't exist(def 'Projectile_MacheteSmartRL2')
01:02:46.743  WARNING| Client: received Entity sync notification #1 for entity with netId 1903, but entity doesn't exist(def 'Projectile_MacheteSmartRL2')
01:02:47.465  WARNING| Client: received Entity sync notification #1 for entity with netId 1935, but entity doesn't exist(def 'Projectile_MacheteSmartRL2')
01:02:48.201  WARNING| Client: received Entity sync notification #1 for entity with netId 1950, but entity doesn't exist(def 'Projectile_MacheteSmartRL2')
01:02:48.818  WARNING| AthlantaDroneS: entity is defined damageable, but 'health' property is 0.0f! health is set to 100
01:02:48.929  WARNING| Client: received Entity sync notification #1 for entity with netId 1965, but entity doesn't exist(def 'Projectile_MacheteSmartRL2')
01:02:49.656  WARNING| Client: received Entity sync notification #1 for entity with netId 1977, but entity doesn't exist(def 'Projectile_MacheteSmartRL2')
01:02:50.390  WARNING| Client: received Entity sync notification #1 for entity with netId 1991, but entity doesn't exist(def 'Projectile_MacheteSmartRL2')
01:02:51.119  WARNING| Client: received Entity sync notification #1 for entity with netId 2006, but entity doesn't exist(def 'Projectile_MacheteSmartRL2')
01:02:51.849  WARNING| Client: received Entity sync notification #1 for entity with netId 2016, but entity doesn't exist(def 'Projectile_MacheteSmartRL2')
01:02:52.576  WARNING| Client: received Entity sync notification #1 for entity with netId 2031, but entity doesn't exist(def 'Projectile_MacheteSmartRL2')
01:02:53.252  WARNING| Client: received Entity sync notification #8 for entity with netId 2035, but entity doesn't exist(def 'Projectile_Sparks_Cannon_Grim')
01:02:53.252  WARNING| Client: received Entity sync notification #0 for entity with netId 2035, but entity doesn't exist(def 'Projectile_Sparks_Cannon_Grim')
01:02:53.309  WARNING| Client: received Entity sync notification #1 for entity with netId 2039, but entity doesn't exist(def 'Projectile_MacheteSmartRL2')
01:02:54.040  WARNING| Client: received Entity sync notification #1 for entity with netId 2046, but entity doesn't exist(def 'Projectile_MacheteSmartRL2')
01:02:57.523  WARNING| Client: received Entity sync notification #0 for entity with netId 2095, but entity doesn't exist(def 'Projectile_Sparks_Cannon_Grim')
01:02:58.812  WARNING| Client: received Entity sync notification #1 for entity with netId 2121, but entity doesn't exist(def 'Projectile_MacheteSmartRL2')
01:02:59.542  WARNING| Client: received Entity sync notification #1 for entity with netId 2131, but entity doesn't exist(def 'Projectile_MacheteSmartRL2')
01:03:00.268  WARNING| Client: received Entity sync notification #1 for entity with netId 2138, but entity doesn't exist(def 'Projectile_MacheteSmartRL2')
01:03:01.000  WARNING| Client: received Entity sync notification #1 for entity with netId 2150, but entity doesn't exist(def 'Projectile_MacheteSmartRL2')
01:03:03.184  WARNING| Client: received Entity sync notification #1 for entity with netId 2188, but entity doesn't exist(def 'Projectile_MacheteSmartRL2')
01:03:03.691  WARNING| client: snapshot loss rate 5.5%
01:03:04.703  WARNING| client: snapshot loss rate 5.5%
01:03:05.382  WARNING| Client: received Entity sync notification #1 for entity with netId 2318, but entity doesn't exist(def 'Projectile_MacheteSmartRL2')
01:03:05.711  WARNING| client: snapshot loss rate 6.3%
01:03:06.107  WARNING| Client: received Entity sync notification #1 for entity with netId 2353, but entity doesn't exist(def 'Projectile_MacheteSmartRL2')
01:03:06.725  WARNING| client: snapshot loss rate 6.3%
01:03:07.740  WARNING| client: snapshot loss rate 5.5%
01:03:08.749  WARNING| client: snapshot loss rate 5.5%
01:03:09.764  WARNING| client: snapshot loss rate 6.3%
01:03:10.766  WARNING| client: snapshot loss rate 6.3%
01:03:11.773  WARNING| client: snapshot loss rate 6.3%
01:03:12.788  WARNING| client: snapshot loss rate 6.3%
01:03:13.793  WARNING| client: snapshot loss rate 6.3%
01:03:13.909  WARNING| Client: received Entity sync notification #1 for entity with netId 2878, but entity doesn't exist(def 'Projectile_MacheteSmartRL2')
01:03:14.641  WARNING| Client: received Entity sync notification #1 for entity with netId 2942, but entity doesn't exist(def 'Projectile_MacheteSmartRL2')
01:03:14.806  WARNING| client: snapshot loss rate 6.3%
01:03:15.377  WARNING| Client: received Entity sync notification #1 for entity with netId 2979, but entity doesn't exist(def 'Projectile_MacheteSmartRL2')
01:03:15.818  WARNING| client: snapshot loss rate 5.5%
01:03:16.098  WARNING| Client: received Entity sync notification #1 for entity with netId 3031, but entity doesn't exist(def 'Projectile_MacheteSmartRL2')
01:03:16.831  WARNING| Client: received Entity sync notification #1 for entity with netId 3101, but entity doesn't exist(def 'Projectile_MacheteSmartRL2')
01:03:17.560  WARNING| Client: received Entity sync notification #1 for entity with netId 3162, but entity doesn't exist(def 'Projectile_MacheteSmartRL2')
01:03:20.097  WARNING| Client: received Entity sync notification #0 for entity with netId 3341, but entity doesn't exist(def 'Projectile_CarolCannon')
01:03:20.309  WARNING| client: snapshot loss rate 6.3%
01:03:20.362  WARNING| Client: received Entity sync notification #0 for entity with netId 3354, but entity doesn't exist(def 'Projectile_CarolCannon')
01:03:21.324  WARNING| client: snapshot loss rate 7.0%
01:03:22.331  WARNING| client: snapshot loss rate 7.0%
01:03:23.339  WARNING| client: snapshot loss rate 7.0%
01:03:24.466  WARNING| client: snapshot loss rate 7.0%
01:03:25.478  WARNING| client: snapshot loss rate 6.3%
01:03:26.492  WARNING| client: snapshot loss rate 6.3%
01:03:27.495  WARNING| client: snapshot loss rate 7.0%
01:03:28.506  WARNING| client: snapshot loss rate 7.0%
01:03:29.523  WARNING| client: snapshot loss rate 6.3%
01:03:30.310  WARNING| client: snapshot loss rate 7.8%
01:03:31.430  WARNING| client: snapshot loss rate 9.4%
01:03:32.330  WARNING| Client: received Entity sync notification #1 for entity with netId 4213, but entity doesn't exist(def 'Projectile_MacheteSmartRL2')
01:03:32.436  WARNING| client: snapshot loss rate 8.6%
01:03:33.053  WARNING| Client: received Entity sync notification #1 for entity with netId 4270, but entity doesn't exist(def 'Projectile_MacheteSmartRL2')
01:03:33.443  WARNING| client: snapshot loss rate 9.4%
01:03:33.786  WARNING| Client: received Entity sync notification #1 for entity with netId 4321, but entity doesn't exist(def 'Projectile_MacheteSmartRL2')
01:03:34.456  WARNING| client: snapshot loss rate 7.8%
01:03:34.512  WARNING| Client: received Entity sync notification #1 for entity with netId 4369, but entity doesn't exist(def 'Projectile_MacheteSmartRL2')
01:03:35.249  WARNING| Client: received Entity sync notification #1 for entity with netId 4429, but entity doesn't exist(def 'Projectile_MacheteSmartRL2')
01:03:35.470  WARNING| client: snapshot loss rate 7.8%
01:03:35.976  WARNING| Client: received Entity sync notification #1 for entity with netId 4468, but entity doesn't exist(def 'Projectile_MacheteSmartRL2')
01:03:36.484  WARNING| client: snapshot loss rate 7.8%
01:03:36.708  WARNING| Client: received Entity sync notification #1 for entity with netId 4506, but entity doesn't exist(def 'Projectile_MacheteSmartRL2')
01:03:37.435  WARNING| Client: received Entity sync notification #1 for entity with netId 4548, but entity doesn't exist(def 'Projectile_MacheteSmartRL2')
01:03:37.491  WARNING| client: snapshot loss rate 7.8%
01:03:38.167  WARNING| Client: received Entity sync notification #1 for entity with netId 4594, but entity doesn't exist(def 'Projectile_MacheteSmartRL2')
01:03:38.500  WARNING| client: snapshot loss rate 7.8%
01:03:38.731  WARNING| client: removing entity netId 4633 but it doesn't exist (def 'SpellAuraEntity')
01:03:38.895  WARNING| Client: received Entity sync notification #1 for entity with netId 4652, but entity doesn't exist(def 'Projectile_MacheteSmartRL2')
01:03:39.007  WARNING| client: removing entity netId 4661 but it doesn't exist (def 'SpellAuraEntity')
01:03:39.515  WARNING| client: snapshot loss rate 7.8%
01:03:39.630  WARNING| Client: received Entity sync notification #1 for entity with netId 4697, but entity doesn't exist(def 'Projectile_MacheteSmartRL2')
01:03:40.526  WARNING| client: snapshot loss rate 7.8%
01:03:40.803  WARNING| client: removing entity netId 4756 but it doesn't exist (def 'SpellAuraEntity')
01:03:41.538  WARNING| client: snapshot loss rate 7.8%
01:03:41.815  WARNING| client: removing entity netId 4805 but it doesn't exist (def 'SpellAuraEntity')
01:03:42.550  WARNING| client: snapshot loss rate 7.8%
01:03:43.568  WARNING| client: snapshot loss rate 7.8%
01:03:43.835  WARNING| Client: received Entity sync notification #1 for entity with netId 4927, but entity doesn't exist(def 'Projectile_MacheteSmartRL2')
01:03:44.571  WARNING| client: snapshot loss rate 6.3%
01:03:45.072  WARNING| Client: received Entity sync notification #1 for entity with netId 4994, but entity doesn't exist(def 'Projectile_MacheteSmartRL2')
01:03:45.252  WARNING| client: removing entity netId 5009 but it doesn't exist (def 'SpellAuraEntity')
01:03:45.580  WARNING| client: snapshot loss rate 5.5%
01:03:46.587  WARNING| client: snapshot loss rate 5.5%
01:03:47.041  WARNING| client: snapshot loss rate 7.8%
01:03:47.485  WARNING| client: snapshot loss rate 6.3%
01:03:48.496  WARNING| client: snapshot loss rate 6.3%
01:03:49.515  WARNING| client: snapshot loss rate 5.5%
01:03:51.081  WARNING| client: snapshot loss rate 5.5%
01:03:51.647  WARNING| client: snapshot loss rate 7.0%
01:03:52.652  WARNING| client: snapshot loss rate 7.0%
01:03:53.666  WARNING| client: snapshot loss rate 6.3%
01:03:54.674  WARNING| client: snapshot loss rate 6.3%
01:03:55.685  WARNING| client: snapshot loss rate 5.5%
01:03:56.697  WARNING| client: snapshot loss rate 5.5%
01:03:57.202  WARNING| Client: received Entity sync notification #0 for entity with netId 5740, but entity doesn't exist(def 'Projectile_CarolDeadShot')
01:03:57.425  WARNING| Client: received Entity sync notification #0 for entity with netId 5757, but entity doesn't exist(def 'Projectile_CarolCannon')
01:03:57.706  WARNING| client: snapshot loss rate 5.5%
01:03:58.717  WARNING| client: snapshot loss rate 5.5%
01:03:59.729  WARNING| client: snapshot loss rate 5.5%
01:04:01.918  WARNING| Client: received Entity sync notification #1 for entity with netId 6084, but entity doesn't exist(def 'Projectile_MacheteSmartRL2')
01:04:02.649  WARNING| Client: received Entity sync notification #1 for entity with netId 6148, but entity doesn't exist(def 'Projectile_MacheteSmartRL2')
01:04:03.374  WARNING| Client: received Entity sync notification #1 for entity with netId 6197, but entity doesn't exist(def 'Projectile_MacheteSmartRL2')
01:04:04.109  WARNING| Client: received Entity sync notification #1 for entity with netId 6233, but entity doesn't exist(def 'Projectile_MacheteSmartRL2')
01:04:04.838  WARNING| Client: received Entity sync notification #1 for entity with netId 6289, but entity doesn't exist(def 'Projectile_MacheteSmartRL2')
01:04:05.569  WARNING| Client: received Entity sync notification #1 for entity with netId 6334, but entity doesn't exist(def 'Projectile_MacheteSmartRL2')
01:04:07.031  WARNING| Client: received Entity sync notification #1 for entity with netId 6450, but entity doesn't exist(def 'Projectile_MacheteSmartRL2')
01:04:07.755  WARNING| Client: received Entity sync notification #1 for entity with netId 6538, but entity doesn't exist(def 'Projectile_MacheteSmartRL2')
01:04:08.487  WARNING| Client: received Entity sync notification #1 for entity with netId 6590, but entity doesn't exist(def 'Projectile_MacheteSmartRL2')
01:04:09.960  WARNING| Client: received Entity sync notification #1 for entity with netId 6702, but entity doesn't exist(def 'Projectile_MacheteSmartRL2')
01:04:13.424  WARNING| Client: received Entity sync notification #1 for entity with netId 6926, but entity doesn't exist(def 'Projectile_MacheteSmartRL2')
01:04:13.532  WARNING| client: snapshot loss rate 5.5%
01:04:13.992  WARNING| client: removing entity netId 6954 but it doesn't exist (def 'Bonus_GreenEngineerScrap')
01:04:14.545  WARNING| client: snapshot loss rate 5.5%
01:04:15.561  WARNING| client: snapshot loss rate 6.3%
01:04:16.174  WARNING| Client: received Entity sync notification #0 for entity with netId 7012, but entity doesn't exist(def 'Projectile_SuppressingFire_T5_Epic')
01:04:16.568  WARNING| client: snapshot loss rate 6.3%
01:04:17.298  WARNING| Client: received Entity sync notification #0 for entity with netId 7056, but entity doesn't exist(def 'Projectile_SuppressingFire_T5_Epic')
01:04:17.576  WARNING| client: snapshot loss rate 5.5%
01:04:17.862  WARNING| Client: received Entity sync notification #0 for entity with netId 7078, but entity doesn't exist(def 'Projectile_SuppressingFire_T5_Epic')
01:04:18.588  WARNING| client: snapshot loss rate 5.5%
01:04:22.797  WARNING| Client: received Entity sync notification #0 for entity with netId 7316, but entity doesn't exist(def 'Projectile_SuppressingFire_T5_Epic')
01:04:33.462  WARNING| client: removing entity netId 7725 but it doesn't exist (def 'SpellAuraEntity')
01:04:34.245  WARNING| Client: received Entity sync notification #0 for entity with netId 7776, but entity doesn't exist(def 'Projectile_CarolCannon')
01:04:38.738  WARNING| Client: received Entity sync notification #0 for entity with netId 7910, but entity doesn't exist(def 'Projectile_CarolCannon')
01:04:40.557         | Environment setting 'allidium_in_danger' loaded
01:04:42.778  WARNING| Client: received Entity sync notification #0 for entity with netId 8052, but entity doesn't exist(def 'Projectile_CarolDeadShot')
01:04:47.276  WARNING| Client: received Entity sync notification #0 for entity with netId 8140, but entity doesn't exist(def 'Projectile_CarolCannon')
01:04:47.833  WARNING| Client: received Entity sync notification #0 for entity with netId 8158, but entity doesn't exist(def 'Projectile_CarolCannon')
01:04:53.288  WARNING| client: snapshot loss rate 5.5%
01:04:54.297  WARNING| client: snapshot loss rate 5.5%
01:04:55.149  WARNING| Client: received Entity sync notification #0 for entity with netId 8456, but entity doesn't exist(def 'Projectile_AceGun')
01:04:55.310  WARNING| client: snapshot loss rate 5.5%
01:04:58.285  WARNING| client: removing entity netId 8570 but it doesn't exist (def 'HealParts')
01:05:08.448  WARNING| Client: received Entity sync notification #1 for entity with netId 9075, but entity doesn't exist(def 'Projectile_MacheteSmartRL2')
01:05:09.175  WARNING| Client: received Entity sync notification #1 for entity with netId 9130, but entity doesn't exist(def 'Projectile_MacheteSmartRL2')
01:05:09.914  WARNING| Client: received Entity sync notification #1 for entity with netId 9161, but entity doesn't exist(def 'Projectile_MacheteSmartRL2')
01:05:10.634  WARNING| Client: received Entity sync notification #1 for entity with netId 9188, but entity doesn't exist(def 'Projectile_MacheteSmartRL2')
01:05:11.367  WARNING| Client: received Entity sync notification #1 for entity with netId 9232, but entity doesn't exist(def 'Projectile_MacheteSmartRL2')
01:05:12.101  WARNING| Client: received Entity sync notification #1 for entity with netId 9263, but entity doesn't exist(def 'Projectile_MacheteSmartRL2')
01:05:12.829  WARNING| Client: received Entity sync notification #1 for entity with netId 9294, but entity doesn't exist(def 'Projectile_MacheteSmartRL2')
01:05:13.557  WARNING| Client: received Entity sync notification #1 for entity with netId 9339, but entity doesn't exist(def 'Projectile_MacheteSmartRL2')
01:05:14.293  WARNING| Client: received Entity sync notification #1 for entity with netId 9382, but entity doesn't exist(def 'Projectile_MacheteSmartRL2')
01:05:22.940  WARNING| client: snapshot loss rate 5.5%
01:05:23.283  WARNING| Client: received Entity sync notification #1 for entity with netId 10052, but entity doesn't exist(def 'Projectile_MacheteSmartRL2')
01:05:23.951  WARNING| client: snapshot loss rate 6.3%
01:05:24.003  WARNING| Client: received Entity sync notification #1 for entity with netId 10121, but entity doesn't exist(def 'Projectile_MacheteSmartRL2')
01:05:24.401  WARNING| AthlantaDroneL: entity is defined damageable, but 'health' property is 0.0f! health is set to 100
01:05:24.739  WARNING| Client: received Entity sync notification #1 for entity with netId 10185, but entity doesn't exist(def 'Projectile_MacheteSmartRL2')
01:05:24.959  WARNING| client: snapshot loss rate 6.3%
01:05:25.467  WARNING| Client: received Entity sync notification #1 for entity with netId 10248, but entity doesn't exist(def 'Projectile_MacheteSmartRL2')
01:05:25.973  WARNING| client: snapshot loss rate 7.0%
01:05:26.200  WARNING| Client: received Entity sync notification #1 for entity with netId 10309, but entity doesn't exist(def 'Projectile_MacheteSmartRL2')
01:05:26.925  WARNING| Client: received Entity sync notification #1 for entity with netId 10367, but entity doesn't exist(def 'Projectile_MacheteSmartRL2')
01:05:26.981  WARNING| client: snapshot loss rate 7.8%
01:05:27.658  WARNING| Client: received Entity sync notification #1 for entity with netId 10428, but entity doesn't exist(def 'Projectile_MacheteSmartRL2')
01:05:27.994  WARNING| client: snapshot loss rate 7.8%
01:05:28.385  WARNING| Client: received Entity sync notification #1 for entity with netId 10513, but entity doesn't exist(def 'Projectile_MacheteSmartRL2')
01:05:29.006  WARNING| client: snapshot loss rate 7.0%
01:05:29.126  WARNING| Client: received Entity sync notification #1 for entity with netId 10593, but entity doesn't exist(def 'Projectile_MacheteSmartRL2')
01:05:29.569  WARNING| client: snapshot loss rate 5.5%
01:05:29.850  WARNING| Client: received Entity sync notification #1 for entity with netId 10664, but entity doesn't exist(def 'Projectile_MacheteSmartRL2')
01:05:30.585  WARNING| Client: received Entity sync notification #1 for entity with netId 10730, but entity doesn't exist(def 'Projectile_MacheteSmartRL2')
01:05:33.548  WARNING| Client: received Entity sync notification #0 for entity with netId 10842, but entity doesn't exist(def 'Projectile_CarolDeadShot')
01:05:37.028  WARNING| Client: received Entity sync notification #1 for entity with netId 10910, but entity doesn't exist(def 'Projectile_PerseiGun')
01:05:38.381  WARNING| Client: received Entity sync notification #1 for entity with netId 10952, but entity doesn't exist(def 'Projectile_PerseiGun')
01:05:40.287  WARNING| Client: received Entity sync notification #1 for entity with netId 11025, but entity doesn't exist(def 'Projectile_PerseiGun')
01:05:41.417  WARNING| Client: received Entity sync notification #1 for entity with netId 11055, but entity doesn't exist(def 'Projectile_PerseiGun')
01:05:42.085  WARNING| Client: received Entity sync notification #1 for entity with netId 11073, but entity doesn't exist(def 'Projectile_PerseiGun')
01:05:42.761  WARNING| Client: received Entity sync notification #1 for entity with netId 11094, but entity doesn't exist(def 'Projectile_PerseiGun')
01:05:43.433  WARNING| Client: received Entity sync notification #1 for entity with netId 11133, but entity doesn't exist(def 'Projectile_PerseiGun')
01:05:45.343  WARNING| Client: received Entity sync notification #1 for entity with netId 11231, but entity doesn't exist(def 'Projectile_PerseiGun')
01:05:46.028  WARNING| Client: received Entity sync notification #1 for entity with netId 11270, but entity doesn't exist(def 'Projectile_PerseiGun')
01:05:46.689  WARNING| Client: received Entity sync notification #1 for entity with netId 11305, but entity doesn't exist(def 'Projectile_PerseiGun')
01:05:56.462  WARNING| client: removing entity netId 11776 but it doesn't exist (def 'SpellAuraEntity')
01:05:56.462  WARNING| client: removing entity netId 11777 but it doesn't exist (def 'SpellAuraEntity')
01:05:56.746  WARNING| Client: received Entity sync notification #1 for entity with netId 11805, but entity doesn't exist(def 'Projectile_MacheteSmartRL2')
01:05:57.468  WARNING| Client: received Entity sync notification #1 for entity with netId 11860, but entity doesn't exist(def 'Projectile_MacheteSmartRL2')
01:05:58.206  WARNING| Client: received Entity sync notification #1 for entity with netId 11906, but entity doesn't exist(def 'Projectile_MacheteSmartRL2')
01:05:58.826  WARNING| Client: received Entity sync notification #0 for entity with netId 11962, but entity doesn't exist(def 'projectile_GreenSphereGun_Epic')
01:06:02.971  WARNING| client: removing entity netId 12259 but it doesn't exist (def 'SpellAuraEntity')
01:06:02.971  WARNING| client: removing entity netId 12260 but it doesn't exist (def 'SpellAuraEntity')
01:06:03.081  WARNING| client: removing entity netId 12266 but it doesn't exist (def 'SpellAuraEntity')
01:06:03.311  WARNING| client: removing entity netId 12280 but it doesn't exist (def 'SpellAuraEntity')
01:06:03.311  WARNING| client: removing entity netId 12281 but it doesn't exist (def 'SpellAuraEntity')
01:06:03.420  WARNING| client: removing entity netId 12319 but it doesn't exist (def 'SpellAuraEntity')
01:06:03.474  WARNING| client: snapshot loss rate 5.5%
01:06:03.599  WARNING| client: removing entity netId 12326 but it doesn't exist (def 'SpellAuraEntity')
01:06:04.374  WARNING| Client: received Entity sync notification #1 for entity with netId 12405, but entity doesn't exist(def 'Projectile_MacheteSmartRL2')
01:06:04.486  WARNING| client: snapshot loss rate 5.5%
01:06:05.103  WARNING| Client: received Entity sync notification #1 for entity with netId 12471, but entity doesn't exist(def 'Projectile_MacheteSmartRL2')
01:06:05.219  WARNING| Client: received Entity sync notification #7 for entity with netId 12480, but entity doesn't exist(def 'projectile_Projectile_GG_BubbleGun_T5_Epic')
01:06:05.498  WARNING| client: snapshot loss rate 5.5%
01:06:05.833  WARNING| Client: received Entity sync notification #1 for entity with netId 12549, but entity doesn't exist(def 'Projectile_MacheteSmartRL2')
01:06:08.314  WARNING| client: snapshot loss rate 5.5%
01:06:09.314  WARNING| client: snapshot loss rate 5.5%
01:06:10.382  WARNING| Client: received Entity sync notification #0 for entity with netId 12987, but entity doesn't exist(def 'Projectile_AceGun')
01:06:10.436  WARNING| client: snapshot loss rate 6.3%
01:06:11.449  WARNING| client: snapshot loss rate 6.3%
01:06:12.460  WARNING| client: snapshot loss rate 6.3%
01:06:13.470  WARNING| client: snapshot loss rate 5.5%
01:06:14.480  WARNING| client: snapshot loss rate 5.5%
01:06:16.396  WARNING| client: snapshot loss rate 5.5%
01:06:16.620  WARNING| Client: received Entity sync notification #1 for entity with netId 13367, but entity doesn't exist(def 'Projectile_MacheteSmartRL2')
01:06:17.343  WARNING| Client: received Entity sync notification #1 for entity with netId 13414, but entity doesn't exist(def 'Projectile_MacheteSmartRL2')
01:06:17.398  WARNING| client: snapshot loss rate 5.5%
01:06:18.076  WARNING| Client: received Entity sync notification #1 for entity with netId 13460, but entity doesn't exist(def 'Projectile_MacheteSmartRL2')
01:06:24.645  WARNING| Client: received Entity sync notification #1 for entity with netId 13863, but entity doesn't exist(def 'Projectile_MacheteSmartRL2')
01:06:24.981  WARNING| Client: received Entity sync notification #0 for entity with netId 13866, but entity doesn't exist(def 'Projectile_SuppressingFire_T5_Epic')
01:06:25.377  WARNING| Client: received Entity sync notification #1 for entity with netId 13911, but entity doesn't exist(def 'Projectile_MacheteSmartRL2')
01:06:26.162  WARNING| client: snapshot loss rate 5.5%
01:06:27.172  WARNING| client: snapshot loss rate 5.5%
01:06:28.182  WARNING| client: snapshot loss rate 5.5%
01:06:29.194  WARNING| client: snapshot loss rate 5.5%
01:06:30.147  WARNING| Client: received Entity sync notification #0 for entity with netId 14342, but entity doesn't exist(def 'projectile_GreenSphereGun_Epic')
01:06:30.199  WARNING| client: snapshot loss rate 5.5%
01:06:31.209  WARNING| client: snapshot loss rate 5.5%
01:06:31.493  WARNING| Client: received Entity sync notification #8 for entity with netId 14445, but entity doesn't exist(def 'Projectile_SuppressingFire_T5_Epic')
01:06:31.493  WARNING| Client: received Entity sync notification #0 for entity with netId 14445, but entity doesn't exist(def 'Projectile_SuppressingFire_T5_Epic')
01:06:32.231  WARNING| client: snapshot loss rate 6.3%
01:06:33.233  WARNING| client: snapshot loss rate 5.5%
01:06:34.360  WARNING| client: snapshot loss rate 5.5%
01:06:35.373  WARNING| client: snapshot loss rate 6.3%
01:06:36.381  WARNING| client: snapshot loss rate 6.3%
01:06:37.504  WARNING| client: snapshot loss rate 6.3%
01:06:38.514  WARNING| client: snapshot loss rate 5.5%
01:06:39.526  WARNING| client: snapshot loss rate 5.5%
01:06:40.543  WARNING| client: snapshot loss rate 5.5%
01:06:41.549  WARNING| client: snapshot loss rate 5.5%
01:06:42.563  WARNING| client: snapshot loss rate 5.5%
01:06:43.573  WARNING| client: snapshot loss rate 6.3%
01:06:44.583  WARNING| client: snapshot loss rate 6.3%
01:06:45.592  WARNING| client: snapshot loss rate 6.3%
01:06:46.608  WARNING| client: snapshot loss rate 5.5%
01:06:47.616  WARNING| client: snapshot loss rate 5.5%
01:06:48.183  WARNING| Client: received Entity sync notification #1 for entity with netId 15652, but entity doesn't exist(def 'Projectile_MacheteSmartRL2')
01:06:48.902  WARNING| Client: received Entity sync notification #1 for entity with netId 15692, but entity doesn't exist(def 'Projectile_MacheteSmartRL2')
01:06:49.924  WARNING| client: removing entity netId 15768 but it doesn't exist (def 'Bonus_GreenEngineerScrap')
01:06:50.592  WARNING| Client: received Entity sync notification #1 for entity with netId 15776, but entity doesn't exist(def 'Projectile_MacheteSmartRL2')
01:06:51.326  WARNING| Client: received Entity sync notification #1 for entity with netId 15778, but entity doesn't exist(def 'Projectile_MacheteSmartRL2')
01:06:52.052  WARNING| Client: received Entity sync notification #1 for entity with netId 15780, but entity doesn't exist(def 'Projectile_MacheteSmartRL2')
01:06:52.783  WARNING| Client: received Entity sync notification #1 for entity with netId 15782, but entity doesn't exist(def 'Projectile_MacheteSmartRL2')
01:06:53.505  WARNING| Client: received Entity sync notification #1 for entity with netId 15789, but entity doesn't exist(def 'Projectile_MacheteSmartRL2')
01:06:54.243  WARNING| Client: received Entity sync notification #1 for entity with netId 15796, but entity doesn't exist(def 'Projectile_MacheteSmartRL2')
01:06:54.574  WARNING| client: removing entity netId 15803 but it doesn't exist (def 'HealParts')
01:07:01.474  WARNING| client: removing entity netId 15849 but it doesn't exist (def 'SpellAuraEntity')
01:07:01.474  WARNING| client: removing entity netId 15850 but it doesn't exist (def 'SpellAuraEntity')
01:07:02.376  WARNING| Client: received Entity sync notification #0 for entity with netId 15868, but entity doesn't exist(def 'Projectile_AceGun')
01:07:02.714  WARNING| Client: received Entity sync notification #8 for entity with netId 15880, but entity doesn't exist(def 'Projectile_SuppressingFire_T5_Epic')
01:07:02.714  WARNING| Client: received Entity sync notification #0 for entity with netId 15880, but entity doesn't exist(def 'Projectile_SuppressingFire_T5_Epic')
01:07:03.278  WARNING| Client: received Entity sync notification #8 for entity with netId 15896, but entity doesn't exist(def 'Projectile_SuppressingFire_T5_Epic')
01:07:03.278  WARNING| Client: received Entity sync notification #0 for entity with netId 15896, but entity doesn't exist(def 'Projectile_SuppressingFire_T5_Epic')
01:07:04.173  WARNING| Client: received Entity sync notification #0 for entity with netId 15930, but entity doesn't exist(def 'FrigateDrone')
01:07:04.626  WARNING| Client: received Entity sync notification #0 for entity with netId 15956, but entity doesn't exist(def 'Projectile_AceGun')
01:07:14.447  WARNING| client: snapshot loss rate 5.5%
01:07:15.455  WARNING| client: snapshot loss rate 5.5%
01:07:16.464  WARNING| client: snapshot loss rate 6.3%
01:07:19.330  WARNING| Client: received Entity sync notification #1 for entity with netId 16523, but entity doesn't exist(def 'Projectile_MacheteSmartRL2')
01:07:20.060  WARNING| Client: received Entity sync notification #1 for entity with netId 16554, but entity doesn't exist(def 'Projectile_MacheteSmartRL2')
01:07:26.411  WARNING| Client: received Entity sync notification #1 for entity with netId 16951, but entity doesn't exist(def 'Projectile_MacheteSmartRL2')
01:07:27.131  WARNING| Client: received Entity sync notification #1 for entity with netId 16985, but entity doesn't exist(def 'Projectile_MacheteSmartRL2')
01:07:27.869  WARNING| Client: received Entity sync notification #1 for entity with netId 17012, but entity doesn't exist(def 'Projectile_MacheteSmartRL2')
01:07:28.592  WARNING| Client: received Entity sync notification #1 for entity with netId 17059, but entity doesn't exist(def 'Projectile_MacheteSmartRL2')
01:07:29.326  WARNING| Client: received Entity sync notification #1 for entity with netId 17113, but entity doesn't exist(def 'Projectile_MacheteSmartRL2')
01:07:30.052  WARNING| Client: received Entity sync notification #1 for entity with netId 17162, but entity doesn't exist(def 'Projectile_MacheteSmartRL2')
01:07:30.781  WARNING| Client: received Entity sync notification #1 for entity with netId 17236, but entity doesn't exist(def 'Projectile_MacheteSmartRL2')
01:07:31.512  WARNING| Client: received Entity sync notification #1 for entity with netId 17304, but entity doesn't exist(def 'Projectile_MacheteSmartRL2')
01:07:32.241  WARNING| Client: received Entity sync notification #1 for entity with netId 17337, but entity doesn't exist(def 'Projectile_MacheteSmartRL2')
01:07:32.975  WARNING| Client: received Entity sync notification #1 for entity with netId 17368, but entity doesn't exist(def 'Projectile_MacheteSmartRL2')
01:07:33.704  WARNING| Client: received Entity sync notification #1 for entity with netId 17403, but entity doesn't exist(def 'Projectile_MacheteSmartRL2')
01:07:40.900  WARNING| client: removing entity netId 17929 but it doesn't exist (def 'SpellAuraEntity')
01:07:50.271  WARNING| AthlantaDroneS: entity is defined damageable, but 'health' property is 0.0f! health is set to 100
01:07:55.718  WARNING| client: snapshot loss rate 5.5%
01:08:01.839  WARNING| AthlantaDroneL: entity is defined damageable, but 'health' property is 0.0f! health is set to 100
01:08:12.955  WARNING| Client: received Entity sync notification #0 for entity with netId 19940, but entity doesn't exist(def 'FrigateDrone')
01:08:24.076  WARNING| Client: received Entity sync notification #7 for entity with netId 20559, but entity doesn't exist(def 'projectile_Projectile_GG_BubbleGun_T5_Epic')
01:08:32.059  WARNING| Client: received Entity sync notification #0 for entity with netId 20881, but entity doesn't exist(def 'Projectile_AceGun')
01:08:32.608  WARNING| client: removing entity netId 20929 but it doesn't exist (def 'HealParts')
01:08:33.168  WARNING| script (ui\scripts\work\uigamefuncs.lua@0): UI:GetDef()[ERROR]: cannot find def for 'n/a'
01:08:33.168  WARNING| script (ui\scripts\work\uigamefuncs.lua@0): UI:GetEntityLocalizedNameByDef()[ERROR]: cannot find def "n/a"
01:08:36.314  WARNING| AthlantaDroneL: entity is defined damageable, but 'health' property is 0.0f! health is set to 100
01:08:36.538  WARNING| Client: received Entity sync notification #1 for entity with netId 21114, but entity doesn't exist(def 'Projectile_MacheteSmartRL2')
01:08:37.272  WARNING| Client: received Entity sync notification #1 for entity with netId 21157, but entity doesn't exist(def 'Projectile_MacheteSmartRL2')
01:08:37.999  WARNING| Client: received Entity sync notification #1 for entity with netId 21205, but entity doesn't exist(def 'Projectile_MacheteSmartRL2')
01:08:38.732  WARNING| Client: received Entity sync notification #1 for entity with netId 21244, but entity doesn't exist(def 'Projectile_MacheteSmartRL2')
01:08:38.786  WARNING| Client: received Entity sync notification #0 for entity with netId 21244, but entity doesn't exist(def 'Projectile_MacheteSmartRL2')
01:08:39.459  WARNING| Client: received Entity sync notification #1 for entity with netId 21277, but entity doesn't exist(def 'Projectile_MacheteSmartRL2')
01:08:40.189  WARNING| Client: received Entity sync notification #1 for entity with netId 21317, but entity doesn't exist(def 'Projectile_MacheteSmartRL2')
01:08:40.413  WARNING| AthlantaDroneS: entity is defined damageable, but 'health' property is 0.0f! health is set to 100
01:08:58.662  WARNING| m_bufferizedUICalls delivery took 5.3 ms
01:09:08.433  WARNING| Client: received Entity sync notification #7 for entity with netId 22777, but entity doesn't exist(def 'projectile_Projectile_GG_BubbleGun_T5_Epic')
01:09:08.829  WARNING| client: removing entity netId 22820 but it doesn't exist (def 'HealParts')
01:09:08.887  WARNING| client: removing entity netId 22828 but it doesn't exist (def 'Bonus_GreenEngineerScrap')
01:09:09.051  WARNING| client: snapshot loss rate 5.5%
01:09:56.866  WARNING| AthlantaDroneL: entity is defined damageable, but 'health' property is 0.0f! health is set to 100
01:10:05.462  WARNING| Client: received Entity sync notification #0 for entity with netId 26463, but entity doesn't exist(def 'FrigateDrone')
01:10:15.566  WARNING| Client: received Entity sync notification #8 for entity with netId 26950, but entity doesn't exist(def 'Projectile_Sparks_Cannon_Grim')
01:10:15.566  WARNING| Client: received Entity sync notification #0 for entity with netId 26950, but entity doesn't exist(def 'Projectile_Sparks_Cannon_Grim')
01:10:16.012  WARNING| Client: received Entity sync notification #8 for entity with netId 26967, but entity doesn't exist(def 'Projectile_Sparks_Cannon_Grim')
01:10:16.012  WARNING| Client: received Entity sync notification #0 for entity with netId 26967, but entity doesn't exist(def 'Projectile_Sparks_Cannon_Grim')
01:10:16.460  WARNING| Client: received Entity sync notification #8 for entity with netId 26983, but entity doesn't exist(def 'Projectile_Sparks_Cannon_Grim')
01:10:16.460  WARNING| Client: received Entity sync notification #0 for entity with netId 26983, but entity doesn't exist(def 'Projectile_Sparks_Cannon_Grim')
01:10:16.908  WARNING| Client: received Entity sync notification #8 for entity with netId 27004, but entity doesn't exist(def 'Projectile_Sparks_Cannon_Grim')
01:10:16.908  WARNING| Client: received Entity sync notification #0 for entity with netId 27004, but entity doesn't exist(def 'Projectile_Sparks_Cannon_Grim')
01:10:17.362  WARNING| Client: received Entity sync notification #8 for entity with netId 27022, but entity doesn't exist(def 'Projectile_Sparks_Cannon_Grim')
01:10:17.362  WARNING| Client: received Entity sync notification #0 for entity with netId 27022, but entity doesn't exist(def 'Projectile_Sparks_Cannon_Grim')
01:10:46.050  WARNING| script (ui\scripts\windows\hudauraswnd.lua@0): UI.HudAuras_SlotWnd:UpdateIco()[ERROR]: cannot find _G.Spell["HullResistAoeHeal"].ui_ico
01:10:46.054  WARNING| script (ui\scripts\windows\hudauraswnd.lua@0): UI.HudAuras_SlotWnd:UpdateIco()[ERROR]: cannot find _G.Spell["HullResistAoeHeal"].ui_ico
01:10:46.159  WARNING| script (ui\scripts\windows\hudauraswnd.lua@0): UI.HudAuras_SlotWnd:UpdateIco()[ERROR]: cannot find _G.Spell["HullResistAoeHeal"].ui_ico
01:10:46.161  WARNING| script (ui\scripts\windows\hudauraswnd.lua@0): UI.HudAuras_SlotWnd:UpdateIco()[ERROR]: cannot find _G.Spell["HullResistAoeHeal"].ui_ico
01:10:46.163  WARNING| script (ui\scripts\windows\hudauraswnd.lua@0): UI.HudAuras_SlotWnd:UpdateIco()[ERROR]: cannot find _G.Spell["HullResistAoeHeal"].ui_ico
01:10:46.163  WARNING| script (ui\scripts\windows\hudauraswnd.lua@0): UI.HudAuras_SlotWnd:UpdateIco()[ERROR]: cannot find _G.Spell["HullResistAoeHeal"].ui_ico
01:10:46.164  WARNING| script (ui\scripts\windows\hudauraswnd.lua@0): UI.HudAuras_SlotWnd:UpdateIco()[ERROR]: cannot find _G.Spell["HullResistAoeHeal"].ui_ico
01:10:46.165  WARNING| script (ui\scripts\windows\hudauraswnd.lua@0): UI.HudAuras_SlotWnd:UpdateIco()[ERROR]: cannot find _G.Spell["HullResistAoeHeal"].ui_ico
01:10:46.166  WARNING| script (ui\scripts\windows\hudauraswnd.lua@0): UI.HudAuras_SlotWnd:UpdateIco()[ERROR]: cannot find _G.Spell["HullResistAoeHeal"].ui_ico
01:10:46.166  WARNING| script (ui\scripts\windows\hudauraswnd.lua@0): UI.HudAuras_SlotWnd:UpdateIco()[ERROR]: cannot find _G.Spell["HullResistAoeHeal"].ui_ico
01:10:47.173  WARNING| AthlantaDroneL: entity is defined damageable, but 'health' property is 0.0f! health is set to 100
01:10:53.066  WARNING| script (ui\scripts\work\uigamefuncs.lua@0): UI:GetDef()[ERROR]: cannot find def for 'n/a'
01:10:53.066  WARNING| script (ui\scripts\work\uigamefuncs.lua@0): UI:GetEntityLocalizedNameByDef()[ERROR]: cannot find def "n/a"
01:10:53.066  WARNING| Client: received Entity sync notification #0 for entity with netId 29566, but entity doesn't exist(def 'Projectile_GreenTurretDroneStatic_15')
01:10:53.066  WARNING| client: removing entity netId 29566 but it doesn't exist (def 'Projectile_GreenTurretDroneStatic_15')
01:10:55.644  WARNING| client: removing entity netId 29754 but it doesn't exist (def 'SpellAuraEntity')
01:10:55.644  WARNING| client: removing entity netId 29755 but it doesn't exist (def 'SpellAuraEntity')
01:10:55.644  WARNING| client: removing entity netId 29756 but it doesn't exist (def 'SpellAuraEntity')
01:10:55.644  WARNING| client: removing entity netId 29757 but it doesn't exist (def 'SpellAuraEntity')
01:10:58.974  WARNING| client: removing entity netId 29935 but it doesn't exist (def 'EmergencyShell_Shield')
01:10:58.974  WARNING| client: removing entity netId 29937 but it doesn't exist (def 'EmergencyShell_Shield')
01:10:58.974  WARNING| client: removing entity netId 29941 but it doesn't exist (def 'SpellAuraEntity')
01:10:59.017  WARNING| client: removing entity netId 29938 but it doesn't exist (def 'SpellAuraEntity')
01:10:59.304  WARNING| script (ui\scripts\work\uigamefuncs.lua@0): UI:GetDef()[ERROR]: cannot find def for 'n/a'
01:10:59.304  WARNING| script (ui\scripts\work\uigamefuncs.lua@0): UI:GetEntityLocalizedNameByDef()[ERROR]: cannot find def "n/a"
01:11:01.458         | Environment setting 'allidium_in_danger' loaded
01:11:02.505  WARNING| Client: received Entity sync notification #0 for entity with netId 30054, but entity doesn't exist(def 'Projectile_SuppressingFire_T5_Epic')
01:11:03.080  WARNING| Client: received Entity sync notification #0 for entity with netId 30078, but entity doesn't exist(def 'Projectile_SuppressingFire_T5_Epic')
01:11:04.651  WARNING| Client: received Entity sync notification #0 for entity with netId 30119, but entity doesn't exist(def 'Projectile_SuppressingFire_T5_Epic')
01:11:05.825  WARNING| client: snapshot loss rate 5.5%
01:11:05.983         | Environment setting 'allidium_in_danger' loaded
01:11:06.831  WARNING| client: snapshot loss rate 5.5%
01:11:07.842  WARNING| client: snapshot loss rate 5.5%
01:11:08.011  WARNING| Client: received Entity sync notification #0 for entity with netId 30171, but entity doesn't exist(def 'Projectile_SuppressingFire_T5_Epic')
01:11:08.573  WARNING| Client: received Entity sync notification #0 for entity with netId 30183, but entity doesn't exist(def 'Projectile_SuppressingFire_T5_Epic')
01:11:08.856  WARNING| client: snapshot loss rate 5.5%
01:11:09.131  WARNING| Client: received Entity sync notification #0 for entity with netId 30193, but entity doesn't exist(def 'Projectile_SuppressingFire_T5_Epic')
01:11:09.419  WARNING| Client: received Entity sync notification #0 for entity with netId 30210, but entity doesn't exist(def 'Projectile_SuppressingFire_T5_Epic')
01:11:09.860  WARNING| client: snapshot loss rate 6.3%
01:11:10.032  WARNING| Client: received Entity sync notification #0 for entity with netId 30248, but entity doesn't exist(def 'Projectile_SuppressingFire_T5_Epic')
01:11:10.871  WARNING| client: snapshot loss rate 5.5%
01:11:11.717  WARNING| Client: received Entity sync notification #0 for entity with netId 30330, but entity doesn't exist(def 'Projectile_SuppressingFire_T5_Epic')
01:11:11.888  WARNING| client: snapshot loss rate 5.5%
01:11:12.283  WARNING| Client: received Entity sync notification #0 for entity with netId 30353, but entity doesn't exist(def 'Projectile_SuppressingFire_T5_Epic')
01:11:12.837  WARNING| Client: received Entity sync notification #0 for entity with netId 30375, but entity doesn't exist(def 'Projectile_SuppressingFire_T5_Epic')
01:11:12.892  WARNING| client: snapshot loss rate 5.5%
01:11:13.398  WARNING| Client: received Entity sync notification #0 for entity with netId 30391, but entity doesn't exist(def 'Projectile_SuppressingFire_T5_Epic')
01:11:13.901  WARNING| client: snapshot loss rate 6.3%
01:11:14.912  WARNING| client: snapshot loss rate 6.3%
01:11:15.868  WARNING| Client: received Entity sync notification #0 for entity with netId 30484, but entity doesn't exist(def 'FrigateDrone')
01:11:15.929  WARNING| Client: received Entity sync notification #0 for entity with netId 30485, but entity doesn't exist(def 'FrigateDrone')
01:11:16.037  WARNING| client: snapshot loss rate 7.0%
01:11:16.428  WARNING| Client: received Entity sync notification #0 for entity with netId 30538, but entity doesn't exist(def 'Projectile_SuppressingFire_T5_Epic')
01:11:16.993  WARNING| Client: received Entity sync notification #0 for entity with netId 30566, but entity doesn't exist(def 'Projectile_SuppressingFire_T5_Epic')
01:11:17.046  WARNING| client: snapshot loss rate 6.3%
01:11:17.105  WARNING| client: removing entity netId 30578 but it doesn't exist (def 'Bonus_GreenEngineerScrap')
01:11:18.170  WARNING| client: snapshot loss rate 5.5%
01:11:19.855  WARNING| client: snapshot loss rate 5.5%
01:11:22.780  WARNING| client: removing entity netId 30770 but it doesn't exist (def 'Bonus_GreenEngineerScrap')
01:11:29.682         | ReplayManager: replay (8.19Mb) is avaibalbe for downloading!
01:11:32.097         | Loot: Silver_Junk_T5_4: 1
01:11:33.509         | Loot: Silver_Junk_T5_4: 1
01:11:33.724         | nextRecheckOnDSFailure 501.101, vid 30471651
01:11:33.724         | nextRecheckOnDSFailure 501.101, vid 30738231
01:11:33.724         | nextRecheckOnDSFailure 501.101, vid 33052865
01:11:33.724         | nextRecheckOnDSFailure 501.101, vid 35328637
01:11:33.756  WARNING| m_bufferizedUICalls delivery took 32.5 ms
01:11:33.797  WARNING| m_bufferizedUICalls delivery took 37.9 ms
01:11:34.023  WARNING| m_bufferizedUICalls delivery took 29.7 ms
01:11:34.514         | Loot: Silver_Junk_T5_13: 1
01:11:34.859  WARNING| m_bufferizedUICalls delivery took 29.2 ms
01:11:35.184         | client: player 3 leave game
01:11:35.804         | Loot: Silver_Junk_T5_13: 1
01:11:36.813         | Loot: Silver_Junk_T5_11: 1
01:11:38.740         | client: player 7 leave game
01:11:40.928         | client: avgPing 9.7/0.6; avgPacketLoss 0.1/0.2%; avgSnapshotLoss 3.5/1.8%, MTU 1492
01:11:40.928         | client: connection closed. DR_CLIENT_GAME_FINISHED
01:11:40.928         | Network stats (bytes per second): avg pushed 1758, max pushed 2558, avg sent 3288, max sent 5394, avg received 10000, max received 17735
01:11:40.981         | ReplayManager: stopping activity due to map change
01:11:40.988         | Peak entities: 2129
01:11:40.989         | Peak models: 798
01:11:41.007         | Peak geometries: 3366. Cur geometries: 366
01:11:41.125         | ====== starting level: 'levels\mainmenu\mm_alidium'  ======
01:11:41.173         | Remove autogen defs
01:11:41.175         | Remove autogen defs
01:11:41.181         | Environment setting 'mm_alidium' loaded
01:11:41.599         | Successfuly saved userdata (ver:164268) to server
01:11:41.653         | ====== level started:  'levels\mainmenu\mm_alidium' success ======
01:11:41.653         | Environment setting 'mm_alidium' loaded
01:11:41.669  WARNING| m_bufferizedUICalls delivery took 14.6 ms
01:11:41.735         | Successfuly saved userdata (ver:164269) to server
01:11:47.855         | {
01:11:47.855         | 	"arcade": 1.000
01:11:47.855         | 	"region": 1.000
01:11:47.855         | }
01:11:48.641         | MasterServerEndpoint: enter matchmaking queue
01:11:48.641  WARNING| script (ui\scripts\public\uipublic.lua@0): ^5UI:MasterServer_OnEnterMMQueue
01:14:12.115         | MasterServerEndpoint: leave matchmaking queue ( but will join the game soon )
01:14:12.248         | nextRecheckOnDSFailure 820.346, vid 30471651
01:14:12.248         | nextRecheckOnDSFailure 820.346, vid 30738231
01:14:12.248         | nextRecheckOnDSFailure 820.346, vid 33052865
01:14:12.248         | nextRecheckOnDSFailure 820.346, vid 35328637
01:14:12.305  WARNING| m_bufferizedUICalls delivery took 57.1 ms
01:14:12.306         | MasterServerSession: connect to dedicated server, session 54014096, at addr 23.111.211.207|35013
01:14:12.345         | client: start connecting to 23.111.211.207|35013...
01:14:12.364         | client: connected to 23.111.211.207|35013, MTU 1492. setting up session...
01:14:12.424         | client. send version check message (2097 bytes)
01:14:12.547         | client. got onConnect init message. total 52987 bytes
01:14:12.548         | Peak entities: 1263
01:14:12.550         | Peak models: 476
01:14:12.550         | Peak geometries: 1149. Cur geometries: 366
01:14:12.671         | Remove autogen defs
01:14:12.675         | client: ADD_PLAYER 0 (HypnoToad9 [], 2689175) status 4 team 1
01:14:12.675         | client: ADD_PLAYER 1 (werpess [BECHA], 2605184) status 4 team 2
01:14:12.675         | client: ADD_PLAYER 2 (IMPERATOR1 [], 802565) status 4 team 1
01:14:12.675         | client: ADD_PLAYER 3 (unt1mo, 3633347) status 4 team 2
01:14:12.675         | client: ADD_PLAYER 4 (Mo4e3aBp [LuX], 2516405) status 1 team 1 group 5588080
01:14:12.675         | client: ADD_PLAYER 5 (VujuK [ZetPL], 1679837) status 6 team 2 group 5588071
01:14:12.675         | client: ADD_PLAYER 6 (3JIEKTPOTATAP [LuX], 1000550) status 6 team 1 group 5588080
01:14:12.675         | client: ADD_PLAYER 7 (doro [ZetPL], 749445) status 6 team 2 group 5588071
01:14:12.675         | client: ADD_PLAYER 54 (StorchStrolch, 0) status 4 team 1
01:14:12.675         | client: ADD_PLAYER 55 (Pepel5, 0) status 4 team 2
01:14:12.675         | client: ADD_PLAYER 56 (CommanderKruge, 0) status 4 team 1
01:14:12.675         | client: ADD_PLAYER 57 (CandyStalin, 0) status 4 team 2
01:14:12.675         | client: ADD_PLAYER 58 (DrazuulD, 0) status 4 team 1
01:14:12.675         | client: ADD_PLAYER 59 (nekto163, 0) status 4 team 2
01:14:12.675         | client: ADD_PLAYER 60 (VAnnO, 0) status 4 team 1
01:14:12.675         | client: ADD_PLAYER 61 (StratuS, 0) status 4 team 2
01:14:12.675         | client: server assigned id 4
01:14:12.675         | client: got level load message 'captain_kidds_berth'
01:14:12.684         | ReplayManager: stopping activity due to map change
01:14:12.708         | Peak geometries: 0. Cur geometries: 366
01:14:12.817         | ====== starting level: 'levels\area4\captain_kidds_berth' KingOfTheHill client ======
01:14:12.831         | Remove autogen defs
01:14:13.081  WARNING| Async queue overflow
01:14:13.193         | Resume async queue pushing
01:14:13.208  WARNING| Async queue overflow
01:14:13.284         | Resume async queue pushing
01:14:13.304  WARNING| Async queue overflow
01:14:13.417         | Resume async queue pushing
01:14:13.443  WARNING| Async queue overflow
01:14:13.519         | Resume async queue pushing
01:14:13.539  WARNING| Async queue overflow
01:14:13.579         | Resume async queue pushing
01:14:13.621  WARNING| Async queue overflow
01:14:13.660         | Resume async queue pushing
01:14:13.729  WARNING| Async queue overflow
01:14:13.769         | Resume async queue pushing
01:14:13.787  WARNING| Async queue overflow
01:14:13.827         | Resume async queue pushing
01:14:13.856  WARNING| Async queue overflow
01:14:13.933         | Resume async queue pushing
01:14:13.933         | Environment setting 'factory_pirate_dreamland' loaded
01:14:13.952  WARNING| Async queue overflow
01:14:14.068         | Resume async queue pushing
01:14:14.135  WARNING| Async queue overflow
01:14:14.174         | Resume async queue pushing
01:14:14.212  WARNING| Async queue overflow
01:14:14.252         | Resume async queue pushing
01:14:14.290         | client: send ready message
01:14:14.317         | Remove autogen defs
01:14:14.317         | Added def: Module_Autogen_3530210906, idx: 25869, total: 1
01:14:14.317         | Added spell def: Spell_AG_GravityBomb_Start_Autogen_7502
01:14:14.317         | Added def: Module_Autogen_2464769766, idx: 25870, total: 2
01:14:14.317         | Added def: Module_Autogen_3082021597, idx: 25871, total: 3
01:14:14.317         | Added def: Module_Autogen_3560768743, idx: 25872, total: 4
01:14:14.317         | Added def: Module_Autogen_2638892353, idx: 25873, total: 5
01:14:14.317         | Added def: Module_Autogen_2618331359, idx: 25874, total: 6
01:14:14.317         | Added def: Module_Autogen_2644223169, idx: 25875, total: 7
01:14:14.317         | Added spell def: Spell_AG_DamageToHeal_Kinetic_Autogen_7503
01:14:14.317         | Added spell def: Spell_AG_AimDeath_Autogen_7504
01:14:14.317         | Added def: Module_Autogen_2638892377, idx: 25876, total: 8
01:14:14.317         | Added spell def: Spell_AG_ShieldBlast_Autogen_7505
01:14:14.317         | Added def: Module_Autogen_2610129365, idx: 25877, total: 9
01:14:14.317         | Added def: Module_Autogen_2549174431, idx: 25878, total: 10
01:14:14.317         | Added def: Module_Autogen_3626255066, idx: 25879, total: 11
01:14:14.317         | Added def: Module_Autogen_3540298429, idx: 25880, total: 12
01:14:14.317         | Added def: Module_Autogen_3622330093, idx: 25881, total: 13
01:14:14.317         | Added def: Module_Autogen_4596728949, idx: 25882, total: 14
01:14:14.318         | Added def: Module_Autogen_4592248661, idx: 25883, total: 15
01:14:14.318         | Added spell def: Spell_AG_HullHeal_Autogen_7506
01:14:14.318         | Added def: Module_Autogen_2610129382, idx: 25884, total: 16
01:14:14.318         | Added spell def: Spell_AG_DispersionDec_Autogen_7507
01:14:14.318         | Added def: Module_Autogen_2638892382, idx: 25885, total: 17
01:14:14.318         | Added spell def: Spell_AG_DynamicShield_Autogen_7508
01:14:14.318         | Added spell def: Spell_AG_DamageBonusOnKill_Autogen_7509
01:14:14.318         | Added def: Module_Autogen_2610129366, idx: 25886, total: 18
01:14:14.318         | Added def: Module_Autogen_2610129381, idx: 25887, total: 19
01:14:14.318         | Added spell def: Spell_AG_SecondShield_Autogen_7510
01:14:14.318         | Added spell def: Spell_AG_AimDeath_Autogen_7511
01:14:14.318         | Added def: Module_Autogen_2638892384, idx: 25888, total: 20
01:14:14.318         | Added spell def: Spell_AG_SlowShield_Autogen_7512
01:14:14.318         | Added spell def: Spell_AG_AimDeath_Autogen_7513
01:14:14.318         | Added def: Module_Autogen_4309298711, idx: 25889, total: 21
01:14:14.318         | Added def: Module_Autogen_7743129728, idx: 25922, total: 22
01:14:14.318         | Added def: Module_Autogen_918666258, idx: 25923, total: 23
01:14:14.318         | Added spell def: Spell_AG_StopBarrelRot_Autogen_7525
01:14:14.318         | Added spell def: Spell_AG_SameAttraction_Autogen_7526
01:14:14.318         | Added def: Module_Autogen_1445633289, idx: 25924, total: 24
01:14:14.318         | Added def: Module_Autogen_7719536110, idx: 25925, total: 25
01:14:14.318         | Added spell def: Spell_AG_SpikeShield_Autogen_7527
01:14:14.318         | Added def: Module_Autogen_7846076821, idx: 25926, total: 26
01:14:14.318         | Added spell def: Spell_AG_SetOnEmpFire_Autogen_7528
01:14:14.318         | Added spell def: Spell_AG_Detonate_Autogen_7529
01:14:14.318         | Added def: Module_Autogen_7800241156, idx: 25927, total: 27
01:14:14.318         | Added spell def: Spell_AG_Invulnerability_Autogen_7530
01:14:14.318         | Added spell def: Spell_AG_SlowShield_Autogen_7531
01:14:14.318         | Added def: Module_Autogen_1673618276, idx: 25928, total: 28
01:14:14.318         | Added spell def: Spell_AG_SameAttraction_Autogen_7532
01:14:14.318         | Added spell def: Spell_AG_ResistHullDec_Autogen_7533
01:14:14.318         | Added def: Module_Autogen_7846076824, idx: 25929, total: 29
01:14:14.318         | Added spell def: Spell_AG_DamageBonusOnKill_Autogen_7534
01:14:14.318         | Added spell def: Spell_AG_ShieldHeal_Autogen_7535
01:14:14.318         | Added def: Module_Autogen_7894206713, idx: 25930, total: 30
01:14:14.318         | Added def: Module_Autogen_7795008441, idx: 25931, total: 31
01:14:14.318         | Added spell def: Spell_AG_DispersionDec_Autogen_7536
01:14:14.318         | Added def: Module_Autogen_551933017, idx: 25932, total: 32
01:14:14.318         | Added spell def: Spell_AG_SameAttraction_Autogen_7537
01:14:14.318         | Added def: Module_Autogen_1267337839, idx: 25933, total: 33
01:14:14.318         | Added def: Module_Autogen_7795008435, idx: 25934, total: 34
01:14:14.318         | Added spell def: Spell_AG_SpikeShield_Autogen_7538
01:14:14.318         | Added def: Module_Autogen_7702749624, idx: 25935, total: 35
01:14:14.318         | Added spell def: Spell_AG_ResistShieldDec_Autogen_7539
01:14:14.318         | Added def: Module_Autogen_7719536117, idx: 25936, total: 36
01:14:14.318         | Added spell def: Spell_AG_GravityBomb_Start_Autogen_7540
01:14:14.318         | Added spell def: Spell_AG_SpikeShield_Autogen_7541
01:14:14.318         | Added def: Module_Autogen_7743129718, idx: 25937, total: 37
01:14:14.318         | Added def: Module_Autogen_7881025818, idx: 25938, total: 38
01:14:14.318         | Added def: Module_Autogen_7787736934, idx: 25939, total: 39
01:14:14.318         | Added def: Module_Autogen_6423657363, idx: 25940, total: 40
01:14:14.318         | Added def: Module_Autogen_6344713946, idx: 25941, total: 41
01:14:14.318         | Added def: Module_Autogen_3168224359, idx: 25942, total: 42
01:14:14.318         | Added spell def: Spell_AG_SpawnBonus_Damage_Autogen_7542
01:14:14.318         | Added spell def: Spell_AG_GhostShield_Autogen_7543
01:14:14.318         | Added def: Module_Autogen_6316896191, idx: 25943, total: 43
01:14:14.318         | Added def: Module_Autogen_6338276077, idx: 25944, total: 44
01:14:14.318         | Added def: Module_Autogen_6338781818, idx: 25945, total: 45
01:14:14.319         | Added def: Module_Autogen_6449891924, idx: 25912, total: 46
01:14:14.319         | Added def: Module_Autogen_6179577955, idx: 25910, total: 47
01:14:14.319         | Added def: Module_Autogen_7195594757, idx: 25913, total: 48
01:14:14.319         | Added def: Module_Autogen_7211757427, idx: 25914, total: 49
01:14:14.319         | Added def: Module_Autogen_6206744171, idx: 25911, total: 50
01:14:14.319         | Added def: Module_Autogen_2565035081, idx: 25916, total: 51
01:14:14.319         | Added def: Module_Autogen_7441193420, idx: 25917, total: 52
01:14:14.319         | Added def: Module_Autogen_7523000078, idx: 25918, total: 53
01:14:14.319         | Added def: Module_Autogen_2306198940, idx: 25915, total: 54
01:14:14.319         | Added def: Module_Autogen_7861432956, idx: 25900, total: 55
01:14:14.319         | Added def: Module_Autogen_7918051391, idx: 25902, total: 56
01:14:14.319         | Added def: Module_Autogen_7919523279, idx: 25903, total: 57
01:14:14.319         | Added def: Module_Autogen_7945735052, idx: 25904, total: 58
01:14:14.319         | Added def: Module_Autogen_7869539925, idx: 25901, total: 59
01:14:14.319         | Added spell def: Spell_AG_StopBarrelRot_Autogen_7518
01:14:14.319         | Added def: Module_Autogen_7336795147, idx: 25906, total: 60
01:14:14.319         | Added spell def: Spell_AG_GravityBomb_Start_Autogen_7521
01:14:14.319         | Added def: Module_Autogen_7732853892, idx: 25909, total: 61
01:14:14.319         | Added spell def: Spell_AG_ShieldBlast_Autogen_7524
01:14:14.319         | Added def: Module_Autogen_6532174248, idx: 25905, total: 62
01:14:14.319         | Added spell def: Spell_AG_DamageToHeal_Thermal_Autogen_7519
01:14:14.319         | Added spell def: Spell_AG_BreakWeapon_Autogen_7520
01:14:14.319         | Added def: Module_Autogen_7675962481, idx: 25908, total: 63
01:14:14.319         | Added spell def: Spell_AG_HealBonusOnKill_Autogen_7523
01:14:14.319         | Added def: Module_Autogen_7573783167, idx: 25907, total: 64
01:14:14.319         | Added spell def: Spell_AG_GhostShield_Autogen_7522
01:14:14.319         | Added def: Module_Autogen_6359450560, idx: 25899, total: 65
01:14:14.319         | Added def: Module_Autogen_4946001249, idx: 25897, total: 66
01:14:14.319         | Added def: Module_Autogen_5029027955, idx: 25898, total: 67
01:14:14.319         | Added def: Module_Autogen_3955552247, idx: 25896, total: 68
01:14:14.319         | Added def: Module_Autogen_3414660250, idx: 25895, total: 69
01:14:14.319         | Added def: Module_Autogen_7560666815, idx: 25893, total: 70
01:14:14.319         | Added def: Module_Autogen_7615620428, idx: 25894, total: 71
01:14:14.319         | Added def: Module_Autogen_6075305121, idx: 25892, total: 72
01:14:14.319         | Added spell def: Spell_AG_DamageToHeal_Kinetic_Autogen_7516
01:14:14.319         | Added spell def: Spell_AG_Detonate_Autogen_7517
01:14:14.319         | Added def: Module_Autogen_5845750734, idx: 25891, total: 73
01:14:14.319         | Added spell def: Spell_AG_Impulse_Autogen_7514
01:14:14.319         | Added spell def: Spell_AG_DamageBonusOnKill_Autogen_7515
01:14:14.319         | Added def: Module_Autogen_3056431584, idx: 25890, total: 74
01:14:14.356  WARNING| Async queue overflow
01:14:14.394         | Resume async queue pushing
01:14:14.398         | client: ADD_PLAYER 0 (HypnoToad9 [AS], 2689175) status 4 team 1
01:14:14.398         | client: ADD_PLAYER 1 (werpess [BECHA], 2605184) status 4 team 2
01:14:14.398         | client: ADD_PLAYER 2 (IMPERATOR1 [Wolfe], 802565) status 4 team 1
01:14:14.398         | client: ADD_PLAYER 3 (unt1mo, 3633347) status 4 team 2
01:14:14.398         | client: ADD_PLAYER 4 (Mo4e3aBp [LuX], 2516405) status 2 team 1 group 5588080
01:14:14.398         | client: ADD_PLAYER 5 (VujuK [ZetPL], 1679837) status 6 team 2 group 5588071
01:14:14.398         | client: ADD_PLAYER 6 (3JIEKTPOTATAP [LuX], 1000550) status 2 team 1 group 5588080
01:14:14.399         | client: ADD_PLAYER 7 (doro [ZetPL], 749445) status 2 team 2 group 5588071
01:14:14.399         | client: ADD_PLAYER 54 (StorchStrolch, 0) status 4 team 1
01:14:14.399         | client: ADD_PLAYER 55 (Pepel5, 0) status 4 team 2
01:14:14.399         | client: ADD_PLAYER 56 (CommanderKruge, 0) status 4 team 1
01:14:14.399         | client: ADD_PLAYER 57 (CandyStalin, 0) status 4 team 2
01:14:14.399         | client: ADD_PLAYER 58 (DrazuulD, 0) status 4 team 1
01:14:14.399         | client: ADD_PLAYER 59 (nekto163, 0) status 4 team 2
01:14:14.399         | client: ADD_PLAYER 60 (VAnnO, 0) status 4 team 1
01:14:14.399         | client: ADD_PLAYER 61 (StratuS, 0) status 4 team 2
01:14:14.423         | client: player 60 leave game
01:14:14.427         | client: ADD_PLAYER 4 (Mo4e3aBp [LuX], 2516405) status 4 team 1 group 5588080
01:14:14.427  WARNING| client: removing entity netId 720 but it doesn't exist (def 'SpellAuraEntity')
01:14:14.435         | client: got init message (and 1st snapshot). ping 2
01:14:15.468         | ====== level started:  'levels\area4\captain_kidds_berth' success ======
01:14:15.468  WARNING| Client: received Entity sync notification #1 for entity with netId 786, but entity doesn't exist(def 'Projectile_MacheteSmartRL2')
01:14:15.471  WARNING| Client: received Entity sync notification #1 for entity with netId 819, but entity doesn't exist(def 'Projectile_MacheteSmartRL2')
01:14:16.120  WARNING| Client: received Entity sync notification #1 for entity with netId 853, but entity doesn't exist(def 'Projectile_MacheteSmartRL2')
01:14:16.513  WARNING| script (ui\scripts\work\uigamefuncs.lua@0): UI:GetDef()[ERROR]: cannot find def for 'n/a'
01:14:16.513  WARNING| script (ui\scripts\work\uigamefuncs.lua@0): UI:GetEntityLocalizedNameByDef()[ERROR]: cannot find def "n/a"
01:14:16.513         | client: player 61 leave game
01:14:16.519         | client: ADD_PLAYER 7 (doro [ZetPL], 749445) status 4 team 2 group 5588071
01:14:16.842  WARNING| Client: received Entity sync notification #1 for entity with netId 878, but entity doesn't exist(def 'Projectile_MacheteSmartRL2')
01:14:17.405         | client: player 58 leave game
01:14:17.412         | client: ADD_PLAYER 5 (VujuK [ZetPL], 1679837) status 4 team 2 group 5588071
01:14:24.598  WARNING| Client: received Entity sync notification #1 for entity with netId 1062, but entity doesn't exist(def 'Projectile_MacheteSmartRL2')
01:14:24.933         | client: player 59 leave game
01:14:24.940         | client: ADD_PLAYER 6 (3JIEKTPOTATAP [LuX], 1000550) status 4 team 1 group 5588080
01:14:26.348         | Environment setting 'factory_pirate_dreamland' loaded
01:14:28.711  WARNING| m_bufferizedUICalls delivery took 5.9 ms
01:14:32.790  WARNING| Client: received Entity sync notification #1 for entity with netId 1360, but entity doesn't exist(def 'Projectile_MacheteSmartRL2')
01:14:37.564  WARNING| Client: received Entity sync notification #1 for entity with netId 1489, but entity doesn't exist(def 'Projectile_MacheteSmartRL2')
01:14:38.294  WARNING| Client: received Entity sync notification #1 for entity with netId 1519, but entity doesn't exist(def 'Projectile_MacheteSmartRL2')
01:14:39.019  WARNING| Client: received Entity sync notification #1 for entity with netId 1546, but entity doesn't exist(def 'Projectile_MacheteSmartRL2')
01:14:39.755  WARNING| Client: received Entity sync notification #1 for entity with netId 1573, but entity doesn't exist(def 'Projectile_MacheteSmartRL2')
01:14:41.317  WARNING| Client: received Entity sync notification #1 for entity with netId 1636, but entity doesn't exist(def 'Projectile_MacheteSmartRL2')
01:14:42.043  WARNING| Client: received Entity sync notification #1 for entity with netId 1665, but entity doesn't exist(def 'Projectile_MacheteSmartRL2')
01:14:42.771  WARNING| Client: received Entity sync notification #1 for entity with netId 1702, but entity doesn't exist(def 'Projectile_MacheteSmartRL2')
01:14:43.054  WARNING| Client: received Entity sync notification #0 for entity with netId 1714, but entity doesn't exist(def 'Projectile_Sparks_Cannon_T5_Rel')
01:14:43.501  WARNING| Client: received Entity sync notification #1 for entity with netId 1743, but entity doesn't exist(def 'Projectile_MacheteSmartRL2')
01:14:48.788  WARNING| client: removing entity netId 2133 but it doesn't exist (def 'SpellAuraEntity')
01:14:48.788  WARNING| client: removing entity netId 2135 but it doesn't exist (def 'SpellAuraEntity')
01:15:28.531  WARNING| client: removing entity netId 4392 but it doesn't exist (def 'Bonus_GreenEngineerScrap')
01:15:30.858         | Environment setting 'factory_pirate_dreamland' loaded
01:15:33.464  WARNING| client: removing entity netId 4746 but it doesn't exist (def 'SpellAuraEntity')
01:15:34.030  WARNING| Client: received Entity sync notification #1 for entity with netId 4848, but entity doesn't exist(def 'Projectile_MacheteSmartRL2')
01:15:34.763  WARNING| Client: received Entity sync notification #1 for entity with netId 4947, but entity doesn't exist(def 'Projectile_MacheteSmartRL2')
01:15:35.497  WARNING| Client: received Entity sync notification #1 for entity with netId 5026, but entity doesn't exist(def 'Projectile_MacheteSmartRL2')
01:15:36.228  WARNING| Client: received Entity sync notification #1 for entity with netId 5089, but entity doesn't exist(def 'Projectile_MacheteSmartRL2')
01:15:36.958  WARNING| Client: received Entity sync notification #1 for entity with netId 5155, but entity doesn't exist(def 'Projectile_MacheteSmartRL2')
01:15:37.685  WARNING| Client: received Entity sync notification #1 for entity with netId 5210, but entity doesn't exist(def 'Projectile_MacheteSmartRL2')
01:15:38.417  WARNING| Client: received Entity sync notification #1 for entity with netId 5293, but entity doesn't exist(def 'Projectile_MacheteSmartRL2')
01:15:39.154  WARNING| Client: received Entity sync notification #1 for entity with netId 5392, but entity doesn't exist(def 'Projectile_MacheteSmartRL2')
01:15:39.325  WARNING| client: removing entity netId 5407 but it doesn't exist (def 'Bonus_GreenEngineerScrap')
01:15:39.874  WARNING| Client: received Entity sync notification #1 for entity with netId 5486, but entity doesn't exist(def 'Projectile_MacheteSmartRL2')
01:15:40.608  WARNING| Client: received Entity sync notification #1 for entity with netId 5567, but entity doesn't exist(def 'Projectile_MacheteSmartRL2')
01:15:41.330  WARNING| Client: received Entity sync notification #1 for entity with netId 5627, but entity doesn't exist(def 'Projectile_MacheteSmartRL2')
01:15:41.443    ERROR| Material 'Materials.Paper' has no effect 'Ice_hit'
01:15:41.498    ERROR| Material 'Materials.Paper' has no effect 'Ice_hit'
01:15:41.503    ERROR| Material 'Materials.Paper' has no effect 'Ice_hit'
01:15:41.503    ERROR| Material 'Materials.Paper' has no effect 'Ice_hit'
01:15:41.503    ERROR| Material 'Materials.Paper' has no effect 'Ice_hit'
01:15:41.503    ERROR| Material 'Materials.Paper' has no effect 'Ice_hit'
01:15:41.503    ERROR| Material 'Materials.Paper' has no effect 'Ice_hit'
01:15:41.836    ERROR| Material 'Materials.Paper' has no effect 'Ice_hit'
01:15:41.836    ERROR| Material 'Materials.Paper' has no effect 'Ice_hit'
01:15:41.836    ERROR| Material 'Materials.Paper' has no effect 'Ice_hit'
01:15:41.836    ERROR| Material 'Materials.Paper' has no effect 'Ice_hit'
01:15:41.836    ERROR| Material 'Materials.Paper' has no effect 'Ice_hit'
01:15:41.836    ERROR| Material 'Materials.Paper' has no effect 'Ice_hit'
01:15:41.836    ERROR| Material 'Materials.Paper' has no effect 'Ice_hit'
01:15:42.066  WARNING| Client: received Entity sync notification #1 for entity with netId 5672, but entity doesn't exist(def 'Projectile_MacheteSmartRL2')
01:15:52.558  WARNING| Client: received Entity sync notification #1 for entity with netId 6162, but entity doesn't exist(def 'Projectile_MacheteSmartRL2')
01:15:53.283  WARNING| Client: received Entity sync notification #1 for entity with netId 6189, but entity doesn't exist(def 'Projectile_MacheteSmartRL2')
01:15:54.013  WARNING| Client: received Entity sync notification #1 for entity with netId 6220, but entity doesn't exist(def 'Projectile_MacheteSmartRL2')
01:15:54.744  WARNING| Client: received Entity sync notification #1 for entity with netId 6250, but entity doesn't exist(def 'Projectile_MacheteSmartRL2')
01:15:55.479  WARNING| Client: received Entity sync notification #1 for entity with netId 6292, but entity doesn't exist(def 'Projectile_MacheteSmartRL2')
01:15:55.585  WARNING| client: removing entity netId 6295 but it doesn't exist (def 'SpellAuraEntity')
01:15:55.585  WARNING| client: removing entity netId 6296 but it doesn't exist (def 'SpellAuraEntity')
01:15:55.585  WARNING| client: removing entity netId 6297 but it doesn't exist (def 'SpellAuraEntity')
01:15:56.205  WARNING| Client: received Entity sync notification #1 for entity with netId 6333, but entity doesn't exist(def 'Projectile_MacheteSmartRL2')
01:15:56.704  WARNING| client: removing entity netId 6347 but it doesn't exist (def 'SpellAuraEntity')
01:15:56.704  WARNING| client: removing entity netId 6348 but it doesn't exist (def 'SpellAuraEntity')
01:15:56.704  WARNING| client: removing entity netId 6349 but it doesn't exist (def 'SpellAuraEntity')
01:15:56.931  WARNING| Client: received Entity sync notification #1 for entity with netId 6358, but entity doesn't exist(def 'Projectile_MacheteSmartRL2')
01:15:57.665  WARNING| Client: received Entity sync notification #1 for entity with netId 6381, but entity doesn't exist(def 'Projectile_MacheteSmartRL2')
01:15:58.393  WARNING| Client: received Entity sync notification #1 for entity with netId 6429, but entity doesn't exist(def 'Projectile_MacheteSmartRL2')
01:15:58.841  WARNING| client: removing entity netId 6448 but it doesn't exist (def 'SpellAuraEntity')
01:15:58.841  WARNING| client: removing entity netId 6449 but it doesn't exist (def 'SpellAuraEntity')
01:15:58.841  WARNING| client: removing entity netId 6450 but it doesn't exist (def 'SpellAuraEntity')
01:15:59.124  WARNING| Client: received Entity sync notification #1 for entity with netId 6467, but entity doesn't exist(def 'Projectile_MacheteSmartRL2')
01:15:59.853  WARNING| client: removing entity netId 6507 but it doesn't exist (def 'SpellAuraEntity')
01:15:59.853  WARNING| client: removing entity netId 6508 but it doesn't exist (def 'SpellAuraEntity')
01:15:59.853  WARNING| client: removing entity netId 6509 but it doesn't exist (def 'SpellAuraEntity')
01:15:59.853  WARNING| Client: received Entity sync notification #1 for entity with netId 6514, but entity doesn't exist(def 'Projectile_MacheteSmartRL2')
01:16:02.378  WARNING| Client: received Entity sync notification #1 for entity with netId 6716, but entity doesn't exist(def 'Projectile_MacheteSmartRL2')
01:16:03.108  WARNING| Client: received Entity sync notification #1 for entity with netId 6749, but entity doesn't exist(def 'Projectile_MacheteSmartRL2')
01:16:03.835  WARNING| Client: received Entity sync notification #1 for entity with netId 6785, but entity doesn't exist(def 'Projectile_MacheteSmartRL2')
01:16:05.016  WARNING| Client: received Entity sync notification #0 for entity with netId 6831, but entity doesn't exist(def 'Projectile_MirvRocket1')
01:16:05.016  WARNING| Client: received Entity sync notification #0 for entity with netId 6826, but entity doesn't exist(def 'Projectile_MirvRocket1')
01:16:05.016  WARNING| Client: received Entity sync notification #0 for entity with netId 6827, but entity doesn't exist(def 'Projectile_MirvRocket1')
01:16:05.016  WARNING| Client: received Entity sync notification #0 for entity with netId 6828, but entity doesn't exist(def 'Projectile_MirvRocket1')
01:16:07.931  WARNING| client: removing entity netId 6940 but it doesn't exist (def 'SpellAuraEntity')
01:16:07.931  WARNING| client: removing entity netId 6941 but it doesn't exist (def 'SpellAuraEntity')
01:16:07.931  WARNING| client: removing entity netId 6942 but it doesn't exist (def 'SpellAuraEntity')
01:16:08.826  WARNING| client: removing entity netId 6982 but it doesn't exist (def 'SpellAuraEntity')
01:16:08.826  WARNING| client: removing entity netId 6983 but it doesn't exist (def 'SpellAuraEntity')
01:16:08.826  WARNING| client: removing entity netId 6984 but it doesn't exist (def 'SpellAuraEntity')
01:16:09.052  WARNING| client: removing entity netId 6993 but it doesn't exist (def 'SpellAuraEntity')
01:16:09.052  WARNING| client: removing entity netId 6994 but it doesn't exist (def 'SpellAuraEntity')
01:16:09.052  WARNING| client: removing entity netId 6995 but it doesn't exist (def 'SpellAuraEntity')
01:16:09.392  WARNING| client: removing entity netId 7008 but it doesn't exist (def 'SpellAuraEntity')
01:16:09.392  WARNING| client: removing entity netId 7009 but it doesn't exist (def 'SpellAuraEntity')
01:16:09.392  WARNING| client: removing entity netId 7010 but it doesn't exist (def 'SpellAuraEntity')
01:16:09.950  WARNING| client: removing entity netId 7038 but it doesn't exist (def 'SpellAuraEntity')
01:16:09.950  WARNING| client: removing entity netId 7039 but it doesn't exist (def 'SpellAuraEntity')
01:16:09.950  WARNING| client: removing entity netId 7040 but it doesn't exist (def 'SpellAuraEntity')
01:16:10.623  WARNING| client: removing entity netId 7065 but it doesn't exist (def 'SpellAuraEntity')
01:16:10.623  WARNING| client: removing entity netId 7066 but it doesn't exist (def 'SpellAuraEntity')
01:16:10.623  WARNING| client: removing entity netId 7067 but it doesn't exist (def 'SpellAuraEntity')
01:16:15.338  WARNING| client: removing entity netId 7263 but it doesn't exist (def 'Bonus_GreenEngineerScrap')
01:16:16.231  WARNING| Client: received Entity sync notification #8 for entity with netId 7306, but entity doesn't exist(def 'Projectile_CarolCannon')
01:16:16.231  WARNING| Client: received Entity sync notification #0 for entity with netId 7306, but entity doesn't exist(def 'Projectile_CarolCannon')
01:16:22.466  WARNING| script (ui\scripts\windows\hudincomingstates.lua@0): UI.HudIncomingStates:TryAddAuraRecord()[ERROR]: invalid type of the "isBuff" for spell Spell_AtlantaCPU_emp auraIdx 0; "boolean" expected, got "nil"
01:16:25.554  WARNING| Client: received Entity sync notification #0 for entity with netId 7712, but entity doesn't exist(def 'Projectile_Sparks_Cannon_T5_Rel')
01:16:26.115  WARNING| Client: received Entity sync notification #0 for entity with netId 7733, but entity doesn't exist(def 'Projectile_Sparks_Cannon_T5_Rel')
01:16:29.035  WARNING| Client: received Entity sync notification #1 for entity with netId 7890, but entity doesn't exist(def 'Projectile_MacheteSmartRL2')
01:16:29.771  WARNING| Client: received Entity sync notification #1 for entity with netId 7943, but entity doesn't exist(def 'Projectile_MacheteSmartRL2')
01:16:31.397  WARNING| Client: received Entity sync notification #1 for entity with netId 8019, but entity doesn't exist(def 'Projectile_MacheteSmartRL2')
01:16:32.125  WARNING| Client: received Entity sync notification #1 for entity with netId 8062, but entity doesn't exist(def 'Projectile_MacheteSmartRL2')
01:16:32.858  WARNING| Client: received Entity sync notification #1 for entity with netId 8126, but entity doesn't exist(def 'Projectile_MacheteSmartRL2')
01:16:33.591  WARNING| Client: received Entity sync notification #1 for entity with netId 8187, but entity doesn't exist(def 'Projectile_MacheteSmartRL2')
01:16:34.149  WARNING| script (ui\scripts\windows\hudauraswnd.lua@0): UI.HudAuras_SlotWnd:UpdateIco()[ERROR]: cannot find _G.Spell["HullResistAoeHeal"].ui_ico
01:16:34.149  WARNING| script (ui\scripts\windows\hudauraswnd.lua@0): UI.HudAuras_SlotWnd:UpdateIco()[ERROR]: cannot find _G.Spell["HullResistAoeHeal"].ui_ico
01:16:34.149  WARNING| script (ui\scripts\windows\hudauraswnd.lua@0): UI.HudAuras_SlotWnd:UpdateIco()[ERROR]: cannot find _G.Spell["HullResistAoeHeal"].ui_ico
01:16:34.151  WARNING| script (ui\scripts\windows\hudauraswnd.lua@0): UI.HudAuras_SlotWnd:UpdateIco()[ERROR]: cannot find _G.Spell["HullResistAoeHeal"].ui_ico
01:16:34.151  WARNING| script (ui\scripts\windows\hudauraswnd.lua@0): UI.HudAuras_SlotWnd:UpdateIco()[ERROR]: cannot find _G.Spell["HullResistAoeHeal"].ui_ico
01:16:34.317  WARNING| Client: received Entity sync notification #1 for entity with netId 8293, but entity doesn't exist(def 'Projectile_MacheteSmartRL2')
01:16:34.994  WARNING| script (ui\scripts\windows\hudauraswnd.lua@0): UI.HudAuras_SlotWnd:UpdateIco()[ERROR]: cannot find _G.Spell["HullResistAoeHeal"].ui_ico
01:16:34.996  WARNING| script (ui\scripts\windows\hudauraswnd.lua@0): UI.HudAuras_SlotWnd:UpdateIco()[ERROR]: cannot find _G.Spell["HullResistAoeHeal"].ui_ico
01:16:34.996  WARNING| Client: received Entity sync notification #0 for entity with netId 8348, but entity doesn't exist(def 'Projectile_Sparks_Cannon_T5_Rel')
01:16:35.051  WARNING| script (ui\scripts\windows\hudauraswnd.lua@0): UI.HudAuras_SlotWnd:UpdateIco()[ERROR]: cannot find _G.Spell["HullResistAoeHeal"].ui_ico
01:16:35.052  WARNING| script (ui\scripts\windows\hudauraswnd.lua@0): UI.HudAuras_SlotWnd:UpdateIco()[ERROR]: cannot find _G.Spell["HullResistAoeHeal"].ui_ico
01:16:35.053  WARNING| script (ui\scripts\windows\hudauraswnd.lua@0): UI.HudAuras_SlotWnd:UpdateIco()[ERROR]: cannot find _G.Spell["HullResistAoeHeal"].ui_ico
01:16:35.055  WARNING| script (ui\scripts\windows\hudauraswnd.lua@0): UI.HudAuras_SlotWnd:UpdateIco()[ERROR]: cannot find _G.Spell["HullResistAoeHeal"].ui_ico
01:16:35.281  WARNING| Client: received Entity sync notification #1 for entity with netId 8383, but entity doesn't exist(def 'Projectile_MacheteSmartRL2')
01:16:36.003  WARNING| Client: received Entity sync notification #1 for entity with netId 8450, but entity doesn't exist(def 'Projectile_MacheteSmartRL2')
01:16:46.387  WARNING| Client: received Entity sync notification #1 for entity with netId 9176, but entity doesn't exist(def 'Projectile_MacheteSmartRL2')
01:16:47.119  WARNING| Client: received Entity sync notification #1 for entity with netId 9232, but entity doesn't exist(def 'Projectile_MacheteSmartRL2')
01:16:47.736  WARNING| client: removing entity netId 9277 but it doesn't exist (def 'SpellAuraEntity')
01:16:49.364  WARNING| client: removing entity netId 9388 but it doesn't exist (def 'SpellAuraEntity')
01:16:51.946  WARNING| Client: received Entity sync notification #1 for entity with netId 9552, but entity doesn't exist(def 'Projectile_MacheteSmartRL2')
01:16:52.676  WARNING| Client: received Entity sync notification #1 for entity with netId 9635, but entity doesn't exist(def 'Projectile_MacheteSmartRL2')
01:16:53.406  WARNING| Client: received Entity sync notification #1 for entity with netId 9688, but entity doesn't exist(def 'Projectile_MacheteSmartRL2')
01:16:54.138  WARNING| Client: received Entity sync notification #1 for entity with netId 9746, but entity doesn't exist(def 'Projectile_MacheteSmartRL2')
01:16:54.868  WARNING| Client: received Entity sync notification #1 for entity with netId 9791, but entity doesn't exist(def 'Projectile_MacheteSmartRL2')
01:16:55.597  WARNING| Client: received Entity sync notification #1 for entity with netId 9812, but entity doesn't exist(def 'Projectile_MacheteSmartRL2')
01:16:56.331  WARNING| Client: received Entity sync notification #1 for entity with netId 9838, but entity doesn't exist(def 'Projectile_MacheteSmartRL2')
01:16:57.059  WARNING| Client: received Entity sync notification #1 for entity with netId 9866, but entity doesn't exist(def 'Projectile_MacheteSmartRL2')
01:16:58.518  WARNING| Client: received Entity sync notification #1 for entity with netId 9914, but entity doesn't exist(def 'Projectile_MacheteSmartRL2')
01:16:58.725  WARNING| m_bufferizedUICalls delivery took 5.2 ms
01:16:59.976  WARNING| Client: received Entity sync notification #1 for entity with netId 9964, but entity doesn't exist(def 'Projectile_MacheteSmartRL2')
01:17:00.700  WARNING| Client: received Entity sync notification #1 for entity with netId 10003, but entity doesn't exist(def 'Projectile_MacheteSmartRL2')
01:17:01.718  WARNING| Client: received Entity sync notification #1 for entity with netId 10041, but entity doesn't exist(def 'Projectile_MacheteSmartRL2')
01:17:02.443  WARNING| Client: received Entity sync notification #1 for entity with netId 10063, but entity doesn't exist(def 'Projectile_MacheteSmartRL2')
01:17:03.173  WARNING| Client: received Entity sync notification #1 for entity with netId 10096, but entity doesn't exist(def 'Projectile_MacheteSmartRL2')
01:17:04.153         | Environment setting 'factory_pirate_dreamland' loaded
01:17:06.770  WARNING| Client: received Entity sync notification #1 for entity with netId 10227, but entity doesn't exist(def 'Projectile_MacheteSmartRL2')
01:17:07.497  WARNING| Client: received Entity sync notification #1 for entity with netId 10248, but entity doesn't exist(def 'Projectile_MacheteSmartRL2')
01:17:08.223  WARNING| Client: received Entity sync notification #1 for entity with netId 10279, but entity doesn't exist(def 'Projectile_MacheteSmartRL2')
01:17:08.959  WARNING| Client: received Entity sync notification #1 for entity with netId 10294, but entity doesn't exist(def 'Projectile_MacheteSmartRL2')
01:17:09.684  WARNING| Client: received Entity sync notification #1 for entity with netId 10313, but entity doesn't exist(def 'Projectile_MacheteSmartRL2')
01:17:10.415  WARNING| Client: received Entity sync notification #1 for entity with netId 10329, but entity doesn't exist(def 'Projectile_MacheteSmartRL2')
01:17:11.144  WARNING| Client: received Entity sync notification #1 for entity with netId 10352, but entity doesn't exist(def 'Projectile_MacheteSmartRL2')
01:17:11.867  WARNING| Client: received Entity sync notification #1 for entity with netId 10367, but entity doesn't exist(def 'Projectile_MacheteSmartRL2')
01:17:12.597  WARNING| Client: received Entity sync notification #1 for entity with netId 10389, but entity doesn't exist(def 'Projectile_MacheteSmartRL2')
01:17:13.331  WARNING| Client: received Entity sync notification #1 for entity with netId 10410, but entity doesn't exist(def 'Projectile_MacheteSmartRL2')
01:17:14.062  WARNING| Client: received Entity sync notification #1 for entity with netId 10426, but entity doesn't exist(def 'Projectile_MacheteSmartRL2')
01:17:14.798  WARNING| Client: received Entity sync notification #1 for entity with netId 10451, but entity doesn't exist(def 'Projectile_MacheteSmartRL2')
01:17:15.518  WARNING| Client: received Entity sync notification #1 for entity with netId 10475, but entity doesn't exist(def 'Projectile_MacheteSmartRL2')
01:17:16.252  WARNING| Client: received Entity sync notification #1 for entity with netId 10498, but entity doesn't exist(def 'Projectile_MacheteSmartRL2')
01:17:16.987  WARNING| Client: received Entity sync notification #1 for entity with netId 10531, but entity doesn't exist(def 'Projectile_MacheteSmartRL2')
01:17:21.694  WARNING| client: removing entity netId 10676 but it doesn't exist (def 'SpellAuraEntity')
01:17:27.921  WARNING| client: removing entity netId 10886 but it doesn't exist (def 'SpellAuraEntity')
01:17:31.119  WARNING| Client: received Entity sync notification #0 for entity with netId 11142, but entity doesn't exist(def 'Projectile_Sparks_Cannon_T5_Rel')
01:17:36.729  WARNING| client: removing entity netId 11352 but it doesn't exist (def 'SpellAuraEntity')
01:17:47.791  WARNING| client: removing entity netId 11512 but it doesn't exist (def 'SpellAuraEntity')
01:17:58.732  WARNING| m_bufferizedUICalls delivery took 6.0 ms
01:18:38.359  WARNING| Client: received Entity sync notification #0 for entity with netId 12492, but entity doesn't exist(def 'Projectile_Sparks_Cannon_T5_Rel')
01:18:38.637  WARNING| client: removing entity netId 12519 but it doesn't exist (def 'SpellAuraEntity')
01:18:49.559  WARNING| Client: received Entity sync notification #1 for entity with netId 13292, but entity doesn't exist(def 'Projectile_MacheteSmartRL2')
01:18:50.288  WARNING| Client: received Entity sync notification #1 for entity with netId 13322, but entity doesn't exist(def 'Projectile_MacheteSmartRL2')
01:18:51.015  WARNING| Client: received Entity sync notification #1 for entity with netId 13353, but entity doesn't exist(def 'Projectile_MacheteSmartRL2')
01:18:51.741  WARNING| Client: received Entity sync notification #1 for entity with netId 13382, but entity doesn't exist(def 'Projectile_MacheteSmartRL2')
01:18:52.464  WARNING| Client: received Entity sync notification #1 for entity with netId 13412, but entity doesn't exist(def 'Projectile_MacheteSmartRL2')
01:18:53.197  WARNING| Client: received Entity sync notification #1 for entity with netId 13433, but entity doesn't exist(def 'Projectile_MacheteSmartRL2')
01:18:53.929  WARNING| Client: received Entity sync notification #1 for entity with netId 13454, but entity doesn't exist(def 'Projectile_MacheteSmartRL2')
01:18:54.661  WARNING| Client: received Entity sync notification #1 for entity with netId 13494, but entity doesn't exist(def 'Projectile_MacheteSmartRL2')
01:18:55.164  WARNING| client: removing entity netId 13515 but it doesn't exist (def 'SpellAuraEntity')
01:18:55.391  WARNING| Client: received Entity sync notification #1 for entity with netId 13533, but entity doesn't exist(def 'Projectile_MacheteSmartRL2')
01:18:57.025  WARNING| Client: received Entity sync notification #1 for entity with netId 13565, but entity doesn't exist(def 'Projectile_MacheteSmartRL2')
01:18:57.750  WARNING| Client: received Entity sync notification #1 for entity with netId 13566, but entity doesn't exist(def 'Projectile_MacheteSmartRL2')
01:18:58.477  WARNING| Client: received Entity sync notification #1 for entity with netId 13570, but entity doesn't exist(def 'Projectile_MacheteSmartRL2')
01:18:58.867  WARNING| client: removing entity netId 13576 but it doesn't exist (def 'SpellAuraEntity')
01:18:59.204  WARNING| Client: received Entity sync notification #1 for entity with netId 13581, but entity doesn't exist(def 'Projectile_MacheteSmartRL2')
01:18:59.937  WARNING| Client: received Entity sync notification #1 for entity with netId 13596, but entity doesn't exist(def 'Projectile_MacheteSmartRL2')
01:19:00.666  WARNING| Client: received Entity sync notification #1 for entity with netId 13606, but entity doesn't exist(def 'Projectile_MacheteSmartRL2')
01:19:01.392  WARNING| Client: received Entity sync notification #1 for entity with netId 13622, but entity doesn't exist(def 'Projectile_MacheteSmartRL2')
01:19:02.122  WARNING| Client: received Entity sync notification #1 for entity with netId 13636, but entity doesn't exist(def 'Projectile_MacheteSmartRL2')
01:19:02.855  WARNING| Client: received Entity sync notification #1 for entity with netId 13644, but entity doesn't exist(def 'Projectile_MacheteSmartRL2')
01:19:10.143  WARNING| Client: received Entity sync notification #1 for entity with netId 13828, but entity doesn't exist(def 'Projectile_MacheteSmartRL2')
01:19:10.370  WARNING| client: removing entity netId 13847 but it doesn't exist (def 'SpellAuraEntity')
01:19:10.879  WARNING| Client: received Entity sync notification #1 for entity with netId 13867, but entity doesn't exist(def 'Projectile_MacheteSmartRL2')
01:19:15.143         | SpiralCrash: Module_VesselSwitch_Albiero, Player "Mo4e3aBp" with index 4 activates undocking
01:19:15.200  WARNING| Spell_VesselSwitch_Albiero: aura_param or aura_range is growing up but aura never ends
01:19:18.794         | SpiralCrash: Module_VesselSwitch_Albiero, Player "Mo4e3aBp" with index 4 switched from BIG to small ship
01:19:29.736  WARNING| Client: received Entity sync notification #0 for entity with netId 14564, but entity doesn't exist(def 'Projectile_Sparks_Cannon_T5_Rel')
01:19:30.408  WARNING| Client: received Entity sync notification #0 for entity with netId 14602, but entity doesn't exist(def 'Projectile_Sparks_Cannon_T5_Rel')
01:19:30.972  WARNING| Client: received Entity sync notification #0 for entity with netId 14627, but entity doesn't exist(def 'Projectile_Sparks_Cannon_T5_Rel')
01:19:31.645  WARNING| Client: received Entity sync notification #0 for entity with netId 14655, but entity doesn't exist(def 'Projectile_Sparks_Cannon_T5_Rel')
01:19:32.205  WARNING| Client: received Entity sync notification #0 for entity with netId 14680, but entity doesn't exist(def 'Projectile_Sparks_Cannon_T5_Rel')
01:19:48.164  WARNING| Client: received Entity sync notification #1 for entity with netId 15727, but entity doesn't exist(def 'Projectile_MacheteSmartRL2')
01:19:48.898  WARNING| Client: received Entity sync notification #1 for entity with netId 15766, but entity doesn't exist(def 'Projectile_MacheteSmartRL2')
01:19:51.751  WARNING| Client: received Entity sync notification #0 for entity with netId 15956, but entity doesn't exist(def 'Projectile_Sparks_Cannon_T5_Rel')
01:19:52.310  WARNING| Client: received Entity sync notification #0 for entity with netId 16003, but entity doesn't exist(def 'Projectile_Sparks_Cannon_T5_Rel')
01:19:57.873  WARNING| Client: received Entity sync notification #1 for entity with netId 16448, but entity doesn't exist(def 'Projectile_MacheteSmartRL2')
01:19:58.601  WARNING| Client: received Entity sync notification #1 for entity with netId 16508, but entity doesn't exist(def 'Projectile_MacheteSmartRL2')
01:19:59.337  WARNING| Client: received Entity sync notification #1 for entity with netId 16573, but entity doesn't exist(def 'Projectile_MacheteSmartRL2')
01:20:00.062  WARNING| Client: received Entity sync notification #1 for entity with netId 16627, but entity doesn't exist(def 'Projectile_MacheteSmartRL2')
01:20:00.117         | SpiralCrash: Module_VesselSwitchBack_Albiero, Player "Mo4e3aBp" with index 4 switched from small to BIG ship
01:20:02.587  WARNING| client: removing entity netId 16806 but it doesn't exist (def 'SpellAuraEntity')
01:20:12.279  WARNING| Client: received Entity sync notification #1 for entity with netId 17006, but entity doesn't exist(def 'Projectile_MacheteSmartRL2')
01:20:13.015  WARNING| Client: received Entity sync notification #1 for entity with netId 17020, but entity doesn't exist(def 'Projectile_MacheteSmartRL2')
01:20:20.530  WARNING| client: removing entity netId 17166 but it doesn't exist (def 'SpellAuraEntity')
01:20:29.570  WARNING| Client: received Entity sync notification #1 for entity with netId 17379, but entity doesn't exist(def 'Projectile_MacheteSmartRL2')
01:20:31.025  WARNING| Client: received Entity sync notification #10 for entity with netId 17444, but entity doesn't exist(def 'Projectile_CrystallSparks')
01:20:31.249  WARNING| Client: received Entity sync notification #10 for entity with netId 17453, but entity doesn't exist(def 'Projectile_CrystallSparks')
01:20:39.559  WARNING| client: removing entity netId 17650 but it doesn't exist (def 'SpellAuraEntity')
01:20:42.588  WARNING| Client: received Entity sync notification #1 for entity with netId 17754, but entity doesn't exist(def 'Projectile_MacheteSmartRL2')
01:20:43.319  WARNING| Client: received Entity sync notification #1 for entity with netId 17787, but entity doesn't exist(def 'Projectile_MacheteSmartRL2')
01:20:44.048  WARNING| Client: received Entity sync notification #1 for entity with netId 17842, but entity doesn't exist(def 'Projectile_MacheteSmartRL2')
01:20:44.774  WARNING| Client: received Entity sync notification #1 for entity with netId 17876, but entity doesn't exist(def 'Projectile_MacheteSmartRL2')
01:20:45.505  WARNING| Client: received Entity sync notification #1 for entity with netId 17918, but entity doesn't exist(def 'Projectile_MacheteSmartRL2')
01:20:46.233  WARNING| Client: received Entity sync notification #1 for entity with netId 17967, but entity doesn't exist(def 'Projectile_MacheteSmartRL2')
01:20:46.962  WARNING| Client: received Entity sync notification #1 for entity with netId 18012, but entity doesn't exist(def 'Projectile_MacheteSmartRL2')
01:20:49.996  WARNING| Client: received Entity sync notification #1 for entity with netId 18202, but entity doesn't exist(def 'Projectile_MacheteSmartRL2')
01:20:50.731  WARNING| Client: received Entity sync notification #1 for entity with netId 18217, but entity doesn't exist(def 'Projectile_MacheteSmartRL2')
01:20:51.460  WARNING| Client: received Entity sync notification #1 for entity with netId 18233, but entity doesn't exist(def 'Projectile_MacheteSmartRL2')
01:20:53.650  WARNING| client: removing entity netId 18262 but it doesn't exist (def 'SpellAuraEntity')
01:21:07.458         | SpiralCrash: Module_VesselSwitch_Albiero, Player "Mo4e3aBp" with index 4 activates undocking
01:21:07.458  WARNING| Spell_VesselSwitch_Albiero: aura_param or aura_range is growing up but aura never ends
01:21:11.118         | SpiralCrash: Module_VesselSwitch_Albiero, Player "Mo4e3aBp" with index 4 switched from BIG to small ship
01:21:16.388  WARNING| Client: received Entity sync notification #1 for entity with netId 18604, but entity doesn't exist(def 'Projectile_MacheteSmartRL2')
01:21:17.847  WARNING| Client: received Entity sync notification #1 for entity with netId 18687, but entity doesn't exist(def 'Projectile_MacheteSmartRL2')
01:21:19.755  WARNING| Client: received Entity sync notification #1 for entity with netId 18781, but entity doesn't exist(def 'Projectile_MacheteSmartRL2')
01:21:21.099  WARNING| client: removing entity netId 18844 but it doesn't exist (def 'SpellAuraEntity')
01:21:21.105  WARNING| client: removing entity netId 18845 but it doesn't exist (def 'SpellAuraEntity')
01:21:21.780  WARNING| Client: received Entity sync notification #1 for entity with netId 18884, but entity doesn't exist(def 'Projectile_MacheteSmartRL2')
01:21:22.508  WARNING| Client: received Entity sync notification #1 for entity with netId 18927, but entity doesn't exist(def 'Projectile_MacheteSmartRL2')
01:21:23.244  WARNING| Client: received Entity sync notification #1 for entity with netId 18962, but entity doesn't exist(def 'Projectile_MacheteSmartRL2')
01:21:23.965  WARNING| Client: received Entity sync notification #1 for entity with netId 18983, but entity doesn't exist(def 'Projectile_MacheteSmartRL2')
01:21:29.294  WARNING| Client: received Entity sync notification #0 for entity with netId 19173, but entity doesn't exist(def 'Projectile_CarolCannon')
01:21:29.631  WARNING| Client: received Entity sync notification #0 for entity with netId 19185, but entity doesn't exist(def 'Projectile_CarolCannon')
01:21:33.227  WARNING| Client: received Entity sync notification #1 for entity with netId 19345, but entity doesn't exist(def 'Projectile_MacheteSmartRL2')
01:21:33.962  WARNING| Client: received Entity sync notification #1 for entity with netId 19372, but entity doesn't exist(def 'Projectile_MacheteSmartRL2')
01:21:34.696  WARNING| Client: received Entity sync notification #1 for entity with netId 19391, but entity doesn't exist(def 'Projectile_MacheteSmartRL2')
01:21:35.427  WARNING| Client: received Entity sync notification #1 for entity with netId 19413, but entity doesn't exist(def 'Projectile_MacheteSmartRL2')
01:21:39.072  WARNING| Client: received Entity sync notification #0 for entity with netId 19539, but entity doesn't exist(def 'Projectile_CarolCannon')
01:21:40.761  WARNING| Client: received Entity sync notification #0 for entity with netId 19626, but entity doesn't exist(def 'Projectile_CarolCannon')
01:22:03.830         | SpiralCrash: Module_VesselSwitchBack_Albiero, Player "Mo4e3aBp" with index 4 activates pre return
01:22:03.830  WARNING| Spell_VesselSwitch_Albiero: aura_param or aura_range is growing up but aura never ends
01:22:04.280         | SpiralCrash: Module_VesselSwitchBack_Albiero, Player "Mo4e3aBp" with index 4 switched from small to BIG ship
01:22:05.451  WARNING| client: removing entity netId 20530 but it doesn't exist (def 'SpellAuraEntity')
01:22:14.154  WARNING| Client: received Entity sync notification #1 for entity with netId 20855, but entity doesn't exist(def 'Projectile_MacheteSmartRL2')
01:22:14.883  WARNING| Client: received Entity sync notification #1 for entity with netId 20873, but entity doesn't exist(def 'Projectile_MacheteSmartRL2')
01:22:15.616  WARNING| Client: received Entity sync notification #1 for entity with netId 20892, but entity doesn't exist(def 'Projectile_MacheteSmartRL2')
01:22:16.339  WARNING| Client: received Entity sync notification #1 for entity with netId 20929, but entity doesn't exist(def 'Projectile_MacheteSmartRL2')
01:22:16.455  WARNING| client: removing entity netId 20935 but it doesn't exist (def 'SpellAuraEntity')
01:22:17.070  WARNING| Client: received Entity sync notification #1 for entity with netId 20968, but entity doesn't exist(def 'Projectile_MacheteSmartRL2')
01:22:17.799  WARNING| Client: received Entity sync notification #1 for entity with netId 20995, but entity doesn't exist(def 'Projectile_MacheteSmartRL2')
01:22:23.190  WARNING| client: removing entity netId 21296 but it doesn't exist (def 'SpellAuraEntity')
01:22:28.750  WARNING| m_bufferizedUICalls delivery took 5.1 ms
01:22:32.138  WARNING| Client: received Entity sync notification #1 for entity with netId 21829, but entity doesn't exist(def 'Projectile_MacheteSmartRL2')
01:22:32.867  WARNING| Client: received Entity sync notification #1 for entity with netId 21867, but entity doesn't exist(def 'Projectile_MacheteSmartRL2')
01:22:33.601  WARNING| Client: received Entity sync notification #1 for entity with netId 21901, but entity doesn't exist(def 'Projectile_MacheteSmartRL2')
01:22:34.331  WARNING| Client: received Entity sync notification #1 for entity with netId 21933, but entity doesn't exist(def 'Projectile_MacheteSmartRL2')
01:22:34.777  WARNING| client: removing entity netId 21959 but it doesn't exist (def 'SpellAuraEntity')
01:22:35.063  WARNING| Client: received Entity sync notification #1 for entity with netId 21971, but entity doesn't exist(def 'Projectile_MacheteSmartRL2')
01:22:35.786  WARNING| Client: received Entity sync notification #1 for entity with netId 22015, but entity doesn't exist(def 'Projectile_MacheteSmartRL2')
01:22:42.019  WARNING| script (ui\scripts\windows\hudincomingstates.lua@0): UI.HudIncomingStates:TryAddAuraRecord()[ERROR]: invalid type of the "isBuff" for spell Spell_AtlantaCPU_emp auraIdx 0; "boolean" expected, got "nil"
01:22:47.859  WARNING| client: removing entity netId 22598 but it doesn't exist (def 'SpellAuraEntity')
01:22:51.561  WARNING| client: removing entity netId 22756 but it doesn't exist (def 'SpellAuraEntity')
01:23:06.951  WARNING| client: removing entity netId 23575 but it doesn't exist (def 'SpellAuraEntity')
01:23:23.391  WARNING| client: removing entity netId 23909 but it doesn't exist (def 'SpellAuraEntity')
01:23:23.444  WARNING| client: removing entity netId 23910 but it doesn't exist (def 'SpellAuraEntity')
01:23:23.897  WARNING| client: removing entity netId 23913 but it doesn't exist (def 'SpellAuraEntity')
01:23:23.950  WARNING| client: removing entity netId 23914 but it doesn't exist (def 'SpellAuraEntity')
01:23:24.008  WARNING| client: removing entity netId 23915 but it doesn't exist (def 'SpellAuraEntity')
01:23:24.061  WARNING| client: removing entity netId 23917 but it doesn't exist (def 'SpellAuraEntity')
01:23:24.123  WARNING| client: removing entity netId 23918 but it doesn't exist (def 'SpellAuraEntity')
01:23:24.177  WARNING| client: removing entity netId 23919 but it doesn't exist (def 'SpellAuraEntity')
01:23:25.917  WARNING| client: removing entity netId 23963 but it doesn't exist (def 'SpellAuraEntity')
01:23:26.815  WARNING| script (ui\scripts\windows\hudincomingstates.lua@0): UI.HudIncomingStates:TryAddAuraRecord()[ERROR]: invalid type of the "isBuff" for spell Spell_AtlantaCPU_emp auraIdx 0; "boolean" expected, got "nil"
01:23:35.415  WARNING| client: removing entity netId 24379 but it doesn't exist (def 'SpellAuraEntity')
01:23:37.092         | SpiralCrash: Module_VesselSwitch_Albiero, Player "Mo4e3aBp" with index 4 activates undocking
01:23:37.151  WARNING| Spell_VesselSwitch_Albiero: aura_param or aura_range is growing up but aura never ends
01:24:40.395         | Environment setting 'factory_pirate_dreamland' loaded
01:25:28.490         | Environment setting 'factory_pirate_dreamland' loaded
01:25:41.102         | ReplayManager: replay (9.92Mb) is avaibalbe for downloading!
01:25:43.018         | nextRecheckOnDSFailure 131.516, vid 30471651
01:25:43.018         | nextRecheckOnDSFailure 131.516, vid 30738231
01:25:43.018         | nextRecheckOnDSFailure 131.516, vid 33052865
01:25:43.018         | nextRecheckOnDSFailure 131.516, vid 35328637
01:25:43.076  WARNING| m_bufferizedUICalls delivery took 59.2 ms
01:25:43.114         | Loot: Silver_Junk_T5_101: 1
01:25:43.475  WARNING| m_bufferizedUICalls delivery took 100.4 ms
01:25:43.485  WARNING| frame 1215220 gameGlobals.frameTimeReal is too large (0.103871)
01:25:43.808  WARNING| m_bufferizedUICalls delivery took 88.7 ms
01:25:44.692         | Loot: Silver_Junk_T5_3: 1
01:25:46.094         | Loot: Silver_Junk_T5_101: 1
01:25:47.382         | Loot: Silver_Junk_T5_3: 1
01:25:48.402         | Loot: Silver_Junk_T5_4: 1
01:25:52.212         | client: player 6 leave game
01:25:52.482         | client: avgPing 2.4/0.5; avgPacketLoss 0.0/0.0%; avgSnapshotLoss 0.0/0.0%, MTU 1492
01:25:52.482         | client: connection closed. DR_CLIENT_GAME_FINISHED
01:25:52.482         | Network stats (bytes per second): avg pushed 1556, max pushed 2540, avg sent 3094, max sent 5469, avg received 8594, max received 19702
01:25:52.550         | ReplayManager: stopping activity due to map change
01:25:52.558         | Peak entities: 2099
01:25:52.558         | Peak models: 799
01:25:52.563         | Peak geometries: 2375. Cur geometries: 366
01:25:52.823         | ====== starting level: 'levels\mainmenu\mm_alidium'  ======
01:25:52.859         | Remove autogen defs
01:25:52.859         | Remove autogen defs
01:25:52.865         | Environment setting 'mm_alidium' loaded
01:25:53.352         | ====== level started:  'levels\mainmenu\mm_alidium' success ======
01:25:53.352         | Environment setting 'mm_alidium' loaded
01:25:53.352         | Successfuly saved userdata (ver:164270) to server
01:25:53.367  WARNING| m_bufferizedUICalls delivery took 14.8 ms
01:25:53.439         | Successfuly saved userdata (ver:164271) to server
01:26:04.165  WARNING| m_bufferizedUICalls delivery took 8.9 ms
01:26:04.419         | Profile 'Pavel' saved successfully in 'c:\users\pavel\documents\my games\starconflict\profiles\0001.prfl'
01:26:06.804         | {
01:26:06.804         | 	"arcade": 1.000
01:26:06.804         | 	"region": 1.000
01:26:06.804         | }
01:26:07.598         | MasterServerEndpoint: enter matchmaking queue
01:26:07.598  WARNING| script (ui\scripts\public\uipublic.lua@0): ^5UI:MasterServer_OnEnterMMQueue
01:26:07.608  WARNING| m_bufferizedUICalls delivery took 9.5 ms
01:26:07.615         | Completed quest 512
01:26:07.615         | Completed quest 112
01:26:07.626  WARNING| m_bufferizedUICalls delivery took 11.7 ms
01:26:07.998         | Successfuly saved userdata (ver:164272) to server
01:26:08.065         | Successfuly saved userdata (ver:164273) to server
01:26:08.258  WARNING| script (ui\scripts\work\uigamefuncs.lua@0): UI:UpdateServerData_OnUserProfileUpdate: atlas update
01:26:08.301  WARNING| m_bufferizedUICalls delivery took 14.8 ms
01:26:25.813         | Completed quest 641
01:26:25.836  WARNING| m_bufferizedUICalls delivery took 22.9 ms
01:26:25.850         | Completed quest 512
01:26:25.896  WARNING| m_bufferizedUICalls delivery took 46.6 ms
01:26:26.284         | Successfuly saved userdata (ver:164274) to server
01:26:26.352         | Successfuly saved userdata (ver:164275) to server
01:26:26.471  WARNING| script (ui\scripts\work\uigamefuncs.lua@0): UI:UpdateServerData_OnUserProfileUpdate: atlas update
01:26:26.484  WARNING| m_bufferizedUICalls delivery took 14.1 ms
01:26:26.560         | Successfuly saved userdata (ver:164276) to server
01:26:26.627         | Successfuly saved userdata (ver:164277) to server
01:27:28.798  WARNING| m_bufferizedUICalls delivery took 5.4 ms
01:28:58.825  WARNING| m_bufferizedUICalls delivery took 5.3 ms
01:32:31.525         | SocialList: friend requests to me 1000550 added
01:33:28.898  WARNING| m_bufferizedUICalls delivery took 5.6 ms
01:42:20.970         | Player 3JIEKTPOTATAP (#1000550) has left squad
01:42:21.003         | MasterServerEndpoint: leave matchmaking queue
01:42:21.008  WARNING| m_bufferizedUICalls delivery took 5.7 ms
01:42:21.041         | MasterServerEndpoint: can't leave matchmaking queue
01:42:27.715         | disconnected from masterServer with reason 41
01:42:27.715         | Closed connection with masterServer addr 23.111.211.206:3802, reason 41
01:42:27.715         | Remove autogen defs
01:42:27.718         | MasterServer_RequestServerStatus
01:42:27.718         | MasterServer_RequestServerVersion
01:42:27.718         | MasterServer_RequestNewsFeed
01:42:27.718         | MasterServer_RequestServerAddresess
01:42:27.880         | MasterServer_OnServerStatus: status code 0, server status 1
01:42:27.880         | MasterServer_OnServerVersion: status code 0, version 1.14.06.166065
, my version is 1.14.06.166065
01:42:27.881         | MasterServer_OnServerAddresess: status code 0
01:42:28.291         | MasterServer_OnNewsFeed: status code 0
01:42:28.294         | Peak entities: 1154
01:42:28.294         | Remove autogen defs
01:42:28.310         | Peak models: 481
01:42:28.601         | Peak geometries: 1178. Cur geometries: 0
